Step,Obj_Name,Obj_X,Obj_Y,Deflection_dX,Max_Flow_Vel
0,FlexibleCantilever_0,200.0,151,0.0,0.07200000000000004
0,FlexibleCantilever_1,450.0,151,0.0,0.07200000000000004
0,FlexibleCantilever_2,700.0,151,0.0,0.07200000000000004
0,FlexibleCantilever_3,950.0,151,0.0,0.07200000000000004
20,FlexibleCantilever_0,205.34398020734022,151,5.343980207340232,0.102388865074422
20,FlexibleCantilever_1,455.3439802073402,151,5.343980207340232,0.102388865074422
20,FlexibleCantilever_2,705.3439802073402,151,5.343980207340232,0.102388865074422
20,FlexibleCantilever_3,955.3439802073402,151,5.343980207340232,0.102388865074422
40,FlexibleCantilever_0,237.4693148696034,151,37.469314869603416,0.09722734388029106
40,FlexibleCantilever_1,487.4693148696034,151,37.469314869603416,0.09722734388029106
40,FlexibleCantilever_2,737.4693148696034,151,37.469314869603416,0.09722734388029106
40,FlexibleCantilever_3,987.4693148696034,151,37.469314869603416,0.09722734388029106
60,FlexibleCantilever_0,255.4969229751282,151,55.49692297512821,0.09691007378904447
60,FlexibleCantilever_1,505.4969229751282,151,55.49692297512821,0.09691007378904447
60,FlexibleCantilever_2,755.4969229751282,151,55.49692297512821,0.09691007378904447
60,FlexibleCantilever_3,1005.4969229751282,151,55.49692297512821,0.09691007378904447
80,FlexibleCantilever_0,241.39202092822424,151,41.392020928224234,0.09775241221079908
80,FlexibleCantilever_1,491.3920209282242,151,41.392020928224234,0.09775241221079908
80,FlexibleCantilever_2,741.3920209282243,151,41.392020928224234,0.09775241221079908
80,FlexibleCantilever_3,991.3920209282243,151,41.392020928224234,0.09775241221079908
100,FlexibleCantilever_0,218.5061777774547,151,18.506177777454702,0.09765504527506844
100,FlexibleCantilever_1,468.5061777774547,151,18.506177777454702,0.09765504527506844
100,FlexibleCantilever_2,718.5061777774547,151,18.506177777454702,0.09765504527506844
100,FlexibleCantilever_3,968.5061777774547,151,18.506177777454702,0.09765504527506844
120,FlexibleCantilever_0,213.10692604745668,151,13.106926047456692,0.09753911510990519
120,FlexibleCantilever_1,463.1069260474567,151,13.106926047456692,0.09753911510990519
120,FlexibleCantilever_2,713.1069260474567,151,13.106926047456692,0.09753911510990519
120,FlexibleCantilever_3,963.1069260474567,151,13.106926047456692,0.09753911510990519
140,FlexibleCantilever_0,230.9046932685797,151,30.904693268579717,0.09756391176592961
140,FlexibleCantilever_1,480.9046932685797,151,30.904693268579717,0.09756391176592961
140,FlexibleCantilever_2,730.9046932685798,151,30.904693268579717,0.09756391176592961
140,FlexibleCantilever_3,980.9046932685798,151,30.904693268579717,0.09756391176592961
160,FlexibleCantilever_0,262.9181890992123,151,62.918189099212306,0.0975654268845698
160,FlexibleCantilever_1,512.9181890992123,151,62.918189099212306,0.0975654268845698
160,FlexibleCantilever_2,762.9181890992123,151,62.918189099212306,0.0975654268845698
160,FlexibleCantilever_3,1012.9181890992123,151,62.918189099212306,0.0975654268845698
180,FlexibleCantilever_0,275.0,151,75.0,0.09755638572940564
180,FlexibleCantilever_1,525.0,151,75.0,0.09755638572940564
180,FlexibleCantilever_2,775.0,151,75.0,0.09755638572940564
180,FlexibleCantilever_3,1025.0,151,75.0,0.09755638572940564
200,FlexibleCantilever_0,273.5343103262035,151,73.53431032620354,0.09755926710169194
200,FlexibleCantilever_1,523.5343103262035,151,73.5343103262035,0.09755926710169194
200,FlexibleCantilever_2,773.5343103262035,151,73.5343103262035,0.09755926710169194
200,FlexibleCantilever_3,1023.534310326205,151,73.53431032620493,0.09755926710169194
220,FlexibleCantilever_0,246.5375234360962,151,46.53752343609621,0.0975594513400971
220,FlexibleCantilever_1,496.53752343609597,151,46.537523436095974,0.0975594513400971
220,FlexibleCantilever_2,746.537523436096,151,46.537523436095974,0.0975594513400971
220,FlexibleCantilever_3,996.5375234361262,151,46.53752343612617,0.0975594513400971
240,FlexibleCantilever_0,209.2172348314684,151,9.21723483146839,0.09755835195502055
240,FlexibleCantilever_1,459.21723483147804,151,9.217234831478036,0.09755835195502055
240,FlexibleCantilever_2,709.217234831478,151,9.217234831478036,0.09755835195502055
240,FlexibleCantilever_3,959.2172348315095,151,9.217234831509508,0.09755835195502055
260,FlexibleCantilever_0,186.7015107173999,151,-13.298489282600086,0.09755824873222457
260,FlexibleCantilever_1,436.70151071741554,151,-13.298489282584427,0.09755824873222457
260,FlexibleCantilever_2,686.7015107174155,151,-13.298489282584427,0.09755824873222457
260,FlexibleCantilever_3,936.7015107174202,151,-13.298489282579766,0.09755824873222457
280,FlexibleCantilever_0,191.5326374317594,151,-8.467362568240588,0.0975579322423349
280,FlexibleCantilever_1,441.5326374321093,151,-8.467362567890678,0.0975579322423349
280,FlexibleCantilever_2,691.5326374321094,151,-8.467362567890678,0.0975579322423349
280,FlexibleCantilever_3,941.5326374320833,151,-8.467362567916712,0.0975579322423349
300,FlexibleCantilever_0,233.04315617724404,151,33.04315617724403,0.09755752449310948
300,FlexibleCantilever_1,483.04315626956645,151,33.04315626956647,0.09755752449310948
300,FlexibleCantilever_2,733.0431562695665,151,33.04315626956647,0.09755752449310948
300,FlexibleCantilever_3,983.0431562708338,151,33.04315627083379,0.09755752449310948
320,FlexibleCantilever_0,275.0,151,75.0,0.09755725586191866
320,FlexibleCantilever_1,525.0,151,75.0,0.09755725586191866
320,FlexibleCantilever_2,775.0,151,75.0,0.09755725586191866
320,FlexibleCantilever_3,1025.0,151,75.0,0.09755725586191866
340,FlexibleCantilever_0,263.80868948719836,151,63.80868948719837,0.09755699577149028
340,FlexibleCantilever_1,513.7818640489346,151,63.78186404893462,0.09755699577149028
340,FlexibleCantilever_2,763.7818640489346,151,63.78186404893462,0.09755699577149028
340,FlexibleCantilever_3,1023.0445807972096,151,73.04458079720958,0.09755699577149028
360,FlexibleCantilever_0,209.4882939094125,151,9.488293909412501,0.09755674848490392
360,FlexibleCantilever_1,458.8169200240405,151,8.816920024040495,0.09755674848490392
360,FlexibleCantilever_2,708.8169200240405,151,8.816920024040495,0.09755674848490392
360,FlexibleCantilever_3,988.3481367838137,151,38.34813678381379,0.09755674848490392
380,FlexibleCantilever_0,157.5188271260838,151,-42.4811728739162,0.09755653556348316
380,FlexibleCantilever_1,404.5204020874261,151,-45.47959791257394,0.09755653556348316
380,FlexibleCantilever_2,654.5204020874261,151,-45.47959791257394,0.09755653556348316
380,FlexibleCantilever_3,939.8032028529459,151,-10.196797147054141,0.09755653556348316
400,FlexibleCantilever_0,144.86253786104513,151,-55.13746213895487,0.09755634591326315
400,FlexibleCantilever_1,402.7325257893656,151,-47.26747421063443,0.09755634591326315
400,FlexibleCantilever_2,652.7325257893656,151,-47.26747421063443,0.09755634591326315
400,FlexibleCantilever_3,905.1007978236981,151,-44.89920217630185,0.09755634591326315
420,FlexibleCantilever_0,181.00347381641777,151,-18.996526183582237,0.09755617551685937
420,FlexibleCantilever_1,451.137035334358,151,1.1370353343580426,0.09755617551685937
420,FlexibleCantilever_2,701.1370353343581,151,1.1370353343580426,0.09755617551685937
420,FlexibleCantilever_3,909.6766046282459,151,-40.32339537175415,0.09755617551685937
440,FlexibleCantilever_0,238.3156024342822,151,38.31560243428221,0.09738963100005579
440,FlexibleCantilever_1,485.68449080442633,151,35.68449080442635,0.09738963100005579
440,FlexibleCantilever_2,735.6844908044263,151,35.68449080442635,0.09738963100005579
440,FlexibleCantilever_3,946.8083378924845,151,-3.19166210751554,0.09738963100005579
460,FlexibleCantilever_0,260.48388807996355,151,60.483888079963556,0.09193109075632172
460,FlexibleCantilever_1,464.69575931934776,151,14.695759319347761,0.09193109075632172
460,FlexibleCantilever_2,714.6957593193478,151,14.695759319347781,0.09193109075632172
460,FlexibleCantilever_3,981.7925899931563,151,31.79258999315631,0.09193109075632172
480,FlexibleCantilever_0,228.11966741397163,151,28.11966741397162,0.09895395360278567
480,FlexibleCantilever_1,409.9195958316499,151,-40.08040416835016,0.09895395360278567
480,FlexibleCantilever_2,659.9195958316499,151,-40.08040416835018,0.09895395360278567
480,FlexibleCantilever_3,973.4434708646726,151,23.44347086467262,0.09895395360278567
500,FlexibleCantilever_0,173.88622201233903,151,-26.113777987660956,0.09717186662795277
500,FlexibleCantilever_1,389.70333563985594,151,-60.29666436014406,0.09717186662795277
500,FlexibleCantilever_2,639.7033356398479,151,-60.29666436015211,0.09717186662795277
500,FlexibleCantilever_3,930.7232761771656,151,-19.27672382283439,0.09717186662795277
520,FlexibleCantilever_0,144.75942012011052,151,-55.240579879889495,0.10038712692118619
520,FlexibleCantilever_1,419.6823632434502,151,-30.31763675654981,0.10038712692118619
520,FlexibleCantilever_2,669.6823632433864,151,-30.317636756613616,0.10038712692118619
520,FlexibleCantilever_3,896.9722632859826,151,-53.027736714017394,0.10038712692118619
540,FlexibleCantilever_0,163.66598443510628,151,-36.334015564893726,0.09767927307588052
540,FlexibleCantilever_1,467.52124819632485,151,17.52124819632484,0.09767927307588052
540,FlexibleCantilever_2,717.5212481962551,151,17.521248196255083,0.09767927307588052
540,FlexibleCantilever_3,904.6335266424389,151,-45.36647335756109,0.09767927307588052
560,FlexibleCantilever_0,212.15134930941443,151,12.151349309414439,0.09766604456939836
560,FlexibleCantilever_1,475.32252767728033,151,25.32252767728036,0.09766604456939836
560,FlexibleCantilever_2,725.3225276772657,151,25.322527677265757,0.09766604456939836
560,FlexibleCantilever_3,946.1406181706117,151,-3.8593818293883198,0.09766604456939836
580,FlexibleCantilever_0,246.5839116243891,151,46.58391162438908,0.09868920044837061
580,FlexibleCantilever_1,446.4782287035622,151,-3.521771296437829,0.09868920044837061
580,FlexibleCantilever_2,696.4782287035785,151,-3.5217712964215853,0.09868920044837061
580,FlexibleCantilever_3,981.0493020853074,151,31.049302085307403,0.09868920044837061
600,FlexibleCantilever_0,236.31283152697222,151,36.31283152697223,0.09610773117903255
600,FlexibleCantilever_1,409.5088535299355,151,-40.49114647006452,0.09610773117903255
600,FlexibleCantilever_2,659.5088539888698,151,-40.49114601113023,0.09610773117903255
600,FlexibleCantilever_3,976.1540719201784,151,26.1540719201784,0.09610773117903255
620,FlexibleCantilever_0,195.067417980546,151,-4.932582019454005,0.10066595688229409
620,FlexibleCantilever_1,410.45712918909436,151,-39.542870810905626,0.10066595688229409
620,FlexibleCantilever_2,660.4594635518437,151,-39.540536448156324,0.10066595688229409
620,FlexibleCantilever_3,942.7334615848986,151,-7.266538415101405,0.10066595688229409
640,FlexibleCantilever_0,161.66965666708904,151,-38.33034333291097,0.10383625214159876
640,FlexibleCantilever_1,447.91267178871436,151,-2.08732821128565,0.10383625214159876
640,FlexibleCantilever_2,697.9178379715177,151,-2.0821620284823905,0.10383625214159876
640,FlexibleCantilever_3,914.879808092255,151,-35.120191907745,0.10383625214159876
660,FlexibleCantilever_0,152.52114514913708,151,-47.478854850862916,0.10013526968426055
660,FlexibleCantilever_1,483.0764155527462,151,33.0764155527462,0.10013526968426055
660,FlexibleCantilever_2,733.1510092173512,151,33.15100921735116,0.10013526968426055
660,FlexibleCantilever_3,922.61775740356,151,-27.382242596440058,0.10013526968426055
680,FlexibleCantilever_0,175.43235196670815,151,-24.56764803329185,0.09812618242079525
680,FlexibleCantilever_1,477.4868815098696,151,27.486881509869605,0.09812618242079525
680,FlexibleCantilever_2,729.5947063359796,151,29.59470633597961,0.09812618242079525
680,FlexibleCantilever_3,957.2913996169412,151,7.291399616941239,0.09812618242079525
700,FlexibleCantilever_0,224.53541855695437,151,24.53541855695438,0.0970757722078868
700,FlexibleCantilever_1,436.74208860563766,151,-13.257911394362331,0.0970757722078868
700,FlexibleCantilever_2,692.2427030345839,151,-7.757296965416146,0.0970757722078868
700,FlexibleCantilever_3,983.7146381385761,151,33.714638138576134,0.0970757722078868
720,FlexibleCantilever_0,274.4739780066304,151,74.47397800663038,0.0985833056894237
720,FlexibleCantilever_1,402.37293018688183,151,-47.62706981311816,0.0985833056894237
720,FlexibleCantilever_2,656.7466105814809,151,-43.25338941851906,0.0985833056894237
720,FlexibleCantilever_3,976.4432982093787,151,26.443298209378707,0.0985833056894237
740,FlexibleCantilever_0,274.9922571172856,151,74.99225711728556,0.09985155187570181
740,FlexibleCantilever_1,403.1359990370954,151,-46.86400096290458,0.09985155187570181
740,FlexibleCantilever_2,654.8216944634955,151,-45.17830553650442,0.09985155187570181
740,FlexibleCantilever_3,945.1060722055928,151,-4.893927794407226,0.09985155187570181
760,FlexibleCantilever_0,257.46486383350083,151,57.46486383350085,0.102128505328522
760,FlexibleCantilever_1,440.4395138096988,151,-9.560486190301198,0.102128505328522
760,FlexibleCantilever_2,688.7819390620317,151,-11.218060937968254,0.102128505328522
760,FlexibleCantilever_3,921.8311144345254,151,-28.168885565474643,0.102128505328522
780,FlexibleCantilever_0,224.46479769537223,151,24.46479769537223,0.10389783546749097
780,FlexibleCantilever_1,491.49264892132004,151,41.49264892132004,0.10389783546749097
780,FlexibleCantilever_2,738.0483912186061,151,38.04839121860609,0.10389783546749097
780,FlexibleCantilever_3,924.4370044628245,151,-25.56299553717559,0.10389783546749097
800,FlexibleCantilever_0,198.6264546769008,151,-1.3735453230992043,0.10118716557383516
800,FlexibleCantilever_1,518.6268968408546,151,68.62689684085457,0.10118716557383516
800,FlexibleCantilever_2,764.4774142046219,151,64.477414204622,0.10118716557383516
800,FlexibleCantilever_3,950.0383618109208,151,0.038361810920807704,0.10118716557383516
820,FlexibleCantilever_0,198.74277662834805,151,-1.257223371651955,0.10287250915623353
820,FlexibleCantilever_1,494.85606530951407,151,44.85606530951405,0.10287250915623353
820,FlexibleCantilever_2,744.3483554295299,151,44.34835542952987,0.10287250915623353
820,FlexibleCantilever_3,983.6207701813563,151,33.62077018135629,0.10287250915623353
840,FlexibleCantilever_0,233.57089267599542,151,33.57089267599541,0.09889590515059617
840,FlexibleCantilever_1,449.8240512148644,151,-0.17594878513555967,0.09889590515059617
840,FlexibleCantilever_2,705.4148973184383,151,5.414897318438294,0.09889590515059617
840,FlexibleCantilever_3,1003.8823602056689,151,53.88236020566884,0.09889590515059617
860,FlexibleCantilever_0,272.8817800534,151,72.88178005340004,0.10228651902953986
860,FlexibleCantilever_1,424.05822256913837,151,-25.941777430861663,0.10228651902953986
860,FlexibleCantilever_2,684.8507388742748,151,-15.149261125725204,0.10228651902953986
860,FlexibleCantilever_3,993.1429500127438,151,43.14295001274379,0.10228651902953986
880,FlexibleCantilever_0,265.5834914233718,151,65.58349142337181,0.10763563694283192
880,FlexibleCantilever_1,425.22681203503817,151,-24.77318796496186,0.10763563694283192
880,FlexibleCantilever_2,699.9457990490794,151,-0.0542009509205843,0.10763563694283192
880,FlexibleCantilever_3,956.4352728082567,151,6.435272808256798,0.10763563694283192
900,FlexibleCantilever_0,221.49517227773146,151,21.49517227773146,0.10508978300790175
900,FlexibleCantilever_1,455.2290054890669,151,5.2290054890669,0.10508978300790175
900,FlexibleCantilever_2,739.7436562321124,151,39.74365623211241,0.10508978300790175
900,FlexibleCantilever_3,922.7446952170683,151,-27.25530478293169,0.10508978300790175
920,FlexibleCantilever_0,183.3968002392028,151,-16.603199760797196,0.09996855594495352
920,FlexibleCantilever_1,507.0233443004843,151,57.02334430048433,0.09996855594495352
920,FlexibleCantilever_2,762.5542415226425,151,62.554241522642585,0.09996855594495352
920,FlexibleCantilever_3,915.1018517173204,151,-34.89814828267959,0.09996855594495352
940,FlexibleCantilever_0,169.53821632878694,151,-30.461783671213052,0.10373297645900091
940,FlexibleCantilever_1,520.614583771275,151,70.61458377127495,0.10373297645900091
940,FlexibleCantilever_2,741.2095080439695,151,41.209508043969535,0.10373297645900091
940,FlexibleCantilever_3,936.8845119672897,151,-13.115488032710394,0.10373297645900091
960,FlexibleCantilever_0,182.20068795651275,151,-17.799312043487255,0.10231224239673509
960,FlexibleCantilever_1,476.3563230966012,151,26.3563230966012,0.10231224239673509
960,FlexibleCantilever_2,694.6545799795962,151,-5.345420020403868,0.10231224239673509
960,FlexibleCantilever_3,973.9064840625892,151,23.906484062589254,0.10231224239673509
980,FlexibleCantilever_0,222.76096134270466,151,22.760961342704665,0.10591973109370163
980,FlexibleCantilever_1,417.7011720872425,151,-32.29882791275749,0.10591973109370163
980,FlexibleCantilever_2,660.7543508944722,151,-39.24564910552781,0.10591973109370163
980,FlexibleCantilever_3,999.2014710257611,151,49.20147102576112,0.10591973109370163
1000,FlexibleCantilever_0,261.6969963642622,151,61.69699636426221,0.11130363161604832
1000,FlexibleCantilever_1,394.03088156035983,151,-55.96911843964015,0.11130363161604832
1000,FlexibleCantilever_2,662.2539311969516,151,-37.74606880304835,0.11130363161604832
1000,FlexibleCantilever_3,994.1307195630527,151,44.130719563052715,0.11130363161604832
1020,FlexibleCantilever_0,262.3672322465899,151,62.36723224658986,0.10655269526766721
1020,FlexibleCantilever_1,425.2938577529112,151,-24.706142247088813,0.10655269526766721
1020,FlexibleCantilever_2,697.4767421096352,151,-2.5232578903647425,0.10655269526766721
1020,FlexibleCantilever_3,957.8665994500942,151,7.866599450094196,0.10655269526766721
1040,FlexibleCantilever_0,218.28693862543486,151,18.286938625434857,0.10111779919116208
1040,FlexibleCantilever_1,483.08239707868825,151,33.082397078688274,0.10111779919116208
1040,FlexibleCantilever_2,738.9784384567222,151,38.978438456722195,0.10111779919116208
1040,FlexibleCantilever_3,920.0913943856183,151,-29.908605614381667,0.10111779919116208
1060,FlexibleCantilever_0,163.51568172342445,151,-36.484318276575536,0.10627519765756574
1060,FlexibleCantilever_1,513.6305932817141,151,63.6305932817141,0.10627519765756574
1060,FlexibleCantilever_2,748.4119152236631,151,48.41191522366313,0.10627519765756574
1060,FlexibleCantilever_3,910.735127320557,151,-39.26487267944295,0.10627519765756574
1080,FlexibleCantilever_0,146.3931690665787,151,-53.60683093342128,0.11163617276611272
1080,FlexibleCantilever_1,491.9709430368841,151,41.970943036884094,0.11163617276611272
1080,FlexibleCantilever_2,713.7936260864731,151,13.793626086473113,0.11163617276611272
1080,FlexibleCantilever_3,937.3403395075211,151,-12.659660492478949,0.11163617276611272
1100,FlexibleCantilever_0,176.7583047693115,151,-23.241695230688496,0.10846009827972265
1100,FlexibleCantilever_1,438.64182635415204,151,-11.358173645847966,0.10846009827972265
1100,FlexibleCantilever_2,665.0728139857299,151,-34.927186014270085,0.10846009827972265
1100,FlexibleCantilever_3,978.1528471926406,151,28.152847192640568,0.10846009827972265
1120,FlexibleCantilever_0,226.93572350863693,151,26.935723508636926,0.10232389550181803
1120,FlexibleCantilever_1,399.1502793897552,151,-50.84972061024479,0.10232389550181803
1120,FlexibleCantilever_2,646.6508278710054,151,-53.3491721289946,0.10232389550181803
1120,FlexibleCantilever_3,997.0330452190415,151,47.03304521904145,0.10232389550181803
1140,FlexibleCantilever_0,250.7584314318993,151,50.758431431899304,0.10442421267559732
1140,FlexibleCantilever_1,410.68350344107824,151,-39.31649655892174,0.10442421267559732
1140,FlexibleCantilever_2,675.8007007052877,151,-24.19929929471234,0.10442421267559732
1140,FlexibleCantilever_3,976.8733252996442,151,26.873325299644183,0.10442421267559732
1160,FlexibleCantilever_0,225.42711073517654,151,25.427110735176537,0.10375594800838664
1160,FlexibleCantilever_1,459.24553151440324,151,9.245531514403265,0.10375594800838664
1160,FlexibleCantilever_2,724.6715857925221,151,24.671585792522087,0.10375594800838664
1160,FlexibleCantilever_3,933.7919232336419,151,-16.208076766358083,0.10375594800838664
1180,FlexibleCantilever_0,185.23597768182435,151,-14.764022318175652,0.09971643619055216
1180,FlexibleCantilever_1,500.11161668143234,151,50.111616681432345,0.09971643619055216
1180,FlexibleCantilever_2,741.640248678496,151,41.640248678496036,0.09971643619055216
1180,FlexibleCantilever_3,903.2779906663015,151,-46.7220093336985,0.09971643619055216
1200,FlexibleCantilever_0,164.97704374150524,151,-35.02295625849475,0.10311554143047826
1200,FlexibleCantilever_1,495.6343717938436,151,45.634371793843606,0.10311554143047826
1200,FlexibleCantilever_2,711.5432591325813,151,11.543259132581307,0.10311554143047826
1200,FlexibleCantilever_3,910.8538661549564,151,-39.14613384504353,0.10311554143047826
1220,FlexibleCantilever_0,175.58515322705236,151,-24.41484677294765,0.10175239994828182
1220,FlexibleCantilever_1,450.99807729715303,151,0.9980772971530376,0.10175239994828182
1220,FlexibleCantilever_2,664.6191841862118,151,-35.380815813788246,0.10175239994828182
1220,FlexibleCantilever_3,950.6645715824269,151,0.6645715824269431,0.10175239994828182
1240,FlexibleCantilever_0,211.59837539587866,151,11.598375395878652,0.1036968391883242
1240,FlexibleCantilever_1,402.1689961112052,151,-47.831003888794804,0.1036968391883242
1240,FlexibleCantilever_2,649.8729893359716,151,-50.12701066402834,0.1036968391883242
1240,FlexibleCantilever_3,983.9072750728574,151,33.90727507285742,0.1036968391883242
1260,FlexibleCantilever_0,238.1145953852224,151,38.114595385222394,0.10544062743522992
1260,FlexibleCantilever_1,393.84490969031066,151,-56.15509030968936,0.10544062743522992
1260,FlexibleCantilever_2,684.7228542977473,151,-15.277145702252724,0.10544062743522992
1260,FlexibleCantilever_3,982.4738078875573,151,32.473807887557335,0.10544062743522992
1280,FlexibleCantilever_0,238.60448117969938,151,38.60448117969938,0.10784858652922294
1280,FlexibleCantilever_1,428.10430061980765,151,-21.895699380192372,0.10784858652922294
1280,FlexibleCantilever_2,726.9781265447486,151,26.97812654474865,0.10784858652922294
1280,FlexibleCantilever_3,946.4290993939973,151,-3.570900606002764,0.10784858652922294
1300,FlexibleCantilever_0,219.34273244661793,151,19.342732446617934,0.10625561895358879
1300,FlexibleCantilever_1,477.9629051277065,151,27.96290512770652,0.10625561895358879
1300,FlexibleCantilever_2,732.8943510259494,151,32.89435102594937,0.10625561895358879
1300,FlexibleCantilever_3,908.8040094126076,151,-41.195990587392416,0.10625561895358879
1320,FlexibleCantilever_0,202.78268050502473,151,2.7826805050247367,0.10242639200730996
1320,FlexibleCantilever_1,504.52602135560534,151,54.52602135560535,0.10242639200730996
1320,FlexibleCantilever_2,699.8551606064788,151,-0.14483939352124198,0.10242639200730996
1320,FlexibleCantilever_3,901.4750907982088,151,-48.52490920179111,0.10242639200730996
1340,FlexibleCantilever_0,200.7520712583853,151,0.7520712583853252,0.10972680437642382
1340,FlexibleCantilever_1,495.93894773395897,151,45.93894773395897,0.10972680437642382
1340,FlexibleCantilever_2,667.6125313421368,151,-32.38746865786319,0.10972680437642382
1340,FlexibleCantilever_3,930.2140166807364,151,-19.78598331926354,0.10972680437642382
1360,FlexibleCantilever_0,216.66276267009317,151,16.662762670093176,0.1083641771337121
1360,FlexibleCantilever_1,462.60699104451055,151,12.606991044510533,0.1083641771337121
1360,FlexibleCantilever_2,667.4986578076001,151,-32.50134219239992,0.1083641771337121
1360,FlexibleCantilever_3,976.0217348065996,151,26.021734806599575,0.1083641771337121
1380,FlexibleCantilever_0,232.71206012988682,151,32.71206012988683,0.10906032358644775
1380,FlexibleCantilever_1,425.3816057947128,151,-24.618394205287174,0.10906032358644775
1380,FlexibleCantilever_2,700.0062961223845,151,0.006296122384502834,0.10906032358644775
1380,FlexibleCantilever_3,1001.4290369047541,151,51.42903690475409,0.10906032358644775
1400,FlexibleCantilever_0,236.39028544199934,151,36.390285441999346,0.11425204687952177
1400,FlexibleCantilever_1,410.37824189644084,151,-39.62175810355918,0.11425204687952177
1400,FlexibleCantilever_2,738.0619437696602,151,38.0619437696602,0.11425204687952177
1400,FlexibleCantilever_3,985.0915382877752,151,35.09153828777522,0.11425204687952177
1420,FlexibleCantilever_0,226.1153776048199,151,26.115377604819912,0.10960346702478511
1420,FlexibleCantilever_1,429.0615812777845,151,-20.938418722215513,0.10960346702478511
1420,FlexibleCantilever_2,748.6599581497667,151,48.65995814976668,0.10960346702478511
1420,FlexibleCantilever_3,943.3217075757502,151,-6.678292424249818,0.10960346702478511
1440,FlexibleCantilever_0,209.4625847775837,151,9.462584777583698,0.11201347398547855
1440,FlexibleCantilever_1,479.32966133537275,151,29.329661335372737,0.11201347398547855
1440,FlexibleCantilever_2,726.3466238567032,151,26.34662385670323,0.11201347398547855
1440,FlexibleCantilever_3,912.0333433204531,151,-37.96665667954687,0.11201347398547855
1460,FlexibleCantilever_0,199.54869119547965,151,-0.45130880452036337,0.11272467384567927
1460,FlexibleCantilever_1,525.0,151,75.0,0.11272467384567927
1460,FlexibleCantilever_2,694.742087919797,151,-5.257912080203035,0.11272467384567927
1460,FlexibleCantilever_3,918.1898752939819,151,-31.810124706018144,0.11272467384567927
1480,FlexibleCantilever_0,208.7630169736311,151,8.7630169736311,0.1095163924044725
1480,FlexibleCantilever_1,523.0286766653796,151,73.02867666537962,0.1095163924044725
1480,FlexibleCantilever_2,681.5314270165514,151,-18.468572983448595,0.1095163924044725
1480,FlexibleCantilever_3,954.5249950675505,151,4.524995067550549,0.1095163924044725
1500,FlexibleCantilever_0,229.2671803533854,151,29.267180353385417,0.10937248970667839
1500,FlexibleCantilever_1,488.38223787756056,151,38.38223787756053,0.10937248970667839
1500,FlexibleCantilever_2,690.2118077018704,151,-9.788192298129653,0.10937248970667839
1500,FlexibleCantilever_3,994.3329009587659,151,44.33290095876584,0.10937248970667839
1520,FlexibleCantilever_0,236.72189972816153,151,36.72189972816154,0.11283577534432046
1520,FlexibleCantilever_1,439.3532944037601,151,-10.646705596239883,0.11283577534432046
1520,FlexibleCantilever_2,721.2676904293334,151,21.267690429333378,0.11283577534432046
1520,FlexibleCantilever_3,1001.3857277064574,151,51.385727706457416,0.11283577534432046
1540,FlexibleCantilever_0,222.55080746314135,151,22.550807463141354,0.11489304344460362
1540,FlexibleCantilever_1,407.2844138085385,151,-42.71558619146151,0.11489304344460362
1540,FlexibleCantilever_2,754.6888905217713,151,54.68889052177136,0.11489304344460362
1540,FlexibleCantilever_3,967.786655784416,151,17.786655784415956,0.11489304344460362
1560,FlexibleCantilever_0,194.98011183489584,151,-5.019888165104151,0.105855381270439
1560,FlexibleCantilever_1,410.32559242320275,151,-39.674407576797265,0.105855381270439
1560,FlexibleCantilever_2,759.9474950658255,151,59.947495065825464,0.105855381270439
1560,FlexibleCantilever_3,921.282749182854,151,-28.71725081714601,0.105855381270439
1580,FlexibleCantilever_0,177.27713457993028,151,-22.722865420069727,0.1124699961779284
1580,FlexibleCantilever_1,446.902172409188,151,-3.09782759081201,0.1124699961779284
1580,FlexibleCantilever_2,730.8632899229633,151,30.863289922963254,0.1124699961779284
1580,FlexibleCantilever_3,900.059382561144,151,-49.940617438855895,0.1124699961779284
1600,FlexibleCantilever_0,189.3973970428785,151,-10.602602957121482,0.10752265028755456
1600,FlexibleCantilever_1,504.4245586762398,151,54.42455867623981,0.10752265028755456
1600,FlexibleCantilever_2,696.7889971838239,151,-3.211002816176099,0.10752265028755456
1600,FlexibleCantilever_3,921.6782514453558,151,-28.321748554644152,0.10752265028755456
1620,FlexibleCantilever_0,221.56985356247878,151,21.569853562478777,0.11990506092727492
1620,FlexibleCantilever_1,524.8193329888143,151,74.81933298881428,0.11990506092727492
1620,FlexibleCantilever_2,683.0180226259358,151,-16.98197737406422,0.11990506092727492
1620,FlexibleCantilever_3,970.6743554656175,151,20.674355465617495,0.11990506092727492
1640,FlexibleCantilever_0,242.40589795727064,151,42.40589795727063,0.11613646390083454
1640,FlexibleCantilever_1,491.30264095982886,151,41.302640959828885,0.11613646390083454
1640,FlexibleCantilever_2,694.9653002337329,151,-5.034699766267038,0.11613646390083454
1640,FlexibleCantilever_3,1004.0330527507799,151,54.03305275077995,0.11613646390083454
1660,FlexibleCantilever_0,228.14593081147623,151,28.145930811476223,0.11642027722516717
1660,FlexibleCantilever_1,437.1986117280417,151,-12.801388271958253,0.11642027722516717
1660,FlexibleCantilever_2,733.5154683635562,151,33.515468363556266,0.11642027722516717
1660,FlexibleCantilever_3,988.6461931158627,151,38.646193115862694,0.11642027722516717
1680,FlexibleCantilever_0,191.04186694224632,151,-8.958133057753678,0.11184212991148605
1680,FlexibleCantilever_1,403.6995194650765,151,-46.30048053492351,0.11184212991148605
1680,FlexibleCantilever_2,765.2156390691487,151,65.21563906914866,0.11184212991148605
1680,FlexibleCantilever_3,938.8347768795048,151,-11.165223120495213,0.11184212991148605
1700,FlexibleCantilever_0,164.31500346355182,151,-35.68499653644818,0.10742585830943305
1700,FlexibleCantilever_1,414.24287352628596,151,-35.75712647371404,0.10742585830943305
1700,FlexibleCantilever_2,754.5280242872907,151,54.528024287290705,0.10742585830943305
1700,FlexibleCantilever_3,897.7186910502015,151,-52.2813089497985,0.10742585830943305
1720,FlexibleCantilever_0,171.96525163391905,151,-28.034748366080958,0.14894892934486562
1720,FlexibleCantilever_1,460.93624882265533,151,10.936248822655333,0.14894892934486562
1720,FlexibleCantilever_2,706.1228323540817,151,6.122832354081687,0.14894892934486562
1720,FlexibleCantilever_3,903.5497820430569,151,-46.45021795694307,0.14894892934486562
1740,FlexibleCantilever_0,206.52853439812404,151,6.528534398124041,0.1319646443068443
1740,FlexibleCantilever_1,507.59530588246395,151,57.595305882463954,0.1319646443068443
1740,FlexibleCantilever_2,658.9452262074839,151,-41.054773792516116,0.1319646443068443
1740,FlexibleCantilever_3,951.1571644889026,151,1.1571644889025756,0.1319646443068443
1760,FlexibleCantilever_0,232.08871803885893,151,32.08871803885893,0.12609874336911386
1760,FlexibleCantilever_1,503.8539311289129,151,53.85393112891292,0.12609874336911386
1760,FlexibleCantilever_2,647.1441540672954,151,-52.8558459327046,0.12609874336911386
1760,FlexibleCantilever_3,996.9018708837959,151,46.901870883795986,0.12609874336911386
1780,FlexibleCantilever_0,219.74547718263491,151,19.745477182634907,0.1270898066615197
1780,FlexibleCantilever_1,451.1982042459045,151,1.1982042459045075,0.1270898066615197
1780,FlexibleCantilever_2,684.7131331805859,151,-15.286866819414037,0.1270898066615197
1780,FlexibleCantilever_3,999.8714831799043,151,49.87148317990433,0.1270898066615197
1800,FlexibleCantilever_0,173.69768537236968,151,-26.302314627630334,0.12981244824363092
1800,FlexibleCantilever_1,402.1325333960291,151,-47.867466603970904,0.12981244824363092
1800,FlexibleCantilever_2,745.7064750293865,151,45.706475029386475,0.12981244824363092
1800,FlexibleCantilever_3,958.262495070683,151,8.262495070683025,0.12981244824363092
1820,FlexibleCantilever_0,146.28934003938707,151,-53.71065996061294,0.10920733817218328
1820,FlexibleCantilever_1,403.7960313776938,151,-46.20396862230619,0.10920733817218328
1820,FlexibleCantilever_2,775.0,151,75.0,0.10920733817218328
1820,FlexibleCantilever_3,907.5844728625336,151,-42.41552713746635,0.10920733817218328
1840,FlexibleCantilever_0,170.51941961995036,151,-29.480580380049652,0.13302704686311
1840,FlexibleCantilever_1,452.22423281206176,151,2.2242328120617625,0.13302704686311
1840,FlexibleCantilever_2,744.6193342099602,151,44.61933420996019,0.13302704686311
1840,FlexibleCantilever_3,891.5586404026714,151,-58.441359597328606,0.13302704686311
1860,FlexibleCantilever_0,223.95937118436214,151,23.959371184362137,0.1307150918952098
1860,FlexibleCantilever_1,497.56120266672644,151,47.561202666726444,0.1307150918952098
1860,FlexibleCantilever_2,678.9889554545587,151,-21.011044545441354,0.1307150918952098
1860,FlexibleCantilever_3,923.0044893306272,151,-26.995510669372845,0.1307150918952098
1880,FlexibleCantilever_0,257.3142568694217,151,57.31425686942167,0.11954836453976585
1880,FlexibleCantilever_1,496.6499171009029,151,46.64991710090287,0.11954836453976585
1880,FlexibleCantilever_2,632.8785198599685,151,-67.12148014003154,0.11954836453976585
1880,FlexibleCantilever_3,974.1855651460756,151,24.18556514607561,0.11954836453976585
1900,FlexibleCantilever_0,251.94377624348976,151,51.943776243489765,0.11705993487727005
1900,FlexibleCantilever_1,457.6625051971576,151,7.662505197157627,0.11705993487727005
1900,FlexibleCantilever_2,647.6522621703481,151,-52.3477378296519,0.11705993487727005
1900,FlexibleCantilever_3,999.8065332023986,151,49.80653320239859,0.11705993487727005
1920,FlexibleCantilever_0,210.99624770411043,151,10.996247704110434,0.11804772745081454
1920,FlexibleCantilever_1,418.4745843884469,151,-31.52541561155312,0.11804772745081454
1920,FlexibleCantilever_2,711.5287205524409,151,11.528720552440838,0.11804772745081454
1920,FlexibleCantilever_3,980.9035028754793,151,30.903502875479315,0.11804772745081454
1940,FlexibleCantilever_0,164.7165545387175,151,-35.28344546128249,0.11927052891675909
1940,FlexibleCantilever_1,410.9574868342941,151,-39.04251316570588,0.11927052891675909
1940,FlexibleCantilever_2,768.9086886947334,151,68.90868869473346,0.11927052891675909
1940,FlexibleCantilever_3,933.3818982684521,151,-16.61810173154785,0.11927052891675909
1960,FlexibleCantilever_0,155.2360778066148,151,-44.763922193385206,0.11391514642952218
1960,FlexibleCantilever_1,440.1910815879059,151,-9.808918412094128,0.11391514642952218
1960,FlexibleCantilever_2,766.8594640838409,151,66.8594640838409,0.11391514642952218
1960,FlexibleCantilever_3,899.4330542779081,151,-50.56694572209189,0.11391514642952218
1980,FlexibleCantilever_0,194.42803374552332,151,-5.571966254476688,0.11140500626645745
1980,FlexibleCantilever_1,483.85927734303857,151,33.85927734303858,0.11140500626645745
1980,FlexibleCantilever_2,711.1378436863763,151,11.13784368637625,0.11140500626645745
1980,FlexibleCantilever_3,908.2545691691646,151,-41.74543083083542,0.11140500626645745
2000,FlexibleCantilever_0,250.33983006170675,151,50.33983006170674,0.11154972097598083
2000,FlexibleCantilever_1,496.9517662820054,151,46.951766282005394,0.11154972097598083
2000,FlexibleCantilever_2,648.1497195718393,151,-51.85028042816062,0.11154972097598083
2000,FlexibleCantilever_3,952.4363529913545,151,2.4363529913544735,0.11154972097598083
2020,FlexibleCantilever_0,272.533884525664,151,72.53388452566399,0.12006698996992743
2020,FlexibleCantilever_1,468.37613618112846,151,18.37613618112845,0.12006698996992743
2020,FlexibleCantilever_2,625.7251297291119,151,-74.2748702708881,0.12006698996992743
2020,FlexibleCantilever_3,993.6868966075615,151,43.68689660756146,0.12006698996992743
2040,FlexibleCantilever_0,244.62466612580133,151,44.624666125801326,0.12289767653422833
2040,FlexibleCantilever_1,422.99236740922925,151,-27.00763259077075,0.12289767653422833
2040,FlexibleCantilever_2,662.9813020853237,151,-37.018697914676295,0.12289767653422833
2040,FlexibleCantilever_3,1000.7114156426852,151,50.71141564268526,0.12289767653422833
2060,FlexibleCantilever_0,184.99002535928432,151,-15.009974640715681,0.11905084362901823
2060,FlexibleCantilever_1,402.16838102404955,151,-47.831618975950455,0.11905084362901823
2060,FlexibleCantilever_2,732.5884765781401,151,32.58847657814011,0.11905084362901823
2060,FlexibleCantilever_3,971.2692632676842,151,21.269263267684174,0.11905084362901823
2080,FlexibleCantilever_0,140.61909378564758,151,-59.38090621435241,0.11447700029693934
2080,FlexibleCantilever_1,422.75609640199275,151,-27.243903598007275,0.11447700029693934
2080,FlexibleCantilever_2,775.0,151,75.0,0.11447700029693934
2080,FlexibleCantilever_3,930.4666773387798,151,-19.533322661220115,0.11447700029693934
2100,FlexibleCantilever_0,150.6119506282544,151,-49.38804937174561,0.12422091473744276
2100,FlexibleCantilever_1,469.18120361013024,151,19.181203610130257,0.12422091473744276
2100,FlexibleCantilever_2,759.9680845966459,151,59.96808459664584,0.12422091473744276
2100,FlexibleCantilever_3,912.0748880863271,151,-37.92511191367296,0.12422091473744276
2120,FlexibleCantilever_0,203.81308255020951,151,3.8130825502095247,0.11209247361278687
2120,FlexibleCantilever_1,499.94557963442486,151,49.94557963442485,0.11209247361278687
2120,FlexibleCantilever_2,702.5929681517893,151,2.592968151789201,0.11209247361278687
2120,FlexibleCantilever_3,927.1814359088045,151,-22.81856409119556,0.11209247361278687
2140,FlexibleCantilever_0,257.7464857006108,151,57.74648570061076,0.11873529868069095
2140,FlexibleCantilever_1,491.60399283765713,151,41.60399283765712,0.11873529868069095
2140,FlexibleCantilever_2,649.5691029278104,151,-50.43089707218959,0.11873529868069095
2140,FlexibleCantilever_3,967.7412659335041,151,17.741265933504152,0.11873529868069095
2160,FlexibleCantilever_0,268.61662443219166,151,68.61662443219166,0.11342591947539707
2160,FlexibleCantilever_1,454.3043820767324,151,4.304382076732411,0.11342591947539707
2160,FlexibleCantilever_2,640.73597287901,151,-59.26402712099005,0.11342591947539707
2160,FlexibleCantilever_3,1005.7319234461492,151,55.7319234461491,0.11342591947539707
2180,FlexibleCantilever_0,227.80704959660227,151,27.807049596602283,0.11098264436682992
2180,FlexibleCantilever_1,414.0142001660935,151,-35.98579983390651,0.11098264436682992
2180,FlexibleCantilever_2,683.7593242089324,151,-16.24067579106761,0.11098264436682992
2180,FlexibleCantilever_3,1008.8121365565502,151,58.81213655655014,0.11098264436682992
2200,FlexibleCantilever_0,171.37300371732596,151,-28.626996282674035,0.11114231728028597
2200,FlexibleCantilever_1,398.76627090499824,151,-51.23372909500178,0.11114231728028597
2200,FlexibleCantilever_2,748.2676435616185,151,48.26764356161842,0.11114231728028597
2200,FlexibleCantilever_3,974.004056688983,151,24.00405668898309,0.11114231728028597
2220,FlexibleCantilever_0,143.8623631096637,151,-56.13763689033629,0.11688367494281661
2220,FlexibleCantilever_1,422.5449010028455,151,-27.45509899715448,0.11688367494281661
2220,FlexibleCantilever_2,775.0,151,75.0,0.11688367494281661
2220,FlexibleCantilever_3,930.8347929672651,151,-19.16520703273491,0.11688367494281661
2240,FlexibleCantilever_0,165.29704654786707,151,-34.702953452132945,0.11970709145820117
2240,FlexibleCantilever_1,472.051899033764,151,22.05189903376401,0.11970709145820117
2240,FlexibleCantilever_2,753.0913975540487,151,53.09139755404874,0.11970709145820117
2240,FlexibleCantilever_3,910.2130685807999,151,-39.78693141920012,0.11970709145820117
2260,FlexibleCantilever_0,217.50649212845366,151,17.506492128453658,0.10990673293268996
2260,FlexibleCantilever_1,506.3073781147736,151,56.307378114773606,0.10990673293268996
2260,FlexibleCantilever_2,698.9241523751328,151,-1.0758476248671287,0.10990673293268996
2260,FlexibleCantilever_3,925.3564161931582,151,-24.64358380684174,0.10990673293268996
2280,FlexibleCantilever_0,253.6977982871184,151,53.697798287118395,0.11529727620615894
2280,FlexibleCantilever_1,492.31278040563427,151,42.31278040563424,0.11529727620615894
2280,FlexibleCantilever_2,656.4976656913436,151,-43.50233430865642,0.11529727620615894
2280,FlexibleCantilever_3,966.4054509089099,151,16.405450908909874,0.11529727620615894
2300,FlexibleCantilever_0,246.970827823778,151,46.97082782377801,0.10862884608934154
2300,FlexibleCantilever_1,441.3511230306614,151,-8.648876969338584,0.10862884608934154
2300,FlexibleCantilever_2,653.2271432068663,151,-46.772856793133684,0.10862884608934154
2300,FlexibleCantilever_3,1003.4612169647179,151,53.46121696471789,0.10862884608934154
2320,FlexibleCantilever_0,203.88791931166483,151,3.887919311664823,0.11750667424107258
2320,FlexibleCantilever_1,398.46559711928126,151,-51.534402880718766,0.11750667424107258
2320,FlexibleCantilever_2,690.4614548250677,151,-9.538545174932315,0.11750667424107258
2320,FlexibleCantilever_3,1002.1159552576559,151,52.115955257655905,0.11750667424107258
2340,FlexibleCantilever_0,163.0260928455673,151,-36.97390715443271,0.11865313809627259
2340,FlexibleCantilever_1,395.27153371751746,151,-54.72846628248254,0.11865313809627259
2340,FlexibleCantilever_2,746.0588011894591,151,46.05880118945912,0.11865313809627259
2340,FlexibleCantilever_3,961.8846291403486,151,11.884629140348524,0.11865313809627259
2360,FlexibleCantilever_0,154.66618655506227,151,-45.333813444937725,0.11034831837390922
2360,FlexibleCantilever_1,436.8205583246957,151,-13.17944167530431,0.11034831837390922
2360,FlexibleCantilever_2,773.2770062006374,151,73.27700620063737,0.11034831837390922
2360,FlexibleCantilever_3,917.711512211637,151,-32.28848778836298,0.11034831837390922
2380,FlexibleCantilever_0,182.53918116959784,151,-17.460818830402154,0.11361520029121869
2380,FlexibleCantilever_1,492.89980388712206,151,42.89980388712203,0.11361520029121869
2380,FlexibleCantilever_2,746.2554590638488,151,46.25545906384879,0.11361520029121869
2380,FlexibleCantilever_3,903.4823095035727,151,-46.517690496427385,0.11361520029121869
2400,FlexibleCantilever_0,233.2969544063892,151,33.2969544063892,0.10913574112927216
2400,FlexibleCantilever_1,513.295545159084,151,63.29554515908397,0.10913574112927216
2400,FlexibleCantilever_2,686.306933386872,151,-13.693066613128106,0.10913574112927216
2400,FlexibleCantilever_3,932.300856297784,151,-17.699143702216055,0.10913574112927216
2420,FlexibleCantilever_0,263.1615937641731,151,63.1615937641731,0.11205106348484539
2420,FlexibleCantilever_1,477.3728965325773,151,27.37289653257727,0.11205106348484539
2420,FlexibleCantilever_2,643.1744816460622,151,-56.82551835393777,0.11205106348484539
2420,FlexibleCantilever_3,979.9772843583561,151,29.97728435835604,0.11205106348484539
2440,FlexibleCantilever_0,241.9200135833097,151,41.9200135833097,0.12260619760060111
2440,FlexibleCantilever_1,423.2362912101172,151,-26.76370878988278,0.12260619760060111
2440,FlexibleCantilever_2,652.674291618485,151,-47.32570838151502,0.12260619760060111
2440,FlexibleCantilever_3,1004.6058376759152,151,54.60583767591511,0.12260619760060111
2460,FlexibleCantilever_0,185.11200427132366,151,-14.887995728676346,0.12423720642635053
2460,FlexibleCantilever_1,393.7312668174171,151,-56.268733182582885,0.12423720642635053
2460,FlexibleCantilever_2,706.3493318481812,151,6.349331848181183,0.12423720642635053
2460,FlexibleCantilever_3,984.1452497087422,151,34.145249708742156,0.12423720642635053
2480,FlexibleCantilever_0,143.77333214688528,151,-56.22666785311472,0.11893157151234049
2480,FlexibleCantilever_1,412.0790236016593,151,-37.92097639834074,0.11893157151234049
2480,FlexibleCantilever_2,758.0955783071705,151,58.09557830717048,0.11893157151234049
2480,FlexibleCantilever_3,939.29288656258,151,-10.707113437420093,0.11893157151234049
2500,FlexibleCantilever_0,152.43816686289298,151,-47.56183313710701,0.14352278392817724
2500,FlexibleCantilever_1,466.4354048646362,151,16.435404864636233,0.14352278392817724
2500,FlexibleCantilever_2,764.070560766498,151,64.07056076649808,0.14352278392817724
2500,FlexibleCantilever_3,906.8899290769302,151,-43.110070923069756,0.14352278392817724
2520,FlexibleCantilever_0,205.26880533156267,151,5.268805331562677,0.1367781361210577
2520,FlexibleCantilever_1,509.4341587876793,151,59.43415878767925,0.1367781361210577
2520,FlexibleCantilever_2,716.9697562999949,151,16.969756299994877,0.1367781361210577
2520,FlexibleCantilever_3,915.6972901400121,151,-34.3027098599879,0.1367781361210577
2540,FlexibleCantilever_0,261.56330148053553,151,61.56330148053551,0.1300629902961695
2540,FlexibleCantilever_1,502.60415511806127,151,52.604155118061264,0.1300629902961695
2540,FlexibleCantilever_2,657.7791761886895,151,-42.22082381131055,0.1300629902961695
2540,FlexibleCantilever_3,958.6786993734786,151,8.67869937347864,0.1300629902961695
2560,FlexibleCantilever_0,272.501896645703,151,72.501896645703,0.12239800750760825
2560,FlexibleCantilever_1,451.24147911327657,151,1.2414791132765868,0.12239800750760825
2560,FlexibleCantilever_2,635.0741606854486,151,-64.92583931455135,0.12239800750760825
2560,FlexibleCantilever_3,999.944264581222,151,49.94426458122201,0.12239800750760825
2580,FlexibleCantilever_0,229.39271088267236,151,29.39271088267235,0.11679010164613798
2580,FlexibleCantilever_1,398.534362195968,151,-51.465637804031964,0.11679010164613798
2580,FlexibleCantilever_2,672.392385738042,151,-27.607614261957995,0.11679010164613798
2580,FlexibleCantilever_3,1002.9113422657991,151,52.911342265799085,0.11679010164613798
2600,FlexibleCantilever_0,166.0463738623435,151,-33.9536261376565,0.1183190695422922
2600,FlexibleCantilever_1,386.8172054020361,151,-63.182794597963905,0.1183190695422922
2600,FlexibleCantilever_2,736.7862526229852,151,36.786252622985224,0.1183190695422922
2600,FlexibleCantilever_3,966.7489991036733,151,16.748999103673288,0.1183190695422922
2620,FlexibleCantilever_0,137.7149748585334,151,-62.285025141466605,0.11388018480875692
2620,FlexibleCantilever_1,432.5159882097198,151,-17.48401179028022,0.11388018480875692
2620,FlexibleCantilever_2,769.8227433252675,151,69.82274332526751,0.11388018480875692
2620,FlexibleCantilever_3,924.4577724214236,151,-25.542227578576423,0.11388018480875692
2640,FlexibleCantilever_0,173.26078827408048,151,-26.739211725919514,0.12621365876219137
2640,FlexibleCantilever_1,496.4631264860096,151,46.4631264860096,0.12621365876219137
2640,FlexibleCantilever_2,741.4468550436975,151,41.44685504369747,0.12621365876219137
2640,FlexibleCantilever_3,905.938209609785,151,-44.06179039021499,0.12621365876219137
2660,FlexibleCantilever_0,238.42302040062782,151,38.42302040062783,0.11799620649266657
2660,FlexibleCantilever_1,518.7134144182871,151,68.7134144182871,0.11799620649266657
2660,FlexibleCantilever_2,676.2781381960848,151,-23.721861803915168,0.11799620649266657
2660,FlexibleCantilever_3,924.977593866747,151,-25.022406133252986,0.11799620649266657
2680,FlexibleCantilever_0,274.6824676825405,151,74.68246768254053,0.11437466691463001
2680,FlexibleCantilever_1,475.4600635800437,151,25.460063580043727,0.11437466691463001
2680,FlexibleCantilever_2,630.805798327107,151,-69.19420167289293,0.11437466691463001
2680,FlexibleCantilever_3,969.6614675635811,151,19.661467563581105,0.11437466691463001
2700,FlexibleCantilever_0,247.5238726104097,151,47.52387261040971,0.11391115055941416
2700,FlexibleCantilever_1,406.79720719675925,151,-43.20279280324077,0.11391115055941416
2700,FlexibleCantilever_2,648.587674304442,151,-51.412325695558,0.11391115055941416
2700,FlexibleCantilever_3,1005.4583635476952,151,55.45836354769514,0.11391115055941416
2720,FlexibleCantilever_0,179.73885131149603,151,-20.261148688503965,0.11361946708807706
2720,FlexibleCantilever_1,375.0,151,-75.0,0.11361946708807706
2720,FlexibleCantilever_2,716.4935383310498,151,16.493538331049763,0.11361946708807706
2720,FlexibleCantilever_3,1000.330968989491,151,50.330968989491005,0.11361946708807706
2740,FlexibleCantilever_0,133.69724395314933,151,-66.30275604685069,0.11385546967048991
2740,FlexibleCantilever_1,412.37718436749583,151,-37.6228156325042,0.11385546967048991
2740,FlexibleCantilever_2,772.0627434854158,151,72.06274348541585,0.11385546967048991
2740,FlexibleCantilever_3,958.8933160803518,151,8.893316080351797,0.11385546967048991
2760,FlexibleCantilever_0,150.61006421886754,151,-49.389935781132465,0.13775962139578024
2760,FlexibleCantilever_1,486.5979771822008,151,36.59797718220078,0.13775962139578024
2760,FlexibleCantilever_2,761.208895692592,151,61.20889569259204,0.13775962139578024
2760,FlexibleCantilever_3,915.6885803616312,151,-34.31141963836875,0.13775962139578024
2780,FlexibleCantilever_0,212.82704248825502,151,12.827042488255008,0.12449595016518139
2780,FlexibleCantilever_1,525.0,151,75.0,0.12449595016518139
2780,FlexibleCantilever_2,697.5782832016298,151,-2.4217167983702503,0.12449595016518139
2780,FlexibleCantilever_3,900.9871517140946,151,-49.01284828590546,0.12449595016518139
2800,FlexibleCantilever_0,263.10188878919035,151,63.101888789190376,0.11282651970910826
2800,FlexibleCantilever_1,495.7439118791461,151,45.74391187914609,0.11282651970910826
2800,FlexibleCantilever_2,636.7502468875562,151,-63.24975311244387,0.11282651970910826
2800,FlexibleCantilever_3,926.8523172865182,151,-23.147682713481814,0.11282651970910826
2820,FlexibleCantilever_0,258.05998489754086,151,58.059984897540865,0.11019661536559337
2820,FlexibleCantilever_1,421.5139760336612,151,-28.48602396633879,0.11019661536559337
2820,FlexibleCantilever_2,631.2038050237079,151,-68.79619497629204,0.11019661536559337
2820,FlexibleCantilever_3,978.8855075407416,151,28.885507540741656,0.11019661536559337
2840,FlexibleCantilever_0,202.8961970962855,151,2.8961970962855044,0.12006672692359159
2840,FlexibleCantilever_1,375.0,151,-75.0,0.12006672692359159
2840,FlexibleCantilever_2,687.324819293633,151,-12.675180706366941,0.12006672692359159
2840,FlexibleCantilever_3,1016.2478515464913,151,66.2478515464913,0.12006672692359159
2860,FlexibleCantilever_0,149.19348191028408,151,-50.80651808971593,0.11405173763970669
2860,FlexibleCantilever_1,392.65243645910374,151,-57.347563540896246,0.11405173763970669
2860,FlexibleCantilever_2,757.6644784875745,151,57.664478487574435,0.11405173763970669
2860,FlexibleCantilever_3,1005.0235856217083,151,55.02358562170828,0.11405173763970669
2880,FlexibleCantilever_0,144.06553170015408,151,-55.93446829984592,0.1091949574310328
2880,FlexibleCantilever_1,459.31328733659393,151,9.313287336593941,0.1091949574310328
2880,FlexibleCantilever_2,773.4364344595774,151,73.43643445957743,0.1091949574310328
2880,FlexibleCantilever_3,953.3435075878472,151,3.3435075878471636,0.1091949574310328
2900,FlexibleCantilever_0,190.33385301590897,151,-9.666146984091027,0.11318389182263788
2900,FlexibleCantilever_1,518.1113015293538,151,68.11130152935385,0.11318389182263788
2900,FlexibleCantilever_2,727.9146148725113,151,27.914614872511258,0.11318389182263788
2900,FlexibleCantilever_3,904.4139365736028,151,-45.58606342639727,0.11318389182263788
2920,FlexibleCantilever_0,247.69165203343684,151,47.691652033436846,0.11516688765617972
2920,FlexibleCantilever_1,515.2731751346524,151,65.27317513465246,0.11516688765617972
2920,FlexibleCantilever_2,659.3051011009242,151,-40.69489889907581,0.11516688765617972
2920,FlexibleCantilever_3,895.2696605323291,151,-54.73033946767084,0.11516688765617972
2940,FlexibleCantilever_0,266.28836623147095,151,66.28836623147096,0.11325018073159981
2940,FlexibleCantilever_1,454.8116897724686,151,4.81168977246859,0.11325018073159981
2940,FlexibleCantilever_2,627.3819805809655,151,-72.61801941903447,0.11325018073159981
2940,FlexibleCantilever_3,935.1005776528579,151,-14.899422347142098,0.11325018073159981
2960,FlexibleCantilever_0,231.6827157713143,151,31.682715771314303,0.1132243413586685
2960,FlexibleCantilever_1,390.99634305253306,151,-59.00365694746695,0.1132243413586685
2960,FlexibleCantilever_2,663.5120338566394,151,-36.487966143360616,0.1132243413586685
2960,FlexibleCantilever_3,993.9425659253351,151,43.94256592533511,0.1132243413586685
2980,FlexibleCantilever_0,180.81606909980002,151,-19.183930900199968,0.11559508358033468
2980,FlexibleCantilever_1,378.8003097545855,151,-71.19969024541449,0.11559508358033468
2980,FlexibleCantilever_2,736.3729836794331,151,36.37298367943311,0.11559508358033468
2980,FlexibleCantilever_3,1022.4669294049108,151,72.46692940491084,0.11559508358033468
3000,FlexibleCantilever_0,152.60468518151268,151,-47.395314818487314,0.1120103527124017
3000,FlexibleCantilever_1,430.7208669659082,151,-19.279133034091778,0.1120103527124017
3000,FlexibleCantilever_2,775.0,151,75.0,0.1120103527124017
3000,FlexibleCantilever_3,994.3436607534899,151,44.343660753489914,0.1120103527124017
3020,FlexibleCantilever_0,165.6197582605853,151,-34.38024173941471,0.11295182713704492
3020,FlexibleCantilever_1,501.7845514201703,151,51.78455142017032,0.11295182713704492
3020,FlexibleCantilever_2,748.3509537171719,151,48.350953717171905,0.11295182713704492
3020,FlexibleCantilever_3,932.743197607172,151,-17.256802392828003,0.11295182713704492
3040,FlexibleCantilever_0,212.37694060432628,151,12.376940604326277,0.1167525200188767
3040,FlexibleCantilever_1,524.6510129789967,151,74.65101297899669,0.1167525200188767
3040,FlexibleCantilever_2,677.5708583886461,151,-22.429141611353913,0.1167525200188767
3040,FlexibleCantilever_3,889.945746909754,151,-60.054253090245965,0.1167525200188767
3060,FlexibleCantilever_0,259.30164382595825,151,59.30164382595825,0.11382462317588701
3060,FlexibleCantilever_1,486.81388195450114,151,36.81388195450114,0.11382462317588701
3060,FlexibleCantilever_2,625.9983105904003,151,-74.00168940959969,0.11382462317588701
3060,FlexibleCantilever_3,902.9440188490623,151,-47.055981150937704,0.11382462317588701
3080,FlexibleCantilever_0,266.8064131525605,151,66.8064131525605,0.11582211496817992
3080,FlexibleCantilever_1,417.48737682641774,151,-32.51262317358225,0.11582211496817992
3080,FlexibleCantilever_2,642.7493840611386,151,-57.25061593886142,0.11582211496817992
3080,FlexibleCantilever_3,960.3630342951627,151,10.363034295162711,0.11582211496817992
3100,FlexibleCantilever_0,226.19455645546546,151,26.19455645546547,0.12204170046251522
3100,FlexibleCantilever_1,376.2484803373044,151,-73.75151966269564,0.12204170046251522
3100,FlexibleCantilever_2,712.3705673150887,151,12.370567315088682,0.12204170046251522
3100,FlexibleCantilever_3,1014.6888012159322,151,64.6888012159323,0.12204170046251522
3120,FlexibleCantilever_0,173.25168463604297,151,-26.748315363957026,0.11683850700351266
3120,FlexibleCantilever_1,401.6374325322501,151,-48.36256746774992,0.11683850700351266
3120,FlexibleCantilever_2,773.4076622058004,151,73.4076622058004,0.11683850700351266
3120,FlexibleCantilever_3,1016.8342937452577,151,66.8342937452577,0.11683850700351266
3140,FlexibleCantilever_0,148.7434765466532,151,-51.256523453346794,0.11262563317336512
3140,FlexibleCantilever_1,471.82269226752675,151,21.82269226752674,0.11262563317336512
3140,FlexibleCantilever_2,764.1210286267659,151,64.1210286267659,0.11262563317336512
3140,FlexibleCantilever_3,962.7789594037907,151,12.778959403790694,0.11262563317336512
3160,FlexibleCantilever_0,177.47738801310115,151,-22.52261198689884,0.11982139200095315
3160,FlexibleCantilever_1,522.6670859948657,151,72.66708599486569,0.11982139200095315
3160,FlexibleCantilever_2,700.7183395896324,151,0.718339589632325,0.11982139200095315
3160,FlexibleCantilever_3,900.7445963393089,151,-49.25540366069104,0.11982139200095315
3180,FlexibleCantilever_0,234.6458355568654,151,34.64583555686538,0.12335125454648493
3180,FlexibleCantilever_1,509.49378035413184,151,59.493780354131864,0.12335125454648493
3180,FlexibleCantilever_2,633.6620040236514,151,-66.33799597634857,0.12335125454648493
3180,FlexibleCantilever_3,882.9386664898058,151,-67.06133351019423,0.12335125454648493
3200,FlexibleCantilever_0,269.75445429791387,151,69.75445429791384,0.12309243372791227
3200,FlexibleCantilever_1,445.63766582316,151,-4.362334176840033,0.12309243372791227
3200,FlexibleCantilever_2,629.1425710523823,151,-70.85742894761772,0.12309243372791227
3200,FlexibleCantilever_3,925.5615751962933,151,-24.438424803706702,0.12309243372791227
3220,FlexibleCantilever_0,255.33760126652618,151,55.33760126652618,0.12453642216937419
3220,FlexibleCantilever_1,386.1744017853105,151,-63.8255982146895,0.12453642216937419
3220,FlexibleCantilever_2,682.7157720910334,151,-17.284227908966663,0.12453642216937419
3220,FlexibleCantilever_3,993.7353503555285,151,43.73535035552849,0.12453642216937419
3240,FlexibleCantilever_0,201.79562717714558,151,1.7956271771455792,0.11650414845671463
3240,FlexibleCantilever_1,383.36425726393645,151,-66.63574273606352,0.11650414845671463
3240,FlexibleCantilever_2,753.25317185892,151,53.25317185892009,0.11650414845671463
3240,FlexibleCantilever_3,1025.0,151,75.0,0.11650414845671463
3260,FlexibleCantilever_0,155.76116130069047,151,-44.238838699309525,0.11718011074206007
3260,FlexibleCantilever_1,440.19301264848417,151,-9.806987351515833,0.11718011074206007
3260,FlexibleCantilever_2,773.6976588357061,151,73.6976588357061,0.11718011074206007
3260,FlexibleCantilever_3,999.114419004069,151,49.11441900406893,0.11718011074206007
3280,FlexibleCantilever_0,155.90435910799098,151,-44.09564089200902,0.12221974348258659
3280,FlexibleCantilever_1,506.5399890160367,151,56.5399890160367,0.12221974348258659
3280,FlexibleCantilever_2,728.6021437420534,151,28.602143742053403,0.12221974348258659
3280,FlexibleCantilever_3,935.4341114925977,151,-14.565888507402262,0.12221974348258659
3300,FlexibleCantilever_0,202.41529484681823,151,2.4152948468182203,0.12317908385719242
3300,FlexibleCantilever_1,522.8710895733428,151,72.87108957334283,0.12317908385719242
3300,FlexibleCantilever_2,654.9828951374798,151,-45.017104862520185,0.12317908385719242
3300,FlexibleCantilever_3,888.2278330595303,151,-61.77216694046966,0.12317908385719242
3320,FlexibleCantilever_0,256.4015283803329,151,56.401528380332884,0.11997323870376839
3320,FlexibleCantilever_1,476.9237495467243,151,26.92374954672431,0.11997323870376839
3320,FlexibleCantilever_2,625.0,151,-75.0,0.11997323870376839
3320,FlexibleCantilever_3,896.4269998922769,151,-53.57300010772313,0.11997323870376839
3340,FlexibleCantilever_0,268.0626931509698,151,68.06269315096976,0.12111568874865232
3340,FlexibleCantilever_1,407.94109569729244,151,-42.058904302707546,0.12111568874865232
3340,FlexibleCantilever_2,656.027804854287,151,-43.972195145712995,0.12111568874865232
3340,FlexibleCantilever_3,953.4283775114084,151,3.428377511408398,0.12111568874865232
3360,FlexibleCantilever_0,225.1087487516102,151,25.108748751610182,0.12268503417150248
3360,FlexibleCantilever_1,375.0,151,-75.0,0.12268503417150248
3360,FlexibleCantilever_2,726.6023642173003,151,26.60236421730032,0.12268503417150248
3360,FlexibleCantilever_3,1013.9518685626188,151,63.95186856261873,0.12268503417150248
3380,FlexibleCantilever_0,167.45290629034508,151,-32.5470937096549,0.12335987124267685
3380,FlexibleCantilever_1,406.401111232767,151,-43.59888876723299,0.12335987124267685
3380,FlexibleCantilever_2,773.4999044648931,151,73.49990446489315,0.12335987124267685
3380,FlexibleCantilever_3,1022.4163698353286,151,72.4163698353286,0.12335987124267685
3400,FlexibleCantilever_0,145.15734666542704,151,-54.84265333457295,0.12299746104180061
3400,FlexibleCantilever_1,476.84794067460047,151,26.84794067460045,0.12299746104180061
3400,FlexibleCantilever_2,756.2564332761311,151,56.25643327613111,0.12299746104180061
3400,FlexibleCantilever_3,979.6342238886634,151,29.634223888663424,0.12299746104180061
3420,FlexibleCantilever_0,179.72221778406285,151,-20.277782215937144,0.12761509589995776
3420,FlexibleCantilever_1,525.0,151,75.0,0.12761509589995776
3420,FlexibleCantilever_2,689.380353606109,151,-10.619646393890989,0.12761509589995776
3420,FlexibleCantilever_3,918.3715927585079,151,-31.62840724149209,0.12761509589995776
3440,FlexibleCantilever_0,236.81396975464745,151,36.81396975464744,0.12402181064413642
3440,FlexibleCantilever_1,508.5413091522453,151,58.54130915224529,0.12402181064413642
3440,FlexibleCantilever_2,631.3960831442371,151,-68.60391685576295,0.12402181064413642
3440,FlexibleCantilever_3,887.7721943133316,151,-62.227805686668326,0.12402181064413642
3460,FlexibleCantilever_0,262.8761673401826,151,62.87616734018258,0.11780831459342692
3460,FlexibleCantilever_1,444.53100704639434,151,-5.468992953605664,0.11780831459342692
3460,FlexibleCantilever_2,634.9658422240414,151,-65.03415777595868,0.11780831459342692
3460,FlexibleCantilever_3,913.727471515352,151,-36.27252848464796,0.11780831459342692
3480,FlexibleCantilever_0,234.37227003334536,151,34.372270033345366,0.12451690141503731
3480,FlexibleCantilever_1,384.0955707539031,151,-65.90442924609691,0.12451690141503731
3480,FlexibleCantilever_2,695.3852921481201,151,-4.614707851879866,0.12451690141503731
3480,FlexibleCantilever_3,974.9204068441039,151,24.920406844103912,0.12451690141503731
3500,FlexibleCantilever_0,177.25489460665875,151,-22.745105393341245,0.12368347245032398
3500,FlexibleCantilever_1,381.5700764774522,151,-68.42992352254782,0.12368347245032398
3500,FlexibleCantilever_2,762.6409608575608,151,62.64096085756084,0.12368347245032398
3500,FlexibleCantilever_3,1022.6743429147897,151,72.67434291478965,0.12368347245032398
3520,FlexibleCantilever_0,142.38334277797324,151,-57.61665722202677,0.12256293980863277
3520,FlexibleCantilever_1,438.80073026081544,151,-11.199269739184569,0.12256293980863277
3520,FlexibleCantilever_2,773.2711395829024,151,73.27113958290234,0.12256293980863277
3520,FlexibleCantilever_3,1014.1455422131932,151,64.14554221319314,0.12256293980863277
3540,FlexibleCantilever_0,161.6093778110536,151,-38.39062218894638,0.1360395450285167
3540,FlexibleCantilever_1,509.5795955043712,151,59.579595504371206,0.1360395450285167
3540,FlexibleCantilever_2,730.0838137237635,151,30.083813723763484,0.1360395450285167
3540,FlexibleCantilever_3,959.5492532326817,151,9.549253232681759,0.1360395450285167
3560,FlexibleCantilever_0,218.68217814869095,151,18.682178148690962,0.12620918884717533
3560,FlexibleCantilever_1,524.5643685849474,151,74.56436858494742,0.12620918884717533
3560,FlexibleCantilever_2,662.4042496618508,151,-37.59575033814917,0.12620918884717533
3560,FlexibleCantilever_3,902.7173589942383,151,-47.28264100576171,0.12620918884717533
3580,FlexibleCantilever_0,262.3484629807212,151,62.348462980721216,0.12212715265358472
3580,FlexibleCantilever_1,486.9008982778463,151,36.900898277846274,0.12212715265358472
3580,FlexibleCantilever_2,628.4803092698561,151,-71.51969073014389,0.12212715265358472
3580,FlexibleCantilever_3,889.1858558320874,151,-60.81414416791252,0.12212715265358472
3600,FlexibleCantilever_0,252.5779440404622,151,52.5779440404622,0.11533647059464813
3600,FlexibleCantilever_1,418.74669694047833,151,-31.253303059521677,0.11533647059464813
3600,FlexibleCantilever_2,660.0091350337052,151,-39.990864966294836,0.11533647059464813
3600,FlexibleCantilever_3,931.0535037674533,151,-18.946496232546693,0.11533647059464813
3620,FlexibleCantilever_0,199.59185270452951,151,-0.40814729547048945,0.12033550887294801
3620,FlexibleCantilever_1,376.4643913990857,151,-73.53560860091432,0.12033550887294801
3620,FlexibleCantilever_2,730.9350546115429,151,30.93505461154296,0.12033550887294801
3620,FlexibleCantilever_3,995.2431563204459,151,45.243156320445856,0.12033550887294801
3640,FlexibleCantilever_0,151.89428639985724,151,-48.105713600142764,0.1198621146955121
3640,FlexibleCantilever_1,397.2145165940479,151,-52.78548340595209,0.1198621146955121
3640,FlexibleCantilever_2,775.0,151,75.0,0.1198621146955121
3640,FlexibleCantilever_3,1025.0,151,75.0,0.1198621146955121
3660,FlexibleCantilever_0,148.17398693946177,151,-51.82601306053822,0.12577231433714808
3660,FlexibleCantilever_1,465.3198536750331,151,15.31985367503306,0.12577231433714808
3660,FlexibleCantilever_2,758.7488479443691,151,58.7488479443691,0.12577231433714808
3660,FlexibleCantilever_3,997.0847454814617,151,47.08474548146175,0.12577231433714808
3680,FlexibleCantilever_0,192.42797746304242,151,-7.572022536957572,0.12332537889853379
3680,FlexibleCantilever_1,524.139100089944,151,74.13910008994404,0.12332537889853379
3680,FlexibleCantilever_2,696.4924618981723,151,-3.5075381018276754,0.12332537889853379
3680,FlexibleCantilever_3,933.3259023643651,151,-16.674097635634865,0.12332537889853379
3700,FlexibleCantilever_0,249.71343593899596,151,49.71343593899596,0.12313718264056245
3700,FlexibleCantilever_1,517.4052026113694,151,67.40520261136938,0.12313718264056245
3700,FlexibleCantilever_2,638.8689111259625,151,-61.13108887403746,0.12313718264056245
3700,FlexibleCantilever_3,887.9459989393532,151,-62.054001060646804,0.12313718264056245
3720,FlexibleCantilever_0,268.0876275958003,151,68.08762759580031,0.11725272814335955
3720,FlexibleCantilever_1,463.0546589404843,151,13.054658940484273,0.11725272814335955
3720,FlexibleCantilever_2,634.5677906040859,151,-65.43220939591417,0.11725272814335955
3720,FlexibleCantilever_3,902.0602754291415,151,-47.93972457085846,0.11725272814335955
3740,FlexibleCantilever_0,231.07785360596918,151,31.07785360596919,0.11546190688579495
3740,FlexibleCantilever_1,399.39448397502315,151,-50.605516024976865,0.11546190688579495
3740,FlexibleCantilever_2,688.5780401461724,151,-11.421959853827595,0.11546190688579495
3740,FlexibleCantilever_3,963.1483963608678,151,13.148396360867757,0.11546190688579495
3760,FlexibleCantilever_0,172.97389390780435,151,-27.026106092195636,0.12440408724677939
3760,FlexibleCantilever_1,377.8450022442015,151,-72.1549977557985,0.12440408724677939
3760,FlexibleCantilever_2,756.6844934441206,151,56.684493444120534,0.12440408724677939
3760,FlexibleCantilever_3,1018.2635374938968,151,68.26353749389678,0.12440408724677939
3780,FlexibleCantilever_0,141.4949925557716,151,-58.505007444228404,0.1251952814644888
3780,FlexibleCantilever_1,421.61227067193306,151,-28.38772932806694,0.1251952814644888
3780,FlexibleCantilever_2,774.3169963911179,151,74.3169963911179,0.1251952814644888
3780,FlexibleCantilever_3,1015.95271885752,151,65.95271885751998,0.1251952814644888
3800,FlexibleCantilever_0,169.38628966292558,151,-30.613710337074412,0.12156194677816065
3800,FlexibleCantilever_1,493.64486824066245,151,43.644868240662454,0.12156194677816065
3800,FlexibleCantilever_2,735.2490533360314,151,35.24905333603132,0.12156194677816065
3800,FlexibleCantilever_3,958.4299051054246,151,8.429905105424558,0.12156194677816065
3820,FlexibleCantilever_0,232.95238476596302,151,32.95238476596303,0.12347686804207846
3820,FlexibleCantilever_1,525.0,151,75.0,0.12347686804207846
3820,FlexibleCantilever_2,666.4768993052758,151,-33.523100694724256,0.12347686804207846
3820,FlexibleCantilever_3,894.4449741872388,151,-55.55502581276113,0.12347686804207846
3840,FlexibleCantilever_0,275.0,151,75.0,0.12263139657598622
3840,FlexibleCantilever_1,498.66043522658583,151,48.66043522658582,0.12263139657598622
3840,FlexibleCantilever_2,626.8851263384366,151,-73.11487366156334,0.12263139657598622
3840,FlexibleCantilever_3,883.4438708514574,151,-66.55612914854258,0.12263139657598622
3860,FlexibleCantilever_0,255.57183061980666,151,55.57183061980667,0.1198020009174096
3860,FlexibleCantilever_1,429.899772399579,151,-20.100227600421018,0.1198020009174096
3860,FlexibleCantilever_2,652.2339011368205,151,-47.7660988631795,0.1198020009174096
3860,FlexibleCantilever_3,938.5843395974315,151,-11.415660402568506,0.1198020009174096
3880,FlexibleCantilever_0,195.56932761781619,151,-4.43067238218381,0.1217373078994125
3880,FlexibleCantilever_1,377.477391797309,151,-72.52260820269098,0.1217373078994125
3880,FlexibleCantilever_2,722.3219826456011,151,22.32198264560107,0.1217373078994125
3880,FlexibleCantilever_3,1007.5058606749506,151,57.50586067495054,0.1217373078994125
3900,FlexibleCantilever_0,147.3852110582849,151,-52.61478894171509,0.12239649889229624
3900,FlexibleCantilever_1,389.9680629716302,151,-60.03193702836978,0.12239649889229624
3900,FlexibleCantilever_2,775.0,151,75.0,0.12239649889229624
3900,FlexibleCantilever_3,1023.256811168903,151,73.256811168903,0.12239649889229624
3920,FlexibleCantilever_0,152.64267551285852,151,-47.35732448714149,0.12541356972443596
3920,FlexibleCantilever_1,455.9780393999684,151,5.97803939996841,0.12541356972443596
3920,FlexibleCantilever_2,762.7748827497271,151,62.774882749727055,0.12541356972443596
3920,FlexibleCantilever_3,976.8044685410687,151,26.80446854106869,0.12541356972443596
3940,FlexibleCantilever_0,209.53119315948538,151,9.53119315948539,0.12294998879668341
3940,FlexibleCantilever_1,519.016770435776,151,69.01677043577605,0.12294998879668341
3940,FlexibleCantilever_2,702.5065197304309,151,2.5065197304309397,0.12294998879668341
3940,FlexibleCantilever_3,905.0151780398332,151,-44.98482196016681,0.12294998879668341
3960,FlexibleCantilever_0,269.9458092719451,151,69.94580927194511,0.12250227290459786
3960,FlexibleCantilever_1,518.1328233115407,151,68.13282331154075,0.12250227290459786
3960,FlexibleCantilever_2,640.300409027112,151,-59.69959097288802,0.12250227290459786
3960,FlexibleCantilever_3,875.1505523017513,151,-74.84944769824865,0.12250227290459786
3980,FlexibleCantilever_0,270.5088113648495,151,70.50881136484954,0.12494363673104959
3980,FlexibleCantilever_1,461.54612917912857,151,11.546129179128581,0.12494363673104959
3980,FlexibleCantilever_2,630.1032241426839,151,-69.89677585731613,0.12494363673104959
3980,FlexibleCantilever_3,915.7795648048111,151,-34.22043519518893,0.12494363673104959
4000,FlexibleCantilever_0,222.69892586547843,151,22.69892586547843,0.12244299899607942
4000,FlexibleCantilever_1,394.22479070945303,151,-55.77520929054696,0.12244299899607942
4000,FlexibleCantilever_2,682.2025252749136,151,-17.797474725086484,0.12244299899607942
4000,FlexibleCantilever_3,990.1137268599962,151,40.11372685999621,0.12244299899607942
4020,FlexibleCantilever_0,162.69359989204685,151,-37.30640010795316,0.1194082475031465
4020,FlexibleCantilever_1,376.33270854794483,151,-73.66729145205515,0.1194082475031465
4020,FlexibleCantilever_2,751.69127692284,151,51.69127692284,0.1194082475031465
4020,FlexibleCantilever_3,1025.0,151,75.0,0.1194082475031465
4040,FlexibleCantilever_0,138.2797643056437,151,-61.720235694356305,0.12290068757174268
4040,FlexibleCantilever_1,420.5743814737273,151,-29.425618526272693,0.12290068757174268
4040,FlexibleCantilever_2,774.6527714956565,151,74.65277149565644,0.12290068757174268
4040,FlexibleCantilever_3,996.069992976028,151,46.069992976027926,0.12290068757174268
4060,FlexibleCantilever_0,176.06843511840535,151,-23.931564881594653,0.12500179817954135
4060,FlexibleCantilever_1,491.9251085130433,151,41.9251085130433,0.12500179817954135
4060,FlexibleCantilever_2,737.4659267350289,151,37.465926735028894,0.12500179817954135
4060,FlexibleCantilever_3,924.1884457213619,151,-25.81155427863816,0.12500179817954135
4080,FlexibleCantilever_0,242.16418586065933,151,42.16418586065932,0.12231700510418582
4080,FlexibleCantilever_1,525.0,151,75.0,0.12231700510418582
4080,FlexibleCantilever_2,667.5150615647971,151,-32.4849384352029,0.12231700510418582
4080,FlexibleCantilever_3,875.0,151,-75.0,0.12231700510418582
4100,FlexibleCantilever_0,275.0,151,75.0,0.12492583708714396
4100,FlexibleCantilever_1,495.5202852543683,151,45.52028525436829,0.12492583708714396
4100,FlexibleCantilever_2,625.892262426652,151,-74.10773757334795,0.12492583708714396
4100,FlexibleCantilever_3,894.7098612356675,151,-55.29013876433244,0.12492583708714396
4120,FlexibleCantilever_0,247.7849619673961,151,47.784961967396086,0.1258476767006736
4120,FlexibleCantilever_1,426.8318811209993,151,-23.16811887900072,0.1258476767006736
4120,FlexibleCantilever_2,649.203927961306,151,-50.79607203869403,0.1258476767006736
4120,FlexibleCantilever_3,964.4118660900847,151,14.411866090084636,0.1258476767006736
4140,FlexibleCantilever_0,185.0942492006888,151,-14.905750799311186,0.12085644740793096
4140,FlexibleCantilever_1,377.3816355499763,151,-72.61836445002372,0.12085644740793096
4140,FlexibleCantilever_2,717.7202356520751,151,17.720235652075026,0.12085644740793096
4140,FlexibleCantilever_3,1022.5199619502821,151,72.51996195028215,0.12085644740793096
4160,FlexibleCantilever_0,139.92199595259206,151,-60.07800404740795,0.11999431387434088
4160,FlexibleCantilever_1,390.50378855178286,151,-59.49621144821715,0.11999431387434088
4160,FlexibleCantilever_2,772.0296379830156,151,72.02963798301565,0.11999431387434088
4160,FlexibleCantilever_3,1012.8850645462742,151,62.88506454627414,0.11999431387434088
4180,FlexibleCantilever_0,150.86818877620595,151,-49.13181122379405,0.12294121585022345
4180,FlexibleCantilever_1,455.23656561259565,151,5.236565612595639,0.12294121585022345
4180,FlexibleCantilever_2,764.5642729104748,151,64.5642729104747,0.12294121585022345
4180,FlexibleCantilever_3,948.6339954527339,151,-1.3660045472660731,0.12294121585022345
4200,FlexibleCantilever_0,210.02756762090164,151,10.027567620901623,0.12731651257457313
4200,FlexibleCantilever_1,517.1267762608145,151,67.12677626081455,0.12731651257457313
4200,FlexibleCantilever_2,707.1660821923832,151,7.166082192383218,0.12731651257457313
4200,FlexibleCantilever_3,882.6157249023267,151,-67.38427509767325,0.12731651257457313
4220,FlexibleCantilever_0,268.4686170877742,151,68.46861708777416,0.12375291791848132
4220,FlexibleCantilever_1,519.2038907433238,151,69.20389074332375,0.12375291791848132
4220,FlexibleCantilever_2,643.9890912580954,151,-56.01090874190462,0.12375291791848132
4220,FlexibleCantilever_3,879.5535832346363,151,-70.44641676536362,0.12375291791848132
4240,FlexibleCantilever_0,269.57390328052185,151,69.57390328052183,0.12244318101389094
4240,FlexibleCantilever_1,465.992318385203,151,15.992318385203026,0.12244318101389094
4240,FlexibleCantilever_2,631.0859181277283,151,-68.91408187227174,0.12244318101389094
4240,FlexibleCantilever_3,932.8767149070607,151,-17.123285092939355,0.12244318101389094
4260,FlexibleCantilever_0,221.25653049771108,151,21.256530497711076,0.12399624430728416
4260,FlexibleCantilever_1,399.2728648223766,151,-50.72713517762336,0.12399624430728416
4260,FlexibleCantilever_2,680.4481864130655,151,-19.551813586934504,0.12399624430728416
4260,FlexibleCantilever_3,1001.8571758422988,151,51.85717584229881,0.12399624430728416
4280,FlexibleCantilever_0,163.21249380769092,151,-36.787506192309095,0.12122084237072595
4280,FlexibleCantilever_1,376.5411659629434,151,-73.45883403705656,0.12122084237072595
4280,FlexibleCantilever_2,749.7856176707874,151,49.78561767078733,0.12122084237072595
4280,FlexibleCantilever_3,1024.004372549568,151,74.00437254956805,0.12122084237072595
4300,FlexibleCantilever_0,139.8661570142325,151,-60.1338429857675,0.12123662800813267
4300,FlexibleCantilever_1,419.53761892662436,151,-30.462381073375628,0.12123662800813267
4300,FlexibleCantilever_2,774.9418188637179,151,74.9418188637179,0.12123662800813267
4300,FlexibleCantilever_3,980.0925454640809,151,30.092545464080946,0.12123662800813267
4320,FlexibleCantilever_0,171.83181840992347,151,-28.168181590076518,0.12114784600531399
4320,FlexibleCantilever_1,492.21075650339964,151,42.21075650339965,0.12114784600531399
4320,FlexibleCantilever_2,741.8976085823527,151,41.89760858235272,0.12114784600531399
4320,FlexibleCantilever_3,906.7590384266081,151,-43.24096157339198,0.12114784600531399
4340,FlexibleCantilever_0,234.72155436455026,151,34.72155436455026,0.1287317362811195
4340,FlexibleCantilever_1,525.0,151,75.0,0.1287317362811195
4340,FlexibleCantilever_2,674.0442919179505,151,-25.95570808204949,0.1287317362811195
4340,FlexibleCantilever_3,875.0,151,-75.0,0.1287317362811195
4360,FlexibleCantilever_0,275.0,151,75.0,0.12801692525640807
4360,FlexibleCantilever_1,500.282627466369,151,50.28262746636899,0.12801692525640807
4360,FlexibleCantilever_2,628.9120096535463,151,-71.08799034645371,0.12801692525640807
4360,FlexibleCantilever_3,903.4210061045085,151,-46.5789938954915,0.12801692525640807
4380,FlexibleCantilever_0,258.7506491492755,151,58.750649149275475,0.12698647880840183
4380,FlexibleCantilever_1,434.2868998005266,151,-15.713100199473379,0.12698647880840183
4380,FlexibleCantilever_2,645.1793142145483,151,-54.820685785451715,0.12698647880840183
4380,FlexibleCantilever_3,972.6338885138989,151,22.633888513898857,0.12698647880840183
4400,FlexibleCantilever_0,203.0736638561103,151,3.07366385611031,0.12654434885805707
4400,FlexibleCantilever_1,382.57588346543173,151,-67.42411653456827,0.12654434885805707
4400,FlexibleCantilever_2,709.6513269409469,151,9.651326940946857,0.12654434885805707
4400,FlexibleCantilever_3,1021.3900039208788,151,71.39000392087887,0.12654434885805707
4420,FlexibleCantilever_0,152.70130765713378,151,-47.298692342866204,0.12350164105188564
4420,FlexibleCantilever_1,392.0665324151372,151,-57.9334675848628,0.12350164105188564
4420,FlexibleCantilever_2,767.6439244306546,151,67.64392443065452,0.12350164105188564
4420,FlexibleCantilever_3,1007.174142134726,151,57.174142134726004,0.12350164105188564
4440,FlexibleCantilever_0,149.4227698153254,151,-50.57723018467459,0.1254661788509613
4440,FlexibleCantilever_1,457.05324706881777,151,7.05324706881779,0.1254661788509613
4440,FlexibleCantilever_2,767.9658704080213,151,67.9658704080213,0.1254661788509613
4440,FlexibleCantilever_3,940.9368069995518,151,-9.063193000448248,0.1254661788509613
4460,FlexibleCantilever_0,198.5314248186108,151,-1.4685751813892005,0.12080206370541113
4460,FlexibleCantilever_1,519.445685640733,151,69.44568564073299,0.12080206370541113
4460,FlexibleCantilever_2,714.5158128520286,151,14.51581285202855,0.12080206370541113
4460,FlexibleCantilever_3,880.7367643953489,151,-69.26323560465103,0.12080206370541113
4480,FlexibleCantilever_0,258.11989624111635,151,58.119896241116365,0.13007250332320494
4480,FlexibleCantilever_1,518.9723400821251,151,68.97234008212519,0.13007250332320494
4480,FlexibleCantilever_2,649.9953793898054,151,-50.00462061019464,0.13007250332320494
4480,FlexibleCantilever_3,882.8460593971503,151,-67.15394060284969,0.13007250332320494
4500,FlexibleCantilever_0,273.6519775872622,151,73.65197758726217,0.13256129430027158
4500,FlexibleCantilever_1,464.6722779381988,151,14.672277938198818,0.13256129430027158
4500,FlexibleCantilever_2,629.6315528123079,151,-70.36844718769215,0.13256129430027158
4500,FlexibleCantilever_3,940.4253359865845,151,-9.57466401341544,0.13256129430027158
4520,FlexibleCantilever_0,235.26891619452363,151,35.26891619452363,0.13178550863911287
4520,FlexibleCantilever_1,397.3531850867722,151,-52.646814913227786,0.13178550863911287
4520,FlexibleCantilever_2,670.728949297077,151,-29.271050702923038,0.13178550863911287
4520,FlexibleCantilever_3,1006.5725278313616,151,56.57252783136162,0.13178550863911287
4540,FlexibleCantilever_0,173.66162474367079,151,-26.33837525632921,0.12890520244301656
4540,FlexibleCantilever_1,377.6417420831094,151,-72.35825791689057,0.12890520244301656
4540,FlexibleCantilever_2,738.4914051177557,151,38.491405117755676,0.12890520244301656
4540,FlexibleCantilever_3,1022.5901919525224,151,72.59019195252247,0.12890520244301656
4560,FlexibleCantilever_0,139.36745734497117,151,-60.63254265502884,0.12624425144823773
4560,FlexibleCantilever_1,425.71053824338134,151,-24.289461756618646,0.12624425144823773
4560,FlexibleCantilever_2,774.9737021430706,151,74.9737021430706,0.12624425144823773
4560,FlexibleCantilever_3,973.6105475619908,151,23.610547561990757,0.12624425144823773
4580,FlexibleCantilever_0,166.50890004788744,151,-33.491099952112556,0.12555179382749104
4580,FlexibleCantilever_1,497.17967229889433,151,47.17967229889435,0.12555179382749104
4580,FlexibleCantilever_2,749.7319879866559,151,49.73198798665588,0.12555179382749104
4580,FlexibleCantilever_3,901.216803224185,151,-48.783196775814964,0.12555179382749104
4600,FlexibleCantilever_0,231.02267497586473,151,31.022674975864717,0.12440568289911402
4600,FlexibleCantilever_1,524.8954126657759,151,74.89541266577586,0.12440568289911402
4600,FlexibleCantilever_2,684.5269304112458,151,-15.473069588754287,0.12440568289911402
4600,FlexibleCantilever_3,875.0066320677834,151,-74.99336793221659,0.12440568289911402
4620,FlexibleCantilever_0,275.0,151,75.0,0.12730339623456516
4620,FlexibleCantilever_1,488.1303747982611,151,38.130374798261066,0.12730339623456516
4620,FlexibleCantilever_2,634.8705678217202,151,-65.12943217827973,0.12730339623456516
4620,FlexibleCantilever_3,910.0823141652027,151,-39.91768583479735,0.12730339623456516
4640,FlexibleCantilever_0,258.8363725497488,151,58.836372549748766,0.13587617925714593
4640,FlexibleCantilever_1,415.2402193506702,151,-34.75978064932981,0.13587617925714593
4640,FlexibleCantilever_2,642.5556621746805,151,-57.4443378253195,0.13587617925714593
4640,FlexibleCantilever_3,981.3522922824104,151,31.352292282410374,0.13587617925714593
4660,FlexibleCantilever_0,198.46774101766138,151,-1.5322589823386084,0.12829008830599614
4660,FlexibleCantilever_1,375.0,151,-75.0,0.12829008830599614
4660,FlexibleCantilever_2,700.3356457002913,151,0.33564570029125385,0.12829008830599614
4660,FlexibleCantilever_3,1025.0,151,75.0,0.12829008830599614
4680,FlexibleCantilever_0,141.71106557200105,151,-58.28893442799896,0.1285905018394888
4680,FlexibleCantilever_1,398.94785764279504,151,-51.052142357204936,0.1285905018394888
4680,FlexibleCantilever_2,760.4278060573006,151,60.42780605730064,0.1285905018394888
4680,FlexibleCantilever_3,1000.8449352925257,151,50.844935292525726,0.1285905018394888
4700,FlexibleCantilever_0,139.14286589139573,151,-60.857134108604285,0.14051753581920345
4700,FlexibleCantilever_1,468.6614839151568,151,18.66148391515682,0.14051753581920345
4700,FlexibleCantilever_2,771.7414925075725,151,71.74149250757252,0.14051753581920345
4700,FlexibleCantilever_3,929.6105022417657,151,-20.389497758234217,0.14051753581920345
4720,FlexibleCantilever_0,194.57582441358286,151,-5.424175586417126,0.135454102415845
4720,FlexibleCantilever_1,522.486790682143,151,72.48679068214307,0.135454102415845
4720,FlexibleCantilever_2,725.3369281663506,151,25.336928166350663,0.135454102415845
4720,FlexibleCantilever_3,875.0,151,-75.0,0.135454102415845
4740,FlexibleCantilever_0,258.7869125795234,151,58.78691257952342,0.1254505291680062
4740,FlexibleCantilever_1,511.75386981204826,151,61.75386981204827,0.1254505291680062
4740,FlexibleCantilever_2,661.1545810282113,151,-38.84541897178877,0.1254505291680062
4740,FlexibleCantilever_3,887.8916262349195,151,-62.10837376508052,0.1254505291680062
4760,FlexibleCantilever_0,273.7408398032245,151,73.74083980322447,0.12578141342352334
4760,FlexibleCantilever_1,448.929583792418,151,-1.070416207582006,0.12578141342352334
4760,FlexibleCantilever_2,632.1022891463375,151,-67.89771085366246,0.12578141342352334
4760,FlexibleCantilever_3,951.5336684207696,151,1.5336684207695161,0.12578141342352334
4780,FlexibleCantilever_0,234.04479108077516,151,34.04479108077514,0.13200112983953738
4780,FlexibleCantilever_1,384.77032224960635,151,-65.22967775039362,0.13200112983953738
4780,FlexibleCantilever_2,661.3271906902066,151,-38.672809309793344,0.13200112983953738
4780,FlexibleCantilever_3,1013.9708412061052,151,63.970841206105185,0.13200112983953738
4800,FlexibleCantilever_0,169.7616582982449,151,-30.238341701755104,0.12900935509737357
4800,FlexibleCantilever_1,379.9856739942734,151,-70.01432600572664,0.12900935509737357
4800,FlexibleCantilever_2,725.3430480644872,151,25.343048064487196,0.12900935509737357
4800,FlexibleCantilever_3,1018.1693278890643,151,68.16932788906436,0.12900935509737357
4820,FlexibleCantilever_0,135.61439443110038,151,-64.38560556889962,0.12535599593202162
4820,FlexibleCantilever_1,434.9281249150568,151,-15.071875084943185,0.12535599593202162
4820,FlexibleCantilever_2,771.5501571354791,151,71.55015713547908,0.12535599593202162
4820,FlexibleCantilever_3,960.3656116040311,151,10.365611604031022,0.12535599593202162
4840,FlexibleCantilever_0,162.01736014963916,151,-37.98263985036083,0.12453744816709086
4840,FlexibleCantilever_1,504.72462216768247,151,54.72462216768249,0.12453744816709086
4840,FlexibleCantilever_2,760.8621062825196,151,60.862106282519555,0.12453744816709086
4840,FlexibleCantilever_3,890.8899712994288,151,-59.11002870057117,0.12453744816709086
4860,FlexibleCantilever_0,225.37154864093125,151,25.371548640931255,0.12532571802006093
4860,FlexibleCantilever_1,524.3056525903553,151,74.30565259035524,0.12532571802006093
4860,FlexibleCantilever_2,702.408013848663,151,2.4080138486630354,0.12532571802006093
4860,FlexibleCantilever_3,876.5054027306096,151,-73.49459726939044,0.12532571802006093
4880,FlexibleCantilever_0,273.4470935076208,151,73.44709350762079,0.12342815033014741
4880,FlexibleCantilever_1,484.04859028919,151,34.048590289189974,0.12342815033014741
4880,FlexibleCantilever_2,644.905388000462,151,-55.09461199953794,0.12342815033014741
4880,FlexibleCantilever_3,921.4407336640826,151,-28.559266335917368,0.12342815033014741
4900,FlexibleCantilever_0,265.7138958587116,151,65.71389585871161,0.12513369748495587
4900,FlexibleCantilever_1,413.6918714130085,151,-36.308128586991465,0.12513369748495587
4900,FlexibleCantilever_2,635.8145635820682,151,-64.1854364179318,0.12513369748495587
4900,FlexibleCantilever_3,992.089848695551,151,42.08984869555106,0.12513369748495587
4920,FlexibleCantilever_0,214.37491273979904,151,14.374912739799042,0.1276079731336722
4920,FlexibleCantilever_1,375.0,151,-75.0,0.1276079731336722
4920,FlexibleCantilever_2,682.5665657875263,151,-17.43343421247366,0.1276079731336722
4920,FlexibleCantilever_3,1025.0,151,75.0,0.1276079731336722
4940,FlexibleCantilever_0,159.44490578875764,151,-40.55509421124237,0.12979972327809564
4940,FlexibleCantilever_1,401.8732068039889,151,-48.12679319601109,0.12979972327809564
4940,FlexibleCantilever_2,747.109706801709,151,47.10970680170895,0.12979972327809564
4940,FlexibleCantilever_3,990.7568352759047,151,40.756835275904656,0.12979972327809564
4960,FlexibleCantilever_0,145.26523735588512,151,-54.734762644114866,0.12397584881393399
4960,FlexibleCantilever_1,472.3565378234324,151,22.356537823432415,0.12397584881393399
4960,FlexibleCantilever_2,774.4705409458314,151,74.47054094583147,0.12397584881393399
4960,FlexibleCantilever_3,918.8271591213106,151,-31.172840878689385,0.12397584881393399
4980,FlexibleCantilever_0,186.25135917672512,151,-13.748640823274872,0.12471319595555254
4980,FlexibleCantilever_1,525.0,151,75.0,0.12471319595555254
4980,FlexibleCantilever_2,742.5170973220849,151,42.51709732208482,0.12471319595555254
4980,FlexibleCantilever_3,875.0,151,-75.0,0.12471319595555254
5000,FlexibleCantilever_0,247.04675795860624,151,47.04675795860624,0.1222740283589193
5000,FlexibleCantilever_1,512.4728053719816,151,62.472805371981636,0.1222740283589193
5000,FlexibleCantilever_2,677.3190294118265,151,-22.6809705881735,0.1222740283589193
5000,FlexibleCantilever_3,896.3836321550228,151,-53.61636784497718,0.1222740283589193
5020,FlexibleCantilever_0,275.0,151,75.0,0.12107703619365161
5020,FlexibleCantilever_1,451.9023675477626,151,1.9023675477625832,0.12107703619365161
5020,FlexibleCantilever_2,633.8019657255751,151,-66.1980342744249,0.12107703619365161
5020,FlexibleCantilever_3,963.9014935885281,151,13.901493588528107,0.12107703619365161
5040,FlexibleCantilever_0,251.4701965671287,151,51.4701965671287,0.1240711526342897
5040,FlexibleCantilever_1,389.04431908841696,151,-60.95568091158303,0.1240711526342897
5040,FlexibleCantilever_2,648.5741117204445,151,-51.425888279555416,0.1240711526342897
5040,FlexibleCantilever_3,1018.3492049321222,151,68.34920493212226,0.1240711526342897
5060,FlexibleCantilever_0,192.80219580257787,151,-7.197804197422123,0.1271591353704442
5060,FlexibleCantilever_1,379.2044669146105,151,-70.79553308538951,0.1271591353704442
5060,FlexibleCantilever_2,708.8793211022656,151,8.879321102265656,0.1271591353704442
5060,FlexibleCantilever_3,1010.6992749856098,151,60.699274985609854,0.1271591353704442
5080,FlexibleCantilever_0,147.54672069816866,151,-52.45327930183135,0.12587988803833777
5080,FlexibleCantilever_1,432.11853940041567,151,-17.88146059958431,0.12587988803833777
5080,FlexibleCantilever_2,763.3772805933917,151,63.37728059339166,0.12587988803833777
5080,FlexibleCantilever_3,947.80140408171,151,-2.198595918290061,0.12587988803833777
5100,FlexibleCantilever_0,158.00609824093584,151,-41.99390175906417,0.1230108341574646
5100,FlexibleCantilever_1,502.36647195890987,151,52.36647195890988,0.1230108341574646
5100,FlexibleCantilever_2,765.5466093881503,151,65.54660938815022,0.1230108341574646
5100,FlexibleCantilever_3,885.5636086936914,151,-64.43639130630854,0.1230108341574646
5120,FlexibleCantilever_0,214.03852623233615,151,14.03852623233615,0.12341090229631546
5120,FlexibleCantilever_1,524.7316115158204,151,74.73161151582045,0.12341090229631546
5120,FlexibleCantilever_2,713.0198910937543,151,13.01989109375428,0.12341090229631546
5120,FlexibleCantilever_3,880.4885039021633,151,-69.51149609783668,0.12341090229631546
5140,FlexibleCantilever_0,266.8845344471914,151,66.8845344471914,0.12176704169410443
5140,FlexibleCantilever_1,487.718923316675,151,37.718923316674974,0.12176704169410443
5140,FlexibleCantilever_2,650.1455976259908,151,-49.854402374009204,0.12176704169410443
5140,FlexibleCantilever_3,933.946127354058,151,-16.05387264594198,0.12176704169410443
5160,FlexibleCantilever_0,270.0552478801539,151,70.05524788015391,0.13159750556366231
5160,FlexibleCantilever_1,417.4932784882367,151,-32.506721511763345,0.13159750556366231
5160,FlexibleCantilever_2,631.361883660163,151,-68.638116339837,0.13159750556366231
5160,FlexibleCantilever_3,1000.7499545324763,151,50.74995453247628,0.13159750556366231
5180,FlexibleCantilever_0,222.25487444733446,151,22.254874447334448,0.12325414258373457
5180,FlexibleCantilever_1,375.0,151,-75.0,0.12325414258373457
5180,FlexibleCantilever_2,672.170310222423,151,-27.829689777576966,0.12325414258373457
5180,FlexibleCantilever_3,1020.9177626921901,151,70.91776269219005,0.12325414258373457
5200,FlexibleCantilever_0,161.2302934891095,151,-38.769706510890515,0.1254349934250344
5200,FlexibleCantilever_1,397.39298706822007,151,-52.60701293177993,0.1254349934250344
5200,FlexibleCantilever_2,737.2778600366125,151,37.27786003661254,0.1254349934250344
5200,FlexibleCantilever_3,976.6178031881759,151,26.617803188175962,0.1254349934250344
5220,FlexibleCantilever_0,140.2137963176524,151,-59.786203682347605,0.13369229255791445
5220,FlexibleCantilever_1,466.2739581473346,151,16.273958147334593,0.13369229255791445
5220,FlexibleCantilever_2,770.2234520028896,151,70.22345200288959,0.13369229255791445
5220,FlexibleCantilever_3,906.604965617204,151,-43.395034382795934,0.13369229255791445
5240,FlexibleCantilever_0,181.7847130658352,151,-18.2152869341648,0.13436881038279389
5240,FlexibleCantilever_1,522.5486676519255,151,72.54866765192553,0.13436881038279389
5240,FlexibleCantilever_2,743.1641614171417,151,43.16416141714172,0.13436881038279389
5240,FlexibleCantilever_3,875.0,151,-75.0,0.13436881038279389
5260,FlexibleCantilever_0,245.82450770273016,151,45.824507702730166,0.12695598864511523
5260,FlexibleCantilever_1,514.6740598873853,151,64.67405988738528,0.12695598864511523
5260,FlexibleCantilever_2,677.5977109176517,151,-22.402289082348226,0.12695598864511523
5260,FlexibleCantilever_3,906.9383633811282,151,-43.06163661887184,0.12695598864511523
5280,FlexibleCantilever_0,275.0,151,75.0,0.12923587920704713
5280,FlexibleCantilever_1,455.3021786924365,151,5.302178692436485,0.12923587920704713
5280,FlexibleCantilever_2,631.9941083368651,151,-68.00589166313483,0.12923587920704713
5280,FlexibleCantilever_3,975.9485699764037,151,25.948569976403697,0.12923587920704713
5300,FlexibleCantilever_0,245.46311151345012,151,45.46311151345012,0.12617026722561622
5300,FlexibleCantilever_1,390.1369158415353,151,-59.863084158464666,0.12617026722561622
5300,FlexibleCantilever_2,646.3193525495271,151,-53.68064745047286,0.12617026722561622
5300,FlexibleCantilever_3,1020.1369290632208,151,70.13692906322078,0.12617026722561622
5320,FlexibleCantilever_0,178.82092006927186,151,-21.179079930728136,0.12384172482697672
5320,FlexibleCantilever_1,377.6670681738349,151,-72.33293182616515,0.12384172482697672
5320,FlexibleCantilever_2,708.1946438978416,151,8.194643897841642,0.12384172482697672
5320,FlexibleCantilever_3,999.8703197365829,151,49.87031973658297,0.12384172482697672
5340,FlexibleCantilever_0,134.2377303045454,151,-65.76226969545459,0.12741560331585497
5340,FlexibleCantilever_1,427.64856733026,151,-22.351432669740014,0.12741560331585497
5340,FlexibleCantilever_2,762.5282919796654,151,62.52829197966539,0.12741560331585497
5340,FlexibleCantilever_3,932.9540597515688,151,-17.045940248431133,0.12741560331585497
5360,FlexibleCantilever_0,154.58549677529683,151,-45.41450322470317,0.15153609589276634
5360,FlexibleCantilever_1,499.7640488569891,151,49.76404885698915,0.15153609589276634
5360,FlexibleCantilever_2,762.2301257063554,151,62.2301257063553,0.15153609589276634
5360,FlexibleCantilever_3,879.0844005692492,151,-70.91559943075086,0.15153609589276634
5380,FlexibleCantilever_0,219.78941047876575,151,19.789410478765735,0.14316618225452163
5380,FlexibleCantilever_1,525.0,151,75.0,0.14316618225452163
5380,FlexibleCantilever_2,707.2929617564253,151,7.292961756425294,0.14316618225452163
5380,FlexibleCantilever_3,886.3887647998886,151,-63.6112352001114,0.14316618225452163
5400,FlexibleCantilever_0,271.1045567141334,151,71.10455671413344,0.12812910242936992
5400,FlexibleCantilever_1,492.22773261587025,151,42.22773261587025,0.12812910242936992
5400,FlexibleCantilever_2,645.4687379255143,151,-54.53126207448565,0.12812910242936992
5400,FlexibleCantilever_3,945.6697752529235,151,-4.330224747076549,0.12812910242936992
5420,FlexibleCantilever_0,264.1397376099209,151,64.13973760992094,0.12428637306211478
5420,FlexibleCantilever_1,421.96527423526067,151,-28.034725764739314,0.12428637306211478
5420,FlexibleCantilever_2,632.4791580724396,151,-67.52084192756031,0.12428637306211478
5420,FlexibleCantilever_3,1006.5729542853702,151,56.57295428537022,0.12428637306211478
5440,FlexibleCantilever_0,207.45150983405802,151,7.451509834058002,0.12701870241014784
5440,FlexibleCantilever_1,375.0,151,-75.0,0.12701870241014784
5440,FlexibleCantilever_2,679.231105819477,151,-20.768894180523027,0.12701870241014784
5440,FlexibleCantilever_3,1015.5053713746444,151,65.50537137464433,0.12701870241014784
5460,FlexibleCantilever_0,150.50298893606566,151,-49.497011063934345,0.12443262004974644
5460,FlexibleCantilever_1,391.71416573826036,151,-58.28583426173964,0.12443262004974644
5460,FlexibleCantilever_2,744.0569956240977,151,44.05699562409765,0.12443262004974644
5460,FlexibleCantilever_3,965.2752022136417,151,15.275202213641707,0.12443262004974644
5480,FlexibleCantilever_0,144.96751778857478,151,-55.032482211425226,0.12186814989131554
5480,FlexibleCantilever_1,457.5510640752289,151,7.5510640752289335,0.12186814989131554
5480,FlexibleCantilever_2,770.1153734035286,151,70.11537340352855,0.12186814989131554
5480,FlexibleCantilever_3,899.790539881731,151,-50.20946011826899,0.12186814989131554
5500,FlexibleCantilever_0,196.29083398208718,151,-3.7091660179128088,0.1382918752771725
5500,FlexibleCantilever_1,519.8489297194768,151,69.84892971947677,0.1382918752771725
5500,FlexibleCantilever_2,735.3016046842918,151,35.30160468429178,0.1382918752771725
5500,FlexibleCantilever_3,876.0475321340575,151,-73.95246786594244,0.1382918752771725
5520,FlexibleCantilever_0,258.3072430686851,151,58.307243068685125,0.13486860269014078
5520,FlexibleCantilever_1,519.310255007405,151,69.31025500740496,0.13486860269014078
5520,FlexibleCantilever_2,668.7764309251635,151,-31.22356907483654,0.13486860269014078
5520,FlexibleCantilever_3,912.88141685203,151,-37.118583147969986,0.13486860269014078
5540,FlexibleCantilever_0,273.674512882669,151,73.67451288266899,0.1276439607389643
5540,FlexibleCantilever_1,465.9013661354594,151,15.901366135459376,0.1276439607389643
5540,FlexibleCantilever_2,630.5750729385378,151,-69.42492706146221,0.1276439607389643
5540,FlexibleCantilever_3,979.6034503993559,151,29.603450399355857,0.1276439607389643
5560,FlexibleCantilever_0,234.55125153759639,151,34.551251537596386,0.12611998180200526
5560,FlexibleCantilever_1,397.5980387136959,151,-52.40196128630408,0.12611998180200526
5560,FlexibleCantilever_2,653.9964323651025,151,-46.00356763489755,0.12611998180200526
5560,FlexibleCantilever_3,1019.4788387506202,151,69.47883875062018,0.12611998180200526
5580,FlexibleCantilever_0,173.63026525168317,151,-26.369734748316823,0.12691363366473646
5580,FlexibleCantilever_1,375.4628948826132,151,-74.5371051173868,0.12691363366473646
5580,FlexibleCantilever_2,718.0095158033719,151,18.00951580337185,0.12691363366473646
5580,FlexibleCantilever_3,999.4739296639281,151,49.47392966392806,0.12691363366473646
5600,FlexibleCantilever_0,141.4027062087092,151,-58.59729379129081,0.1220417279094259
5600,FlexibleCantilever_1,416.04572737004855,151,-33.954272629951426,0.1220417279094259
5600,FlexibleCantilever_2,765.8121010155679,151,65.81210101556793,0.1220417279094259
5600,FlexibleCantilever_3,937.7447770549784,151,-12.255222945021643,0.1220417279094259
5620,FlexibleCantilever_0,169.76279689673453,151,-30.237203103265472,0.12704756365754488
5620,FlexibleCantilever_1,488.6951944171594,151,38.69519441715943,0.12704756365754488
5620,FlexibleCantilever_2,755.8459371677122,151,55.845937167712236,0.12704756365754488
5620,FlexibleCantilever_3,887.2293557592737,151,-62.770644240726206,0.12704756365754488
5640,FlexibleCantilever_0,232.80573841167813,151,32.805738411678135,0.13453209618675538
5640,FlexibleCantilever_1,525.0,151,75.0,0.13453209618675538
5640,FlexibleCantilever_2,696.3868789310299,151,-3.6131210689701554,0.13453209618675538
5640,FlexibleCantilever_3,889.4238267778601,151,-60.57617322213987,0.13453209618675538
5660,FlexibleCantilever_0,275.0,151,75.0,0.13302707160064509
5660,FlexibleCantilever_1,501.33981994729135,151,51.33981994729136,0.13302707160064509
5660,FlexibleCantilever_2,639.6631948140318,151,-60.33680518596817,0.13302707160064509
5660,FlexibleCantilever_3,942.0008454698363,151,-7.999154530163688,0.13302707160064509
5680,FlexibleCantilever_0,258.04280047688934,151,58.04280047688933,0.13010310135071054
5680,FlexibleCantilever_1,433.43109434269127,151,-16.56890565730874,0.13010310135071054
5680,FlexibleCantilever_2,635.8070081699461,151,-64.19299183005381,0.13010310135071054
5680,FlexibleCantilever_3,1002.5642176047309,151,52.564217604730864,0.13010310135071054
5700,FlexibleCantilever_0,198.40530337743755,151,-1.5946966225624615,0.13153206538865966
5700,FlexibleCantilever_1,377.96035178986466,151,-72.03964821013533,0.13153206538865966
5700,FlexibleCantilever_2,688.1349030414734,151,-11.86509695852656,0.13153206538865966
5700,FlexibleCantilever_3,1020.8359798132483,151,70.83597981324826,0.13153206538865966
5720,FlexibleCantilever_0,144.3293161434488,151,-55.67068385655118,0.1260897296025645
5720,FlexibleCantilever_1,386.8265315723248,151,-63.173468427675175,0.1260897296025645
5720,FlexibleCantilever_2,750.7923038496294,151,50.79230384962944,0.1260897296025645
5720,FlexibleCantilever_3,982.0973135129112,151,32.097313512911256,0.1260897296025645
5740,FlexibleCantilever_0,145.8577556673967,151,-54.14224433260331,0.1425247407343257
5740,FlexibleCantilever_1,449.5066266626438,151,-0.4933733373562448,0.1425247407343257
5740,FlexibleCantilever_2,767.9263187741296,151,67.92631877412958,0.1425247407343257
5740,FlexibleCantilever_3,920.4548196451617,151,-29.54518035483833,0.1425247407343257
5760,FlexibleCantilever_0,205.61839667876245,151,5.618396678762453,0.12722982899947707
5760,FlexibleCantilever_1,514.0420054935257,151,64.0420054935257,0.12722982899947707
5760,FlexibleCantilever_2,724.7568755390131,151,24.75687553901305,0.12722982899947707
5760,FlexibleCantilever_3,886.1495525184705,151,-63.850447481529464,0.12722982899947707
5780,FlexibleCantilever_0,269.9424796303912,151,69.94247963039119,0.13576953123776064
5780,FlexibleCantilever_1,520.7226832369547,151,70.72268323695468,0.13576953123776064
5780,FlexibleCantilever_2,659.0273422013101,151,-40.972657798689845,0.13576953123776064
5780,FlexibleCantilever_3,905.9557169609453,151,-44.04428303905466,0.13576953123776064
5800,FlexibleCantilever_0,271.88964658444456,151,71.88964658444459,0.13368172620687524
5800,FlexibleCantilever_1,468.9122799556732,151,18.912279955673235,0.13368172620687524
5800,FlexibleCantilever_2,630.1193297073214,151,-69.88067029267857,0.13368172620687524
5800,FlexibleCantilever_3,964.0661644051635,151,14.066164405163443,0.13368172620687524
5820,FlexibleCantilever_0,226.7852941090136,151,26.785294109013588,0.13220962345221327
5820,FlexibleCantilever_1,398.76328709235105,151,-51.23671290764895,0.13220962345221327
5820,FlexibleCantilever_2,663.0093062455405,151,-36.990693754459414,0.13220962345221327
5820,FlexibleCantilever_3,1014.7616294908307,151,64.7616294908307,0.13220962345221327
5840,FlexibleCantilever_0,163.61845369926274,151,-36.381546300737256,0.13149922918812468
5840,FlexibleCantilever_1,375.34281101382874,151,-74.65718898617125,0.13149922918812468
5840,FlexibleCantilever_2,728.640833866095,151,28.64083386609498,0.13149922918812468
5840,FlexibleCantilever_3,1015.1167426540162,151,65.11674265401618,0.13149922918812468
5860,FlexibleCantilever_0,134.92425150451808,151,-65.07574849548192,0.13370971450832073
5860,FlexibleCantilever_1,415.0278207062376,151,-34.97217929376238,0.13370971450832073
5860,FlexibleCantilever_2,767.5654476489118,151,67.56544764891179,0.13370971450832073
5860,FlexibleCantilever_3,965.2245665818107,151,15.224566581810725,0.13370971450832073
5880,FlexibleCantilever_0,170.93797312127518,151,-29.062026878724833,0.13110366272870982
5880,FlexibleCantilever_1,486.66887047787907,151,36.66887047787904,0.13110366272870982
5880,FlexibleCantilever_2,744.8060996051502,151,44.806099605150195,0.13110366272870982
5880,FlexibleCantilever_3,908.0434185380965,151,-41.95658146190351,0.13110366272870982
5900,FlexibleCantilever_0,240.71954124482775,151,40.719541244827745,0.12887517779879665
5900,FlexibleCantilever_1,525.0,151,75.0,0.12887517779879665
5900,FlexibleCantilever_2,681.2831101643663,151,-18.716889835633634,0.12887517779879665
5900,FlexibleCantilever_3,888.7926013198054,151,-61.20739868019459,0.12887517779879665
5920,FlexibleCantilever_0,275.0,151,75.0,0.13402801761351976
5920,FlexibleCantilever_1,498.2798476133153,151,48.27984761331532,0.13402801761351976
5920,FlexibleCantilever_2,634.1448898881805,151,-65.85511011181951,0.13402801761351976
5920,FlexibleCantilever_3,922.7108724457316,151,-27.28912755426833,0.13402801761351976
5940,FlexibleCantilever_0,252.82579807939743,151,52.825798079397444,0.13619127202040784
5940,FlexibleCantilever_1,427.64929406148593,151,-22.35070593851409,0.13619127202040784
5940,FlexibleCantilever_2,644.348621699952,151,-55.65137830004798,0.13619127202040784
5940,FlexibleCantilever_3,982.7318766351664,151,32.73187663516638,0.13619127202040784
5960,FlexibleCantilever_0,190.1686330042326,151,-9.831366995767407,0.13182810945390974
5960,FlexibleCantilever_1,375.0,151,-75.0,0.13182810945390974
5960,FlexibleCantilever_2,703.17627915429,151,3.176279154289985,0.13182810945390974
5960,FlexibleCantilever_3,1019.8059684454283,151,69.80596844542828,0.13182810945390974
5980,FlexibleCantilever_0,139.754119608394,151,-60.245880391605986,0.13557444100751234
5980,FlexibleCantilever_1,389.0695323230409,151,-60.93046767695909,0.13557444100751234
5980,FlexibleCantilever_2,758.2027126347167,151,58.202712634716725,0.13557444100751234
5980,FlexibleCantilever_3,1001.5651102661911,151,51.56511026619114,0.13557444100751234
6000,FlexibleCantilever_0,149.81836466868785,151,-50.18163533131216,0.13406686762030626
6000,FlexibleCantilever_1,453.3373019202972,151,3.3373019202971905,0.13406686762030626
6000,FlexibleCantilever_2,759.8450889582219,151,59.84508895822198,0.13406686762030626
6000,FlexibleCantilever_3,944.1303221368933,151,-5.869677863106725,0.13406686762030626
6020,FlexibleCantilever_0,213.41533824665316,151,13.415338246653157,0.12988621410233153
6020,FlexibleCantilever_1,515.2375963796499,151,65.23759637964982,0.12988621410233153
6020,FlexibleCantilever_2,707.3153988247273,151,7.315398824727197,0.12988621410233153
6020,FlexibleCantilever_3,895.6126710190377,151,-54.38732898096225,0.12988621410233153
6040,FlexibleCantilever_0,271.3725832313487,151,71.3725832313487,0.1285986067403069
6040,FlexibleCantilever_1,518.9903751427918,151,68.99037514279178,0.1285986067403069
6040,FlexibleCantilever_2,647.807481699899,151,-52.19251830010098,0.1285986067403069
6040,FlexibleCantilever_3,895.570777976801,151,-54.42922202319905,0.1285986067403069
6060,FlexibleCantilever_0,267.0202053245237,151,67.02020532452372,0.12787095784134028
6060,FlexibleCantilever_1,464.3112445148929,151,14.311244514892879,0.12787095784134028
6060,FlexibleCantilever_2,634.4799649715278,151,-65.52003502847225,0.12787095784134028
6060,FlexibleCantilever_3,943.0483369423944,151,-6.95166305760559,0.12787095784134028
6080,FlexibleCantilever_0,213.144143787136,151,13.14414378713598,0.1315652761375735
6080,FlexibleCantilever_1,395.13486074811556,151,-54.86513925188447,0.1315652761375735
6080,FlexibleCantilever_2,678.4159987842072,151,-21.584001215792807,0.1315652761375735
6080,FlexibleCantilever_3,999.7638012869725,151,49.76380128697252,0.1315652761375735
6100,FlexibleCantilever_0,152.47574896635376,151,-47.52425103364623,0.13657623561708934
6100,FlexibleCantilever_1,375.932921724875,151,-74.067078275125,0.13657623561708934
6100,FlexibleCantilever_2,740.6845796763711,151,40.68457967637108,0.13657623561708934
6100,FlexibleCantilever_3,1016.4121264889396,151,66.41212648893962,0.13657623561708934
6120,FlexibleCantilever_0,137.3530013462759,151,-62.64699865372409,0.1328824386974874
6120,FlexibleCantilever_1,419.40352202876403,151,-30.596477971235988,0.1328824386974874
6120,FlexibleCantilever_2,765.0138901078202,151,65.0138901078202,0.1328824386974874
6120,FlexibleCantilever_3,978.2167864393562,151,28.216786439356213,0.1328824386974874
6140,FlexibleCantilever_0,186.26707309610316,151,-13.732926903896834,0.12992729590427027
6140,FlexibleCantilever_1,491.06256075198286,151,41.06256075198284,0.12992729590427027
6140,FlexibleCantilever_2,730.4029875384894,151,30.402987538489384,0.12992729590427027
6140,FlexibleCantilever_3,918.8800665567574,151,-31.11993344324266,0.12992729590427027
6160,FlexibleCantilever_0,256.25931502906,151,56.25931502906,0.12858905792284098
6160,FlexibleCantilever_1,525.0,151,75.0,0.12858905792284098
6160,FlexibleCantilever_2,668.3700432869988,151,-31.6299567130012,0.12858905792284098
6160,FlexibleCantilever_3,888.4345562611799,151,-61.565443738820186,0.12858905792284098
6180,FlexibleCantilever_0,274.88343082297723,151,74.88343082297722,0.12745983949812406
6180,FlexibleCantilever_1,497.6232597191449,151,47.62325971914494,0.12745983949812406
6180,FlexibleCantilever_2,634.7165763155025,151,-65.28342368449749,0.12745983949812406
6180,FlexibleCantilever_3,912.2572686244177,151,-37.74273137558223,0.12745983949812406
6200,FlexibleCantilever_0,242.11588401967919,151,42.115884019679186,0.12818275890284225
6200,FlexibleCantilever_1,428.49118581681086,151,-21.508814183189138,0.12818275890284225
6200,FlexibleCantilever_2,658.9953063918293,151,-41.004693608170676,0.12818275890284225
6200,FlexibleCantilever_3,969.4076974920025,151,19.407697492002463,0.12818275890284225
6220,FlexibleCantilever_0,179.54933410111514,151,-20.450665898884854,0.13221093980153303
6220,FlexibleCantilever_1,376.7719712177082,151,-73.2280287822918,0.13221093980153303
6220,FlexibleCantilever_2,719.0181144927703,151,19.018114492770387,0.13221093980153303
6220,FlexibleCantilever_3,1010.283593205614,151,60.28359320561403,0.13221093980153303
6240,FlexibleCantilever_0,138.64461605289966,151,-61.35538394710033,0.13443655409973743
6240,FlexibleCantilever_1,390.3931222618907,151,-59.60687773810929,0.13443655409973743
6240,FlexibleCantilever_2,760.0160085216113,151,60.01600852161134,0.13443655409973743
6240,FlexibleCantilever_3,998.9356437362626,151,48.935643736262534,0.13443655409973743
6260,FlexibleCantilever_0,157.43080997185686,151,-42.56919002814314,0.130278558677987
6260,FlexibleCantilever_1,456.10589036692653,151,6.105890366926539,0.130278558677987
6260,FlexibleCantilever_2,745.6501927206386,151,45.650192720638636,0.130278558677987
6260,FlexibleCantilever_3,945.2961252040471,151,-4.703874795952904,0.130278558677987
6280,FlexibleCantilever_0,221.0944899756357,151,21.094489975635707,0.12829674031528904
6280,FlexibleCantilever_1,517.4251376439956,151,67.42513764399565,0.12829674031528904
6280,FlexibleCantilever_2,689.9587133955107,151,-10.041286604489308,0.12829674031528904
6280,FlexibleCantilever_3,896.9483883186157,151,-53.0516116813843,0.12829674031528904
6300,FlexibleCantilever_0,275.0,151,75.0,0.12563167934926459
6300,FlexibleCantilever_1,518.2977920482004,151,68.29779204820045,0.12563167934926459
6300,FlexibleCantilever_2,643.2578403964619,151,-56.74215960353807,0.12563167934926459
6300,FlexibleCantilever_3,895.9510517098471,151,-54.048948290152865,0.12563167934926459
6320,FlexibleCantilever_0,266.90682201409976,151,66.90682201409976,0.12627768755406288
6320,FlexibleCantilever_1,462.6130783869588,151,12.61307838695882,0.12627768755406288
6320,FlexibleCantilever_2,647.6097228561597,151,-52.39027714384032,0.12627768755406288
6320,FlexibleCantilever_3,941.5064947947785,151,-8.493505205221464,0.12627768755406288
6340,FlexibleCantilever_0,214.95830132593622,151,14.958301325936219,0.12799584047928583
6340,FlexibleCantilever_1,394.64150238440266,151,-55.35849761559736,0.12799584047928583
6340,FlexibleCantilever_2,698.4696248132266,151,-1.5303751867734698,0.12799584047928583
6340,FlexibleCantilever_3,993.5343030712902,151,43.53430307129017,0.12799584047928583
6360,FlexibleCantilever_0,155.45845348190917,151,-44.54154651809082,0.1303951850635142
6360,FlexibleCantilever_1,376.66009788626445,151,-73.33990211373552,0.1303951850635142
6360,FlexibleCantilever_2,748.7524392759549,151,48.75243927595487,0.1303951850635142
6360,FlexibleCantilever_3,1005.9348885455713,151,55.93488854557135,0.1303951850635142
6380,FlexibleCantilever_0,136.62134249961008,151,-63.378657500389906,0.12953198263419582
6380,FlexibleCantilever_1,424.0629645380966,151,-25.937035461903417,0.12953198263419582
6380,FlexibleCantilever_2,752.8421255213794,151,52.84212552137949,0.12953198263419582
6380,FlexibleCantilever_3,968.721865065047,151,18.721865065047098,0.12953198263419582
6400,FlexibleCantilever_0,180.1707013869915,151,-19.829298613008483,0.12846890647137726
6400,FlexibleCantilever_1,495.2517793130637,151,45.25177931306368,0.12846890647137726
6400,FlexibleCantilever_2,708.5553449679242,151,8.555344967924206,0.12846890647137726
6400,FlexibleCantilever_3,914.8948921253976,151,-35.10510787460241,0.12846890647137726
6420,FlexibleCantilever_0,249.3067352869933,151,49.3067352869933,0.12836000681420037
6420,FlexibleCantilever_1,525.0,151,75.0,0.12836000681420037
6420,FlexibleCantilever_2,655.5732447976135,151,-44.42675520238647,0.12836000681420037
6420,FlexibleCantilever_3,893.1335188879532,151,-56.86648111204677,0.12836000681420037
6440,FlexibleCantilever_0,275.0,151,75.0,0.12405207022949302
6440,FlexibleCantilever_1,490.11552776190086,151,40.115527761900864,0.12405207022949302
6440,FlexibleCantilever_2,642.9070049709634,151,-57.09299502903662,0.12405207022949302
6440,FlexibleCantilever_3,921.261275331151,151,-28.73872466884904,0.12405207022949302
6460,FlexibleCantilever_0,250.62052333175689,151,50.6205233317569,0.1268027849080484
6460,FlexibleCantilever_1,417.65837748351515,151,-32.341622516484854,0.1268027849080484
6460,FlexibleCantilever_2,681.0058029207971,151,-18.994197079202884,0.1268027849080484
6460,FlexibleCantilever_3,973.7594708964496,151,23.759470896449578,0.1268027849080484
6480,FlexibleCantilever_0,189.5796971462385,151,-10.420302853761507,0.12759747014425193
6480,FlexibleCantilever_1,375.0,151,-75.0,0.12759747014425193
6480,FlexibleCantilever_2,734.2292409738623,151,34.229240973862304,0.12759747014425193
6480,FlexibleCantilever_3,1003.6147137931557,151,53.61471379315573,0.12759747014425193
6500,FlexibleCantilever_0,140.70553408453094,151,-59.29446591546906,0.1259803231273711
6500,FlexibleCantilever_1,398.2949540021031,151,-51.70504599789689,0.1259803231273711
6500,FlexibleCantilever_2,753.7314118717746,151,53.73141187177466,0.1259803231273711
6500,FlexibleCantilever_3,985.7574312452114,151,35.757431245211365,0.1259803231273711
6520,FlexibleCantilever_0,148.7778245845279,151,-51.2221754154721,0.12899672772573884
6520,FlexibleCantilever_1,467.18119247628016,151,17.18119247628018,0.12899672772573884
6520,FlexibleCantilever_2,723.7669714047639,151,23.76697140476396,0.12899672772573884
6520,FlexibleCantilever_3,935.1599594385782,151,-14.840040561421857,0.12899672772573884
6540,FlexibleCantilever_0,208.81824907837463,151,8.818249078374633,0.12815322719866246
6540,FlexibleCantilever_1,518.6030196933643,151,68.60301969336437,0.12815322719866246
6540,FlexibleCantilever_2,671.2459741293734,151,-28.75402587062656,0.12815322719866246
6540,FlexibleCantilever_3,897.8140557563463,151,-52.18594424365369,0.12815322719866246
6560,FlexibleCantilever_0,267.77038079746467,151,67.77038079746464,0.12402998669928686
6560,FlexibleCantilever_1,507.5102837673054,151,57.5102837673054,0.12402998669928686
6560,FlexibleCantilever_2,644.9136139081807,151,-55.08638609181937,0.12402998669928686
6560,FlexibleCantilever_3,906.3121683831803,151,-43.68783161681972,0.12402998669928686
6580,FlexibleCantilever_0,270.72390195036843,151,70.72390195036841,0.1242437773153453
6580,FlexibleCantilever_1,442.39003228014974,151,-7.609967719850271,0.1242437773153453
6580,FlexibleCantilever_2,668.7380748327205,151,-31.261925167279543,0.1242437773153453
6580,FlexibleCantilever_3,952.3895392727237,151,2.3895392727237046,0.1242437773153453
6600,FlexibleCantilever_0,224.2218801461996,151,24.221880146199595,0.12604251686705362
6600,FlexibleCantilever_1,380.87841927604086,151,-69.12158072395914,0.12604251686705362
6600,FlexibleCantilever_2,719.5063180128616,151,19.506318012861566,0.12604251686705362
6600,FlexibleCantilever_3,994.9267297782599,151,44.9267297782599,0.12604251686705362
6620,FlexibleCantilever_0,162.34828858682098,151,-37.65171141317902,0.1247502088272087
6620,FlexibleCantilever_1,382.9375284856125,151,-67.0624715143875,0.1247502088272087
6620,FlexibleCantilever_2,750.2048535504438,151,50.204853550443815,0.1247502088272087
6620,FlexibleCantilever_3,997.6812881899893,151,47.68128818998937,0.1247502088272087
6640,FlexibleCantilever_0,138.4808539582987,151,-61.51914604170131,0.12507352895890908
6640,FlexibleCantilever_1,441.37184241178136,151,-8.628157588218624,0.12507352895890908
6640,FlexibleCantilever_2,734.3394591819529,151,34.33945918195281,0.12507352895890908
6640,FlexibleCantilever_3,958.0384562957189,151,8.038456295718927,0.12507352895890908
6660,FlexibleCantilever_0,178.98706444775493,151,-21.01293555224506,0.12993485192361187
6660,FlexibleCantilever_1,505.00973720402607,151,55.00973720402608,0.12993485192361187
6660,FlexibleCantilever_2,686.9772084211367,151,-13.022791578863334,0.12993485192361187
6660,FlexibleCantilever_3,910.5409189048813,151,-39.459081095118655,0.12993485192361187
6680,FlexibleCantilever_0,244.92741295776315,151,44.927412957763146,0.12709947979487668
6680,FlexibleCantilever_1,516.6697210177825,151,66.66972101778249,0.12709947979487668
6680,FlexibleCantilever_2,651.557406446761,151,-48.44259355323904,0.12709947979487668
6680,FlexibleCantilever_3,897.9235175114987,151,-52.076482488501235,0.12709947979487668
6700,FlexibleCantilever_0,275.0,151,75.0,0.12395064304934376
6700,FlexibleCantilever_1,466.40821436475966,151,16.408214364759683,0.12395064304934376
6700,FlexibleCantilever_2,660.423940883451,151,-39.576059116549004,0.12395064304934376
6700,FlexibleCantilever_3,929.8970749514292,151,-20.102925048570853,0.12395064304934376
6720,FlexibleCantilever_0,250.0229900061534,151,50.0229900061534,0.12554543596803613
6720,FlexibleCantilever_1,396.92998785079004,151,-53.07001214920996,0.12554543596803613
6720,FlexibleCantilever_2,704.3933521583185,151,4.393352158318539,0.12554543596803613
6720,FlexibleCantilever_3,978.4888572543222,151,28.488857254322195,0.12554543596803613
6740,FlexibleCantilever_0,188.91170165742608,151,-11.088298342573914,0.12473185516607652
6740,FlexibleCantilever_1,375.51752577554265,151,-74.48247422445735,0.12473185516607652
6740,FlexibleCantilever_2,742.1767106409752,151,42.17671064097521,0.12473185516607652
6740,FlexibleCantilever_3,1002.0322690514744,151,52.032269051474415,0.12473185516607652
6760,FlexibleCantilever_0,142.52409516930663,151,-57.47590483069337,0.12488535335378277
6760,FlexibleCantilever_1,416.11532967625925,151,-33.88467032374077,0.12488535335378277
6760,FlexibleCantilever_2,740.3322216743882,151,40.33222167438822,0.12488535335378277
6760,FlexibleCantilever_3,981.245201480628,151,31.245201480627987,0.12488535335378277
6780,FlexibleCantilever_0,154.9110169332484,151,-45.088983066751595,0.12508844206774472
6780,FlexibleCantilever_1,485.30993063254436,151,35.30993063254436,0.12508844206774472
6780,FlexibleCantilever_2,701.8461888465371,151,1.8461888465371281,0.12508844206774472
6780,FlexibleCantilever_3,933.4144023420369,151,-16.585597657963163,0.12508844206774472
6800,FlexibleCantilever_0,214.42221782303326,151,14.422217823033252,0.12782009767766622
6800,FlexibleCantilever_1,519.9444586863136,151,69.94445868631358,0.12782009767766622
6800,FlexibleCantilever_2,662.2148334252917,151,-37.785166574708335,0.12782009767766622
6800,FlexibleCantilever_3,900.7010785678999,151,-49.2989214321001,0.12782009767766622
6820,FlexibleCantilever_0,268.65533951668453,151,68.65533951668456,0.12523145906802774
6820,FlexibleCantilever_1,489.5577331030846,151,39.5577331030846,0.12523145906802774
6820,FlexibleCantilever_2,657.5461285290356,151,-42.45387147096433,0.12523145906802774
6820,FlexibleCantilever_3,910.4965797213545,151,-39.50342027864552,0.12523145906802774
6840,FlexibleCantilever_0,269.4119313211935,151,69.4119313211935,0.12385890225618557
6840,FlexibleCantilever_1,419.57452305334647,151,-30.42547694665352,0.12385890225618557
6840,FlexibleCantilever_2,691.6776376209499,151,-8.322362379050078,0.12385890225618557
6840,FlexibleCantilever_3,954.2378512593838,151,4.237851259383743,0.12385890225618557
6860,FlexibleCantilever_0,222.13762427535357,151,22.137624275353573,0.12556913644341527
6860,FlexibleCantilever_1,375.0,151,-75.0,0.12556913644341527
6860,FlexibleCantilever_2,732.1354481249217,151,32.13544812492168,0.12556913644341527
6860,FlexibleCantilever_3,994.2449937484802,151,44.244993748480134,0.12556913644341527
6880,FlexibleCantilever_0,161.85120257983334,151,-38.14879742016666,0.1265029623312756
6880,FlexibleCantilever_1,394.0813742103287,151,-55.918625789671324,0.1265029623312756
6880,FlexibleCantilever_2,742.6558652577244,151,42.65586525772443,0.1265029623312756
6880,FlexibleCantilever_3,996.661012867148,151,46.661012867148024,0.1265029623312756
6900,FlexibleCantilever_0,138.53284436550348,151,-61.467155634496514,0.12558793300263504
6900,FlexibleCantilever_1,460.1385878301768,151,10.138587830176803,0.12558793300263504
6900,FlexibleCantilever_2,715.4526239455131,151,15.45262394551304,0.12558793300263504
6900,FlexibleCantilever_3,959.4562229976706,151,9.4562229976706,0.12558793300263504
6920,FlexibleCantilever_0,176.6053759414188,151,-23.394624058581186,0.12535435051241087
6920,FlexibleCantilever_1,514.9231700520758,151,64.92317005207575,0.12535435051241087
6920,FlexibleCantilever_2,675.6756867621774,151,-24.324313237822636,0.12535435051241087
6920,FlexibleCantilever_3,915.581698013843,151,-34.41830198615693,0.12535435051241087
6940,FlexibleCantilever_0,241.59635989957317,151,41.59635989957317,0.12576810063048882
6940,FlexibleCantilever_1,509.90993673876056,151,59.909936738760585,0.12576810063048882
6940,FlexibleCantilever_2,659.119051192528,151,-40.88094880747199,0.12576810063048882
6940,FlexibleCantilever_3,902.2339492223668,151,-47.766050777633154,0.12576810063048882
6960,FlexibleCantilever_0,275.0,151,75.0,0.12574923384144424
6960,FlexibleCantilever_1,449.2613553788838,151,-0.7386446211161566,0.12574923384144424
6960,FlexibleCantilever_2,680.5818179156938,151,-19.41818208430616,0.12574923384144424
6960,FlexibleCantilever_3,930.1657776303842,151,-19.834222369615787,0.12574923384144424
6980,FlexibleCantilever_0,253.98594281418326,151,53.98594281418326,0.12302413967769475
6980,FlexibleCantilever_1,384.3372281909093,151,-65.66277180909074,0.12302413967769475
6980,FlexibleCantilever_2,719.729353587583,151,19.729353587582988,0.12302413967769475
6980,FlexibleCantilever_3,975.872880207047,151,25.87288020704708,0.12302413967769475
7000,FlexibleCantilever_0,193.5041653543041,151,-6.49583464569592,0.12569427917982895
7000,FlexibleCantilever_1,378.3372715470124,151,-71.6627284529876,0.12569427917982895
7000,FlexibleCantilever_2,740.5992181399938,151,40.599218139993866,0.12569427917982895
7000,FlexibleCantilever_3,999.1633712398483,151,49.163371239848274,0.12569427917982895
7020,FlexibleCantilever_0,142.3156219961964,151,-57.68437800380361,0.1274183934808869
7020,FlexibleCantilever_1,428.0616176355888,151,-21.938382364411215,0.1274183934808869
7020,FlexibleCantilever_2,726.1418837951315,151,26.141883795131566,0.1274183934808869
7020,FlexibleCantilever_3,979.7584456158479,151,29.758445615847897,0.1274183934808869
7040,FlexibleCantilever_0,147.54235226653822,151,-52.457647733461776,0.12573491840270995
7040,FlexibleCantilever_1,495.62302524514087,151,45.62302524514089,0.12573491840270995
7040,FlexibleCantilever_2,690.4167006575536,151,-9.583299342446336,0.12573491840270995
7040,FlexibleCantilever_3,935.6344538601273,151,-14.365546139872642,0.12573491840270995
7060,FlexibleCantilever_0,205.3671850239338,151,5.367185023933802,0.12448670572617086
7060,FlexibleCantilever_1,520.841293264903,151,70.84129326490307,0.12448670572617086
7060,FlexibleCantilever_2,665.6174197473562,151,-34.3825802526438,0.12448670572617086
7060,FlexibleCantilever_3,904.87019552484,151,-45.12980447515997,0.12448670572617086
7080,FlexibleCantilever_0,264.5223683106375,151,64.52236831063752,0.12639030822252398
7080,FlexibleCantilever_1,481.48346740736775,151,31.483467407367765,0.12639030822252398
7080,FlexibleCantilever_2,672.4078399284131,151,-27.59216007158695,0.12639030822252398
7080,FlexibleCantilever_3,913.9271310722968,151,-36.072868927703155,0.12639030822252398
7100,FlexibleCantilever_0,271.80657160194517,151,71.80657160194517,0.12553118158298457
7100,FlexibleCantilever_1,410.60181772483855,151,-39.39818227516144,0.12553118158298457
7100,FlexibleCantilever_2,704.9956580051806,151,4.9956580051806725,0.12553118158298457
7100,FlexibleCantilever_3,955.1327506637015,151,5.13275066370146,0.12553118158298457
7120,FlexibleCantilever_0,227.43832997487672,151,27.438329974876716,0.1254541396443885
7120,FlexibleCantilever_1,375.0,151,-75.0,0.1254541396443885
7120,FlexibleCantilever_2,734.0685706897476,151,34.06857068974763,0.1254541396443885
7120,FlexibleCantilever_3,991.7467032821302,151,41.74670328213017,0.1254541396443885
7140,FlexibleCantilever_0,164.71338396707134,151,-35.28661603292867,0.1264293892925616
7140,FlexibleCantilever_1,399.28232458650535,151,-50.71767541349464,0.1264293892925616
7140,FlexibleCantilever_2,733.409458631732,151,33.40945863173202,0.1264293892925616
7140,FlexibleCantilever_3,990.4415318043492,151,40.44153180434918,0.1264293892925616
7160,FlexibleCantilever_0,138.2196989190585,151,-61.78030108094151,0.12863362073273038
7160,FlexibleCantilever_1,466.53393400282016,151,16.533934002820153,0.12863362073273038
7160,FlexibleCantilever_2,705.2938265608634,151,5.293826560863443,0.12863362073273038
7160,FlexibleCantilever_3,952.9172830259366,151,2.9172830259365803,0.12863362073273038
7180,FlexibleCantilever_0,175.77419718257278,151,-24.225802817427216,0.12540676660481
7180,FlexibleCantilever_1,516.5808593531784,151,66.5808593531784,0.12540676660481
7180,FlexibleCantilever_2,675.9955570781536,151,-24.004442921846316,0.12540676660481
7180,FlexibleCantilever_3,912.6603151828031,151,-37.33968481719691,0.12540676660481
7200,FlexibleCantilever_0,241.61931436815374,151,41.619314368153745,0.12346748453741575
7200,FlexibleCantilever_1,505.27318400304614,151,55.27318400304617,0.12346748453741575
7200,FlexibleCantilever_2,669.8187263689739,151,-30.181273631026155,0.12346748453741575
7200,FlexibleCantilever_3,905.9365748832147,151,-44.06342511678533,0.12346748453741575
7220,FlexibleCantilever_0,275.0,151,75.0,0.12599139320774091
7220,FlexibleCantilever_1,442.6021123988248,151,-7.397887601175255,0.12599139320774091
7220,FlexibleCantilever_2,691.1947015728739,151,-8.805298427126134,0.12599139320774091
7220,FlexibleCantilever_3,938.7648627030845,151,-11.23513729691544,0.12599139320774091
7240,FlexibleCantilever_0,251.73960138940052,151,51.73960138940052,0.12716331646849596
7240,FlexibleCantilever_1,382.4390989030129,151,-67.5609010969871,0.12716331646849596
7240,FlexibleCantilever_2,722.459889012938,151,22.459889012937964,0.12716331646849596
7240,FlexibleCantilever_3,980.9137688130689,151,30.91376881306896,0.12716331646849596
7260,FlexibleCantilever_0,189.85291514379907,151,-10.14708485620094,0.12763700814908616
7260,FlexibleCantilever_1,380.8401586796791,151,-69.15984132032085,0.12763700814908616
7260,FlexibleCantilever_2,733.5320121676522,151,33.53201216765222,0.12763700814908616
7260,FlexibleCantilever_3,993.2764264319562,151,43.276426431956274,0.12763700814908616
7280,FlexibleCantilever_0,141.29348476292188,151,-58.706515237078136,0.1273332094933137
7280,FlexibleCantilever_1,434.6369952110172,151,-15.363004788982774,0.1273332094933137
7280,FlexibleCantilever_2,715.4287035129762,151,15.428703512976217,0.1273332094933137
7280,FlexibleCantilever_3,964.6486924568106,151,14.64869245681063,0.1273332094933137
7300,FlexibleCantilever_0,153.35394884485407,151,-46.64605115514593,0.12709910511820663
7300,FlexibleCantilever_1,500.13380331197413,151,50.13380331197411,0.12709910511820663
7300,FlexibleCantilever_2,686.3064592088994,151,-13.69354079110059,0.12709910511820663
7300,FlexibleCantilever_3,920.7561127483817,151,-29.24388725161833,0.12709910511820663
7320,FlexibleCantilever_0,215.65812508118074,151,15.658125081180751,0.12576830595147082
7320,FlexibleCantilever_1,519.2356158544261,151,69.23561585442611,0.12576830595147082
7320,FlexibleCantilever_2,672.907526322568,151,-27.092473677432025,0.12576830595147082
7320,FlexibleCantilever_3,902.3679402459999,151,-47.63205975400013,0.12576830595147082
7340,FlexibleCantilever_0,271.47579977007865,151,71.47579977007867,0.1238043523419496
7340,FlexibleCantilever_1,474.73193842106804,151,24.731938421068016,0.1238043523419496
7340,FlexibleCantilever_2,684.5313213477392,151,-15.468678652260847,0.1238043523419496
7340,FlexibleCantilever_3,926.3758295576866,151,-23.624170442313382,0.1238043523419496
7360,FlexibleCantilever_0,268.33095357326124,151,68.33095357326127,0.12508345334776524
7360,FlexibleCantilever_1,405.26417457424895,151,-44.73582542575102,0.12508345334776524
7360,FlexibleCantilever_2,712.3915363873684,151,12.391536387368403,0.12508345334776524
7360,FlexibleCantilever_3,970.2768245695263,151,20.276824569526262,0.12508345334776524
7380,FlexibleCantilever_0,218.5479726945346,151,18.547972694534597,0.12885676410902672
7380,FlexibleCantilever_1,375.0,151,-75.0,0.12885676410902672
7380,FlexibleCantilever_2,728.8214555175338,151,28.821455517533714,0.12885676410902672
7380,FlexibleCantilever_3,992.4014044258325,151,42.40140442583259,0.12885676410902672
7400,FlexibleCantilever_0,157.96062956463905,151,-42.039370435360944,0.12890528490414957
7400,FlexibleCantilever_1,404.3754734321465,151,-45.62452656785346,0.12890528490414957
7400,FlexibleCantilever_2,718.3019889208052,151,18.301988920805247,0.12890528490414957
7400,FlexibleCantilever_3,972.6301454996112,151,22.630145499611263,0.12890528490414957
7420,FlexibleCantilever_0,139.5849878848432,151,-60.41501211515679,0.12894406835444336
7420,FlexibleCantilever_1,472.5562372892431,151,22.556237289243082,0.12894406835444336
7420,FlexibleCantilever_2,691.8790799805802,151,-8.120920019419865,0.12894406835444336
7420,FlexibleCantilever_3,928.4972498354325,151,-21.502750164567438,0.12894406835444336
7440,FlexibleCantilever_0,184.38764658717758,151,-15.612353412822413,0.1275699719716965
7440,FlexibleCantilever_1,518.9506161025577,151,68.95061610255766,0.1275699719716965
7440,FlexibleCantilever_2,675.6561718697874,151,-24.34382813021262,0.1275699719716965
7440,FlexibleCantilever_3,902.1338610386596,151,-47.86613896134047,0.1275699719716965
7460,FlexibleCantilever_0,251.12606801188699,151,51.126068011886986,0.1261686496892542
7460,FlexibleCantilever_1,501.8751670447435,151,51.875167044743456,0.1261686496892542
7460,FlexibleCantilever_2,683.4783264769325,151,-16.52167352306758,0.1261686496892542
7460,FlexibleCantilever_3,918.4400672603472,151,-31.55993273965282,0.1261686496892542
7480,FlexibleCantilever_0,275.0,151,75.0,0.12704309080645135
7480,FlexibleCantilever_1,436.5597981831901,151,-13.440201816809907,0.12704309080645135
7480,FlexibleCantilever_2,708.2051386360595,151,8.205138636059482,0.12704309080645135
7480,FlexibleCantilever_3,961.743497467909,151,11.743497467909064,0.12704309080645135
7500,FlexibleCantilever_0,247.47721226723368,151,47.47721226723368,0.12548261374677425
7500,FlexibleCantilever_1,379.91585964150613,151,-70.0841403584939,0.12548261374677425
7500,FlexibleCantilever_2,724.1821555512677,151,24.18215555126769,0.12548261374677425
7500,FlexibleCantilever_3,990.4156490114049,151,40.41564901140485,0.12548261374677425
7520,FlexibleCantilever_0,185.7559839278365,151,-14.244016072163495,0.12770414203844704
7520,FlexibleCantilever_1,383.1096060052103,151,-66.8903939947897,0.12770414203844704
7520,FlexibleCantilever_2,716.0447040623552,151,16.04470406235519,0.12770414203844704
7520,FlexibleCantilever_3,978.3769863736225,151,28.376986373622408,0.12770414203844704
7540,FlexibleCantilever_0,140.1428081136484,151,-59.8571918863516,0.12883828859388602
7540,FlexibleCantilever_1,439.70692465833804,151,-10.293075341661963,0.12883828859388602
7540,FlexibleCantilever_2,691.9622157363559,151,-8.03778426364413,0.12883828859388602
7540,FlexibleCantilever_3,936.1542049666889,151,-13.845795033311063,0.12883828859388602
7560,FlexibleCantilever_0,153.73004890892065,151,-46.26995109107936,0.1291499867261882
7560,FlexibleCantilever_1,503.8532724010378,151,53.85327240103783,0.1291499867261882
7560,FlexibleCantilever_2,676.6235212483313,151,-23.376478751668767,0.1291499867261882
7560,FlexibleCantilever_3,904.2911226383548,151,-45.708877361645264,0.1291499867261882
7580,FlexibleCantilever_0,215.80098345234845,151,15.800983452348458,0.1284910061820462
7580,FlexibleCantilever_1,517.9630861692485,151,67.96308616924851,0.1284910061820462
7580,FlexibleCantilever_2,685.7620257067912,151,-14.237974293208815,0.1284910061820462
7580,FlexibleCantilever_3,913.2034781840202,151,-36.79652181597976,0.1284910061820462
7600,FlexibleCantilever_0,271.90019693471606,151,71.90019693471605,0.1287863908921329
7600,FlexibleCantilever_1,469.39175977509666,151,19.391759775096663,0.1287863908921329
7600,FlexibleCantilever_2,709.1227961057713,151,9.122796105771283,0.1287863908921329
7600,FlexibleCantilever_3,953.7342761702729,151,3.7342761702729135,0.1287863908921329
7620,FlexibleCantilever_0,268.55876323033107,151,68.55876323033107,0.12591724257211898
7620,FlexibleCantilever_1,401.2425469143251,151,-48.75745308567491,0.12591724257211898
7620,FlexibleCantilever_2,722.3398976434448,151,22.339897643444814,0.12591724257211898
7620,FlexibleCantilever_3,987.3847738951426,151,37.3847738951427,0.12591724257211898
7640,FlexibleCantilever_0,218.43670698798314,151,18.43670698798315,0.12528035610182842
7640,FlexibleCantilever_1,375.093362211209,151,-74.906637788791,0.12528035610182842
7640,FlexibleCantilever_2,712.3854158750859,151,12.38541587508585,0.12528035610182842
7640,FlexibleCantilever_3,983.7877648176787,151,33.7877648176787,0.12528035610182842
7660,FlexibleCantilever_0,157.48419386764576,151,-42.51580613235425,0.1265580077573474
7660,FlexibleCantilever_1,409.8627042363288,151,-40.13729576367118,0.1265580077573474
7660,FlexibleCantilever_2,688.3816417858362,151,-11.618358214163804,0.1265580077573474
7660,FlexibleCantilever_3,946.024982401652,151,-3.9750175983480602,0.1265580077573474
7680,FlexibleCantilever_0,138.39578514317526,151,-61.60421485682473,0.1283077548809913
7680,FlexibleCantilever_1,478.9876220120153,151,28.987622012015326,0.1283077548809913
7680,FlexibleCantilever_2,675.2813975192041,151,-24.718602480795894,0.1283077548809913
7680,FlexibleCantilever_3,909.3184002535606,151,-40.681599746439396,0.1283077548809913
7700,FlexibleCantilever_0,182.91099089326138,151,-17.0890091067386,0.12997234485655856
7700,FlexibleCantilever_1,519.9814474094399,151,69.98144740943985,0.12997234485655856
7700,FlexibleCantilever_2,686.8345003966579,151,-13.165499603342111,0.12997234485655856
7700,FlexibleCantilever_3,909.2720289558794,151,-40.72797104412067,0.12997234485655856
7720,FlexibleCantilever_0,250.2428686654001,151,50.2428686654001,0.12995032710922352
7720,FlexibleCantilever_1,496.24524689814945,151,46.24524689814946,0.12995032710922352
7720,FlexibleCantilever_2,710.4833402806207,151,10.48334028062067,0.12995032710922352
7720,FlexibleCantilever_3,944.7139239016675,151,-5.2860760983325505,0.12995032710922352
7740,FlexibleCantilever_0,275.0,151,75.0,0.12770311518763777
7740,FlexibleCantilever_1,429.3625117128025,151,-20.637488287197506,0.12770311518763777
7740,FlexibleCantilever_2,723.7691555005741,151,23.769155500574147,0.12770311518763777
7740,FlexibleCantilever_3,982.2218103961454,151,32.22181039614544,0.12770311518763777
7760,FlexibleCantilever_0,245.65094550548744,151,45.65094550548745,0.12728846694560011
7760,FlexibleCantilever_1,378.3355649782177,151,-71.66443502178232,0.12728846694560011
7760,FlexibleCantilever_2,713.8268830571426,151,13.826883057142597,0.12728846694560011
7760,FlexibleCantilever_3,988.4765062893592,151,38.47650628935921,0.12728846694560011
7780,FlexibleCantilever_0,181.76419281326451,151,-18.23580718673547,0.12446976135519494
7780,FlexibleCantilever_1,387.9969723773579,151,-62.00302762264211,0.12446976135519494
7780,FlexibleCantilever_2,688.426581886964,151,-11.57341811303601,0.12446976135519494
7780,FlexibleCantilever_3,958.4133593673814,151,8.413359367381402,0.12446976135519494
7800,FlexibleCantilever_0,136.77287209381274,151,-63.227127906187256,0.12565304730333274
7800,FlexibleCantilever_1,449.59690693773814,151,-0.4030930622618869,0.12565304730333274
7800,FlexibleCantilever_2,672.797932997822,151,-27.202067002177948,0.12565304730333274
7800,FlexibleCantilever_3,918.8512177777245,151,-31.14878222227547,0.12565304730333274
7820,FlexibleCantilever_0,154.7989338490828,151,-45.2010661509172,0.1298304185180589
7820,FlexibleCantilever_1,509.44891346503533,151,59.448913465035346,0.1298304185180589
7820,FlexibleCantilever_2,682.5497426109325,151,-17.45025738906745,0.1298304185180589
7820,FlexibleCantilever_3,907.7666362959551,151,-42.23336370404493,0.1298304185180589
7840,FlexibleCantilever_0,221.44214558701486,151,21.44214558701487,0.1317982968698159
7840,FlexibleCantilever_1,513.9268711922529,151,63.92687119225282,0.1317982968698159
7840,FlexibleCantilever_2,707.399466082278,151,7.399466082277997,0.1317982968698159
7840,FlexibleCantilever_3,934.7023922489634,151,-15.29760775103655,0.1317982968698159
7860,FlexibleCantilever_0,275.0,151,75.0,0.12988466004043764
7860,FlexibleCantilever_1,459.4102210070209,151,9.410221007020898,0.12988466004043764
7860,FlexibleCantilever_2,725.8865765313931,151,25.886576531393054,0.12988466004043764
7860,FlexibleCantilever_3,973.4359290669762,151,23.435929066976243,0.12988466004043764
7880,FlexibleCantilever_0,265.6821098014565,151,65.68210980145645,0.12900067077106847
7880,FlexibleCantilever_1,393.9863013836711,151,-56.0136986163289,0.12900067077106847
7880,FlexibleCantilever_2,721.3773274153415,151,21.377327415341483,0.12900067077106847
7880,FlexibleCantilever_3,989.5397373620979,151,39.539737362097924,0.12900067077106847
7900,FlexibleCantilever_0,210.9928886880962,151,10.992888688096214,0.1266361912830097
7900,FlexibleCantilever_1,376.46045521543255,151,-73.53954478456744,0.1266361912830097
7900,FlexibleCantilever_2,696.0883384639334,151,-3.9116615360666733,0.1266361912830097
7900,FlexibleCantilever_3,969.8963160925686,151,19.896316092568593,0.1266361912830097
7920,FlexibleCantilever_0,150.83655560477123,151,-49.163444395228765,0.12289184337690925
7920,FlexibleCantilever_1,420.05873192436746,151,-29.941268075632514,0.12289184337690925
7920,FlexibleCantilever_2,673.4346730402785,151,-26.56532695972145,0.12289184337690925
7920,FlexibleCantilever_3,931.7531432841255,151,-18.246856715874486,0.12289184337690925
7940,FlexibleCantilever_0,137.52346141158446,151,-62.47653858841553,0.1258734617203341
7940,FlexibleCantilever_1,488.75406310241715,151,38.75406310241717,0.1258734617203341
7940,FlexibleCantilever_2,675.1923862222401,151,-24.80761377775996,0.1258734617203341
7940,FlexibleCantilever_3,910.0277843953905,151,-39.97221560460946,0.1258734617203341
7960,FlexibleCantilever_0,187.92512290839164,151,-12.074877091608368,0.13053387799760754
7960,FlexibleCantilever_1,520.6160413486773,151,70.61604134867724,0.13053387799760754
7960,FlexibleCantilever_2,698.2933838697865,151,-1.7066161302134923,0.13053387799760754
7960,FlexibleCantilever_3,924.9900980223781,151,-25.009901977621876,0.13053387799760754
7980,FlexibleCantilever_0,256.6343702775658,151,56.63437027756577,0.13184669201753382
7980,FlexibleCantilever_1,487.49345082313414,151,37.49345082313416,0.13184669201753382
7980,FlexibleCantilever_2,723.5179652785937,151,23.5179652785937,0.13184669201753382
7980,FlexibleCantilever_3,961.4799131219656,151,11.47991312196562,0.13184669201753382
8000,FlexibleCantilever_0,274.74178146733493,151,74.74178146733493,0.1307794428901699
8000,FlexibleCantilever_1,418.9850597446615,151,-31.014940255338477,0.1307794428901699
8000,FlexibleCantilever_2,729.7168823234392,151,29.716882323439275,0.1307794428901699
8000,FlexibleCantilever_3,986.3345016030561,151,36.33450160305609,0.1307794428901699
8020,FlexibleCantilever_0,240.02305843810737,151,40.02305843810736,0.12857978975106996
8020,FlexibleCantilever_1,375.4610017837063,151,-74.53899821629369,0.12857978975106996
8020,FlexibleCantilever_2,709.8627627273611,151,9.862762727361046,0.12857978975106996
8020,FlexibleCantilever_3,978.5965590858717,151,28.59655908587175,0.12857978975106996
8040,FlexibleCantilever_0,175.09558777214806,151,-24.90441222785194,0.1291365405452468
8040,FlexibleCantilever_1,393.78545322879995,151,-56.21454677120008,0.1291365405452468
8040,FlexibleCantilever_2,680.8452227161553,151,-19.15477728384479,0.1291365405452468
8040,FlexibleCantilever_3,945.7710625347897,151,-4.228937465210266,0.1291365405452468
8060,FlexibleCantilever_0,134.77655096617087,151,-65.22344903382913,0.12655926606901852
8060,FlexibleCantilever_1,458.5706303075873,151,8.570630307587297,0.12655926606901852
8060,FlexibleCantilever_2,670.0287280158947,151,-29.97127198410535,0.12655926606901852
8060,FlexibleCantilever_3,916.0604463992572,151,-33.939553600742734,0.12655926606901852
8080,FlexibleCantilever_0,159.39153615916442,151,-40.608463840835576,0.1269781345510065
8080,FlexibleCantilever_1,513.924150219103,151,63.924150219102955,0.1269781345510065
8080,FlexibleCantilever_2,685.7230313053874,151,-14.2769686946126,0.1269781345510065
8080,FlexibleCantilever_3,916.9027040625472,151,-33.09729593745288,0.1269781345510065
8100,FlexibleCantilever_0,227.719082642061,151,27.719082642061014,0.13063795397111116
8100,FlexibleCantilever_1,510.34007590361085,151,60.34007590361083,0.13063795397111116
8100,FlexibleCantilever_2,714.494204397349,151,14.494204397348957,0.13063795397111116
8100,FlexibleCantilever_3,947.2234472985194,151,-2.776552701480604,0.13063795397111116
8120,FlexibleCantilever_0,275.0,151,75.0,0.13249836388088035
8120,FlexibleCantilever_1,452.25647857983967,151,2.2564785798396776,0.13249836388088035
8120,FlexibleCantilever_2,733.0638526524444,151,33.06385265244442,0.13249836388088035
8120,FlexibleCantilever_3,978.9814195231688,151,28.981419523168796,0.13249836388088035
8140,FlexibleCantilever_0,263.2507820779267,151,63.25078207792674,0.13383709147094544
8140,FlexibleCantilever_1,390.4206045020234,151,-59.57939549797658,0.13383709147094544
8140,FlexibleCantilever_2,724.3951730788679,151,24.395173078867835,0.13383709147094544
8140,FlexibleCantilever_3,983.8705021689697,151,33.870502168969644,0.13383709147094544
8160,FlexibleCantilever_0,206.67977648567617,151,6.679776485676161,0.13187458433589944
8160,FlexibleCantilever_1,377.90806261332676,151,-72.09193738667324,0.13187458433589944
8160,FlexibleCantilever_2,694.1819128424039,151,-5.818087157596123,0.13187458433589944
8160,FlexibleCantilever_3,958.536698402598,151,8.536698402597942,0.13187458433589944
8180,FlexibleCantilever_0,148.52888913532615,151,-51.47111086467385,0.12999203023606412
8180,FlexibleCantilever_1,425.47692127443185,151,-24.52307872556816,0.12999203023606412
8180,FlexibleCantilever_2,670.1772619235292,151,-29.822738076470795,0.12999203023606412
8180,FlexibleCantilever_3,925.6940870271027,151,-24.305912972897367,0.12999203023606412
8200,FlexibleCantilever_0,139.66883963929143,151,-60.33116036070856,0.12982641509440168
8200,FlexibleCantilever_1,493.3756130933181,151,43.37561309331813,0.12982641509440168
8200,FlexibleCantilever_2,672.9070186225512,151,-27.092981377448865,0.12982641509440168
8200,FlexibleCantilever_3,914.2255492571815,151,-35.77445074281851,0.12982641509440168
8220,FlexibleCantilever_0,191.90424356362956,151,-8.09575643637045,0.12900312729523855
8220,FlexibleCantilever_1,520.6404571708507,151,70.6404571708507,0.12900312729523855
8220,FlexibleCantilever_2,699.0900668968181,151,-0.9099331031818823,0.12900312729523855
8220,FlexibleCantilever_3,935.1380460772979,151,-14.861953922702082,0.12900312729523855
8240,FlexibleCantilever_0,258.46118133283375,151,58.46118133283374,0.13222403350588033
8240,FlexibleCantilever_1,484.43035791202453,151,34.430357912024526,0.13222403350588033
8240,FlexibleCantilever_2,727.5914695269447,151,27.591469526944742,0.13222403350588033
8240,FlexibleCantilever_3,968.8716186782904,151,18.871618678290325,0.13222403350588033
8260,FlexibleCantilever_0,274.31693332340524,151,74.31693332340524,0.13355476363232346
8260,FlexibleCantilever_1,416.59042077089254,151,-33.40957922910747,0.13355476363232346
8260,FlexibleCantilever_2,734.0856406569463,151,34.08564065694633,0.13355476363232346
8260,FlexibleCantilever_3,984.6660928025334,151,34.66609280253339,0.13355476363232346
8280,FlexibleCantilever_0,236.6702809764462,151,36.67028097644621,0.13797577541802453
8280,FlexibleCantilever_1,376.1961946411577,151,-73.80380535884225,0.13797577541802453
8280,FlexibleCantilever_2,711.0537307504997,151,11.053730750499627,0.13797577541802453
8280,FlexibleCantilever_3,968.8049600176744,151,18.80496001767443,0.13797577541802453
8300,FlexibleCantilever_0,170.89398603779372,151,-29.106013962206276,0.131064460648704
8300,FlexibleCantilever_1,396.6250708481729,151,-53.3749291518271,0.131064460648704
8300,FlexibleCantilever_2,678.4123139335276,151,-21.587686066472465,0.131064460648704
8300,FlexibleCantilever_3,936.9199947550601,151,-13.080005244939882,0.131064460648704
8320,FlexibleCantilever_0,132.47448910437788,151,-67.5255108956221,0.13127148238442582
8320,FlexibleCantilever_1,462.77847075402383,151,12.778470754023841,0.13127148238442582
8320,FlexibleCantilever_2,665.2737801474275,151,-34.726219852572555,0.13127148238442582
8320,FlexibleCantilever_3,916.286601743723,151,-33.7133982562769,0.13127148238442582
8340,FlexibleCantilever_0,160.08907266493657,151,-39.91092733506345,0.13041146943090276
8340,FlexibleCantilever_1,516.1182789671735,151,66.11827896717354,0.13041146943090276
8340,FlexibleCantilever_2,682.2961675326011,151,-17.703832467398882,0.13041146943090276
8340,FlexibleCantilever_3,925.8087158058559,151,-24.191284194144192,0.13041146943090276
8360,FlexibleCantilever_0,230.02175210724047,151,30.021752107240474,0.13085360599699628
8360,FlexibleCantilever_1,509.8512248773491,151,59.851224877349125,0.13085360599699628
8360,FlexibleCantilever_2,714.5053278827086,151,14.50532788270855,0.13085360599699628
8360,FlexibleCantilever_3,956.9871416643268,151,6.9871416643267725,0.13085360599699628
8380,FlexibleCantilever_0,275.0,151,75.0,0.13269094324285455
8380,FlexibleCantilever_1,450.981967772282,151,0.9819677722820095,0.13269094324285455
8380,FlexibleCantilever_2,734.9694360853346,151,34.969436085334614,0.13269094324285455
8380,FlexibleCantilever_3,981.2655068667717,151,31.265506866771666,0.13269094324285455
8400,FlexibleCantilever_0,260.8298652158095,151,60.82986521580947,0.13347061146023786
8400,FlexibleCantilever_1,390.08659712725506,151,-59.913402872744925,0.13347061146023786
8400,FlexibleCantilever_2,724.7121566768104,151,24.712156676810473,0.13347061146023786
8400,FlexibleCantilever_3,976.6259279245214,151,26.625927924521473,0.13347061146023786
8420,FlexibleCantilever_0,201.05071315385754,151,1.0507131538575574,0.1335384769715944
8420,FlexibleCantilever_1,378.53804647419645,151,-71.46195352580358,0.1335384769715944
8420,FlexibleCantilever_2,691.6536740806282,151,-8.346325919371768,0.1335384769715944
8420,FlexibleCantilever_3,948.7697139444979,151,-1.230286055502104,0.1335384769715944
8440,FlexibleCantilever_0,143.54648024937654,151,-56.45351975062346,0.1329423056990695
8440,FlexibleCantilever_1,427.01878237522834,151,-22.981217624771638,0.1329423056990695
8440,FlexibleCantilever_2,665.5416565379255,151,-34.4583434620745,0.1329423056990695
8440,FlexibleCantilever_3,922.4824642207037,151,-27.517535779296246,0.1329423056990695
8460,FlexibleCantilever_0,138.86559481149135,151,-61.13440518850864,0.1332698880011278
8460,FlexibleCantilever_1,494.56143756020407,151,44.561437560204055,0.1332698880011278
8460,FlexibleCantilever_2,669.5935740574047,151,-30.406425942595344,0.1332698880011278
8460,FlexibleCantilever_3,920.3759312539594,151,-29.624068746040653,0.1332698880011278
8480,FlexibleCantilever_0,195.28387871223146,151,-4.7161212877685355,0.13219196764257246
8480,FlexibleCantilever_1,521.1217863479294,151,71.12178634792944,0.13219196764257246
8480,FlexibleCantilever_2,699.7820855271982,151,-0.21791447280176302,0.13219196764257246
8480,FlexibleCantilever_3,945.1478024079491,151,-4.852197592050869,0.13219196764257246
8500,FlexibleCantilever_0,262.512408536518,151,62.512408536518,0.1319779873718461
8500,FlexibleCantilever_1,485.1229289394197,151,35.122928939419715,0.1319779873718461
8500,FlexibleCantilever_2,729.4581304434887,151,29.45813044348866,0.1319779873718461
8500,FlexibleCantilever_3,974.5666068847244,151,24.566606884724322,0.1319779873718461
8520,FlexibleCantilever_0,273.8739779938801,151,73.87397799388008,0.13205146286654848
8520,FlexibleCantilever_1,418.01796172032437,151,-31.98203827967566,0.13205146286654848
8520,FlexibleCantilever_2,732.4115557407516,151,32.411555740751616,0.13205146286654848
8520,FlexibleCantilever_3,981.7695111915566,151,31.769511191556635,0.13205146286654848
8540,FlexibleCantilever_0,233.75180720070762,151,33.75180720070762,0.13338837541120105
8540,FlexibleCantilever_1,377.25850655451194,151,-72.74149344548805,0.13338837541120105
8540,FlexibleCantilever_2,704.5954784144589,151,4.59547841445883,0.13338837541120105
8540,FlexibleCantilever_3,961.2263823377732,151,11.226382337773195,0.13338837541120105
8560,FlexibleCantilever_0,168.12122620795427,151,-31.878773792045724,0.1309971289593451
8560,FlexibleCantilever_1,396.4569365763217,151,-53.543063423678284,0.1309971289593451
8560,FlexibleCantilever_2,670.7820434858698,151,-29.217956514130105,0.1309971289593451
8560,FlexibleCantilever_3,932.5672485074356,151,-17.43275149256447,0.1309971289593451
8580,FlexibleCantilever_0,132.73059489309875,151,-67.26940510690125,0.1371126403539262
8580,FlexibleCantilever_1,461.41494548050144,151,11.414945480501444,0.1371126403539262
8580,FlexibleCantilever_2,662.6067893173147,151,-37.393210682685265,0.1371126403539262
8580,FlexibleCantilever_3,919.7354121687995,151,-30.264587831200565,0.1371126403539262
8600,FlexibleCantilever_0,163.39755349714957,151,-36.60244650285042,0.1331423560365907
8600,FlexibleCantilever_1,514.8071549347713,151,64.80715493477132,0.1331423560365907
8600,FlexibleCantilever_2,686.9877898329407,151,-13.012210167059303,0.1331423560365907
8600,FlexibleCantilever_3,933.7369085024029,151,-16.26309149759703,0.1331423560365907
8620,FlexibleCantilever_0,233.43617923423682,151,33.4361792342368,0.1318600421751971
8620,FlexibleCantilever_1,510.44976688875306,151,60.44976688875309,0.1318600421751971
8620,FlexibleCantilever_2,721.299565877089,151,21.29956587708894,0.1318600421751971
8620,FlexibleCantilever_3,963.5453506124148,151,13.545350612414856,0.1318600421751971
8640,FlexibleCantilever_0,275.0,151,75.0,0.1307055765293772
8640,FlexibleCantilever_1,453.32735684960267,151,3.327356849602644,0.1307055765293772
8640,FlexibleCantilever_2,734.9962934292317,151,34.99629342923178,0.1307055765293772
8640,FlexibleCantilever_3,982.0513795662578,151,32.05137956625771,0.1307055765293772
8660,FlexibleCantilever_0,258.85391219810094,151,58.85391219810093,0.13187078009303144
8660,FlexibleCantilever_1,392.38079761076835,151,-57.61920238923164,0.13187078009303144
8660,FlexibleCantilever_2,715.1490636879415,151,15.149063687941501,0.13187078009303144
8660,FlexibleCantilever_3,973.1236218983507,151,23.12362189835075,0.13187078009303144
8680,FlexibleCantilever_0,197.7706646298916,151,-2.2293353701084015,0.13038477321903819
8680,FlexibleCantilever_1,378.73685029943834,151,-71.26314970056164,0.13038477321903819
8680,FlexibleCantilever_2,678.5763411672135,151,-21.423658832786508,0.13038477321903819
8680,FlexibleCantilever_3,946.1156272750598,151,-3.8843727249401994,0.13038477321903819
8700,FlexibleCantilever_0,142.3680530223417,151,-57.6319469776583,0.13099203835990858
8700,FlexibleCantilever_1,424.8421816136076,151,-25.157818386392428,0.13099203835990858
8700,FlexibleCantilever_2,660.581421242329,151,-39.41857875767094,0.13099203835990858
8700,FlexibleCantilever_3,924.9026236909069,151,-25.097376309093068,0.13099203835990858
8720,FlexibleCantilever_0,142.87660294874047,151,-57.12339705125954,0.13390822484698445
8720,FlexibleCantilever_1,491.7691363186469,151,41.76913631864686,0.13390822484698445
8720,FlexibleCantilever_2,677.2058661790036,151,-22.794133820996386,0.13390822484698445
8720,FlexibleCantilever_3,925.7402045876593,151,-24.25979541234069,0.13390822484698445
8740,FlexibleCantilever_0,201.99980113529398,151,1.9998011352939833,0.13371127582820022
8740,FlexibleCantilever_1,520.0699056556471,151,70.069905655647,0.13371127582820022
8740,FlexibleCantilever_2,712.6650300646129,151,12.665030064612935,0.13371127582820022
8740,FlexibleCantilever_3,948.9362898093112,151,-1.06371019068882,0.13371127582820022
8760,FlexibleCantilever_0,266.62309375630804,151,66.62309375630802,0.1297251425145138
8760,FlexibleCantilever_1,486.1227305962149,151,36.12273059621492,0.1297251425145138
8760,FlexibleCantilever_2,734.9400076484684,151,34.940007648468374,0.1297251425145138
8760,FlexibleCantilever_3,975.3263839515789,151,25.326383951578915,0.1297251425145138
8780,FlexibleCantilever_0,272.57936530173583,151,72.57936530173585,0.1293070801347438
8780,FlexibleCantilever_1,419.4516271010836,151,-30.54837289891642,0.1293070801347438
8780,FlexibleCantilever_2,723.8491278679504,151,23.849127867950457,0.1293070801347438
8780,FlexibleCantilever_3,980.867677370382,151,30.867677370382037,0.1293070801347438
8800,FlexibleCantilever_0,228.19791235547723,151,28.197912355477214,0.1307717479522926
8800,FlexibleCantilever_1,377.6580344324983,151,-72.34196556750167,0.1307717479522926
8800,FlexibleCantilever_2,687.6257896657108,151,-12.374210334289215,0.1307717479522926
8800,FlexibleCantilever_3,961.3018499733513,151,11.301849973351342,0.1307717479522926
8820,FlexibleCantilever_0,164.0238154672214,151,-35.97618453277861,0.13147238300793615
8820,FlexibleCantilever_1,395.3866593428392,151,-54.6133406571608,0.13147238300793615
8820,FlexibleCantilever_2,661.1503083717752,151,-38.849691628224804,0.13147238300793615
8820,FlexibleCantilever_3,934.9744893906127,151,-15.025510609387291,0.13147238300793615
8840,FlexibleCantilever_0,134.7216801422761,151,-65.27831985772387,0.12786332493718167
8840,FlexibleCantilever_1,459.8277338505347,151,9.827733850534683,0.12786332493718167
8840,FlexibleCantilever_2,669.0565053186784,151,-30.943494681321575,0.12786332493718167
8840,FlexibleCantilever_3,923.2893049931732,151,-26.71069500682676,0.12786332493718167
8860,FlexibleCantilever_0,170.42352865574236,151,-29.576471344257634,0.13340943982216308
8860,FlexibleCantilever_1,512.728471622638,151,62.728471622638025,0.13340943982216308
8860,FlexibleCantilever_2,703.7061557812134,151,3.706155781213373,0.13340943982216308
8860,FlexibleCantilever_3,935.1452155824588,151,-14.85478441754112,0.13340943982216308
8880,FlexibleCantilever_0,239.23814068139785,151,39.23814068139786,0.13310601421077486
8880,FlexibleCantilever_1,507.6160823163298,151,57.616082316329816,0.13310601421077486
8880,FlexibleCantilever_2,733.252782562024,151,33.25278256202401,0.13310601421077486
8880,FlexibleCantilever_3,961.9927293212573,151,11.992729321257343,0.13310601421077486
8900,FlexibleCantilever_0,275.0,151,75.0,0.1277667747121962
8900,FlexibleCantilever_1,449.9078789689765,151,-0.09212103102351277,0.1277667747121962
8900,FlexibleCantilever_2,731.4749362973722,151,31.474936297372214,0.1277667747121962
8900,FlexibleCantilever_3,980.5730489662724,151,30.573048966272427,0.1277667747121962
8920,FlexibleCantilever_0,254.13187469337493,151,54.13187469337494,0.12969710861053502
8920,FlexibleCantilever_1,390.1353529165504,151,-59.86464708344962,0.12969710861053502
8920,FlexibleCantilever_2,698.3094464689802,151,-1.6905535310198077,0.12969710861053502
8920,FlexibleCantilever_3,974.1475525277423,151,24.14755252774226,0.12969710861053502
8940,FlexibleCantilever_0,191.52522504700235,151,-8.474774952997654,0.13009710578085337
8940,FlexibleCantilever_1,379.98395187193444,151,-70.01604812806556,0.13009710578085337
8940,FlexibleCantilever_2,663.8829775683158,151,-36.1170224316842,0.13009710578085337
8940,FlexibleCantilever_3,949.6965669648198,151,-0.30343303518023523,0.13009710578085337
8960,FlexibleCantilever_0,140.22805890923013,151,-59.77194109076988,0.1282934795230011
8960,FlexibleCantilever_1,429.3858838952522,151,-20.614116104747765,0.1282934795230011
8960,FlexibleCantilever_2,660.6653040459015,151,-39.33469595409848,0.1282934795230011
8960,FlexibleCantilever_3,928.2142782838066,151,-21.78572171619337,0.1282934795230011
8980,FlexibleCantilever_0,145.89292997138614,151,-54.107070028613855,0.12790862525382013
8980,FlexibleCantilever_1,495.2647625007292,151,45.264762500729184,0.12790862525382013
8980,FlexibleCantilever_2,691.5872201007968,151,-8.412779899203226,0.12790862525382013
8980,FlexibleCantilever_3,926.4664015984351,151,-23.533598401564827,0.12790862525382013
9000,FlexibleCantilever_0,205.76051700537374,151,5.760517005373734,0.13230177194185952
9000,FlexibleCantilever_1,518.1141580848441,151,68.11415808484418,0.13230177194185952
9000,FlexibleCantilever_2,728.4550797013203,151,28.455079701320262,0.13230177194185952
9000,FlexibleCantilever_3,946.411003778653,151,-3.5889962213469953,0.13230177194185952
9020,FlexibleCantilever_0,266.9846144927634,151,66.98461449276338,0.13103248438539042
9020,FlexibleCantilever_1,478.1461574136092,151,28.14615741360922,0.13103248438539042
9020,FlexibleCantilever_2,739.3460810551439,151,39.34608105514398,0.13103248438539042
9020,FlexibleCantilever_3,971.8713795079002,151,21.87137950790016,0.13103248438539042
9040,FlexibleCantilever_0,271.1954367243781,151,71.1954367243781,0.12740428627332911
9040,FlexibleCantilever_1,410.48789638387655,151,-39.51210361612343,0.12740428627332911
9040,FlexibleCantilever_2,713.1859083319332,151,13.185908331933206,0.12740428627332911
9040,FlexibleCantilever_3,979.6528737153745,151,29.652873715374582,0.12740428627332911
9060,FlexibleCantilever_0,223.71567644060707,151,23.71567644060707,0.13012373684438527
9060,FlexibleCantilever_1,375.0318612816187,151,-74.96813871838131,0.13012373684438527
9060,FlexibleCantilever_2,672.4879932897533,151,-27.512006710246773,0.13012373684438527
9060,FlexibleCantilever_3,963.463331564261,151,13.463331564260978,0.13012373684438527
9080,FlexibleCantilever_0,159.98565126101676,151,-40.01434873898323,0.13143107293296497
9080,FlexibleCantilever_1,402.4371819322148,151,-47.56281806778523,0.13143107293296497
9080,FlexibleCantilever_2,655.3674938204564,151,-44.63250617954366,0.13143107293296497
9080,FlexibleCantilever_3,938.3251459698047,151,-11.674854030195275,0.13143107293296497
9100,FlexibleCantilever_0,133.9159938943505,151,-66.0840061056495,0.12923017934904343
9100,FlexibleCantilever_1,470.8405233590617,151,20.840523359061688,0.12923017934904343
9100,FlexibleCantilever_2,676.3579246724094,151,-23.642075327590696,0.12923017934904343
9100,FlexibleCantilever_3,924.5416513794526,151,-25.458348620547405,0.12923017934904343
9120,FlexibleCantilever_0,172.3791985885816,151,-27.6208014114184,0.12661224243928895
9120,FlexibleCantilever_1,517.6333764148526,151,67.63337641485265,0.12661224243928895
9120,FlexibleCantilever_2,717.1785332606769,151,17.17853326067694,0.12661224243928895
9120,FlexibleCantilever_3,933.9539916497341,151,-16.04600835026587,0.12661224243928895
9140,FlexibleCantilever_0,241.20302254813805,151,41.20302254813805,0.1304930362158584
9140,FlexibleCantilever_1,501.08488572626055,151,51.08488572626055,0.1304930362158584
9140,FlexibleCantilever_2,742.5671588261463,151,42.5671588261463,0.1304930362158584
9140,FlexibleCantilever_3,959.4102453451229,151,9.410245345122895,0.1304930362158584
9160,FlexibleCantilever_0,275.0,151,75.0,0.13015442628732127
9160,FlexibleCantilever_1,436.4204574022432,151,-13.579542597756818,0.13015442628732127
9160,FlexibleCantilever_2,729.5357704211318,151,29.53577042113185,0.13015442628732127
9160,FlexibleCantilever_3,978.0737151069076,151,28.07371510690752,0.13015442628732127
9180,FlexibleCantilever_0,252.04448401832386,151,52.044484018323864,0.12651787636222975
9180,FlexibleCantilever_1,381.17219150262645,151,-68.82780849737354,0.12651787636222975
9180,FlexibleCantilever_2,688.7316947147671,151,-11.268305285232964,0.12651787636222975
9180,FlexibleCantilever_3,972.9464555790229,151,22.946455579022853,0.12651787636222975
9200,FlexibleCantilever_0,189.03240091365532,151,-10.967599086344688,0.13140795270715733
9200,FlexibleCantilever_1,384.2973696206151,151,-65.70263037938491,0.13140795270715733
9200,FlexibleCantilever_2,657.1090721707435,151,-42.89092782925645,0.13140795270715733
9200,FlexibleCantilever_3,949.5453849685464,151,-0.4546150314536408,0.13140795270715733
9220,FlexibleCantilever_0,139.36003968711995,151,-60.63996031288005,0.1313449817329491
9220,FlexibleCantilever_1,442.84623935234595,151,-7.153760647654069,0.1313449817329491
9220,FlexibleCantilever_2,662.4510021050248,151,-37.54899789497513,0.1313449817329491
9220,FlexibleCantilever_3,927.9088083119943,151,-22.091191688005658,0.1313449817329491
9240,FlexibleCantilever_0,148.62641445823624,151,-51.373585541763774,0.1289222410741188
9240,FlexibleCantilever_1,505.5761532560824,151,55.5761532560824,0.1289222410741188
9240,FlexibleCantilever_2,700.064820175751,151,0.0648201757510094,0.1289222410741188
9240,FlexibleCantilever_3,926.4489926088593,151,-23.551007391140782,0.1289222410741188
9260,FlexibleCantilever_0,210.06450985718223,151,10.064509857182232,0.12642872564943114
9260,FlexibleCantilever_1,515.7017268930001,151,65.7017268930001,0.12642872564943114
9260,FlexibleCantilever_2,737.2955037502195,151,37.295503750219446,0.12642872564943114
9260,FlexibleCantilever_3,947.3584730094441,151,-2.641526990555864,0.12642872564943114
9280,FlexibleCantilever_0,268.91073768962525,151,68.91073768962526,0.13043739249727643
9280,FlexibleCantilever_1,464.5519738556516,151,14.551973855651628,0.13043739249727643
9280,FlexibleCantilever_2,741.8657533427219,151,41.865753342721895,0.13043739249727643
9280,FlexibleCantilever_3,971.5606136246537,151,21.560613624653712,0.13043739249727643
9300,FlexibleCantilever_0,269.4655765252144,151,69.46557652521436,0.13007150597475842
9300,FlexibleCantilever_1,397.87607744130946,151,-52.12392255869056,0.13007150597475842
9300,FlexibleCantilever_2,708.8347174513156,151,8.834717451315536,0.13007150597475842
9300,FlexibleCantilever_3,976.4553448217622,151,26.455344821762214,0.13007150597475842
9320,FlexibleCantilever_0,218.88283484256314,151,18.88283484256314,0.12768414132677255
9320,FlexibleCantilever_1,375.690922575023,151,-74.30907742497695,0.12768414132677255
9320,FlexibleCantilever_2,666.9042871461273,151,-33.09571285387264,0.12768414132677255
9320,FlexibleCantilever_3,958.321476358243,151,8.321476358243023,0.12768414132677255
9340,FlexibleCantilever_0,156.10477818136962,151,-43.89522181863038,0.13088478335747225
9340,FlexibleCantilever_1,415.923382488609,151,-34.076617511391014,0.13088478335747225
9340,FlexibleCantilever_2,653.588308460969,151,-46.41169153903101,0.13088478335747225
9340,FlexibleCantilever_3,933.3695697550527,151,-16.630430244947373,0.13088478335747225
9360,FlexibleCantilever_0,135.22539039379103,151,-64.77460960620898,0.1306340535905505
9360,FlexibleCantilever_1,485.5282263159192,151,35.528226315919184,0.1306340535905505
9360,FlexibleCantilever_2,680.2368901145911,151,-19.763109885408884,0.1306340535905505
9360,FlexibleCantilever_3,923.1750119991345,151,-26.824988000865456,0.1306340535905505
9380,FlexibleCantilever_0,179.73362077694398,151,-20.266379223056013,0.1275542723598406
9380,FlexibleCantilever_1,520.834678943419,151,70.83467894341908,0.1275542723598406
9380,FlexibleCantilever_2,724.0511530908564,151,24.051153090856378,0.1275542723598406
9380,FlexibleCantilever_3,937.7851807684059,151,-12.214819231594083,0.1275542723598406
9400,FlexibleCantilever_0,249.0427679210136,151,49.0427679210136,0.12631778092490636
9400,FlexibleCantilever_1,490.1741166439619,151,40.174116643961916,0.12631778092490636
9400,FlexibleCantilever_2,747.5507971016316,151,47.550797101631616,0.12631778092490636
9400,FlexibleCantilever_3,963.6085506957743,151,13.608550695774246,0.12631778092490636
9420,FlexibleCantilever_0,275.0,151,75.0,0.12779626609484265
9420,FlexibleCantilever_1,421.74879894008257,151,-28.25120105991744,0.12779626609484265
9420,FlexibleCantilever_2,729.0099477829601,151,29.009947782960083,0.12779626609484265
9420,FlexibleCantilever_3,976.2603487555244,151,26.260348755524483,0.12779626609484265
9440,FlexibleCantilever_0,245.33528858298996,151,45.33528858298996,0.13124657194433265
9440,FlexibleCantilever_1,376.5461885327981,151,-73.45381146720189,0.13124657194433265
9440,FlexibleCantilever_2,684.5900430790579,151,-15.40995692094209,0.13124657194433265
9440,FlexibleCantilever_3,964.7567777086864,151,14.756777708686347,0.13124657194433265
9460,FlexibleCantilever_0,180.9078934194032,151,-19.092106580596816,0.12997889208074653
9460,FlexibleCantilever_1,393.103343956491,151,-56.896656043508955,0.12997889208074653
9460,FlexibleCantilever_2,653.5266212366505,151,-46.47337876334946,0.12997889208074653
9460,FlexibleCantilever_3,939.5658743960341,151,-10.43412560396586,0.12997889208074653
9480,FlexibleCantilever_0,136.42627077102108,151,-63.57372922897892,0.13082366563625236
9480,FlexibleCantilever_1,458.327293649083,151,8.327293649083026,0.13082366563625236
9480,FlexibleCantilever_2,662.3919455370723,151,-37.60805446292771,0.13082366563625236
9480,FlexibleCantilever_3,922.9893224184194,151,-27.010677581580598,0.13082366563625236
9500,FlexibleCantilever_0,153.60585580395502,151,-46.39414419604497,0.12938445573537974
9500,FlexibleCantilever_1,514.4947474433822,151,64.49474744338215,0.12938445573537974
9500,FlexibleCantilever_2,703.9203034400444,151,3.9203034400444228,0.12938445573537974
9500,FlexibleCantilever_3,930.6081308261407,151,-19.391869173859263,0.12938445573537974
9520,FlexibleCantilever_0,218.54677051982878,151,18.546770519828794,0.12736688396325546
9520,FlexibleCantilever_1,511.013821400058,151,61.013821400058006,0.12736688396325546
9520,FlexibleCantilever_2,742.6539123087572,151,42.65391230875717,0.12736688396325546
9520,FlexibleCantilever_3,955.5262041152478,151,5.526204115247804,0.12736688396325546
9540,FlexibleCantilever_0,273.6501624139611,151,73.6501624139611,0.1276208735037463
9540,FlexibleCantilever_1,451.6161534167819,151,1.6161534167819331,0.1276208735037463
9540,FlexibleCantilever_2,744.0369680901221,151,44.036968090122066,0.1276208735037463
9540,FlexibleCantilever_3,973.7542320628856,151,23.754232062885677,0.1276208735037463
9560,FlexibleCantilever_0,266.358264792158,151,66.35826479215801,0.12806305800833767
9560,FlexibleCantilever_1,389.3109536644315,151,-60.68904633556849,0.12806305800833767
9560,FlexibleCantilever_2,706.5747370473172,151,6.574737047317119,0.12806305800833767
9560,FlexibleCantilever_3,969.3722723640348,151,19.372272364034757,0.12806305800833767
9580,FlexibleCantilever_0,212.41752253596462,151,12.417522535964629,0.1297074297116091
9580,FlexibleCantilever_1,378.66972432518486,151,-71.33027567481516,0.1297074297116091
9580,FlexibleCantilever_2,663.3887990443096,151,-36.611200955690364,0.1297074297116091
9580,FlexibleCantilever_3,946.4533096138592,151,-3.5466903861407166,0.1297074297116091
9600,FlexibleCantilever_0,152.64674660008583,151,-47.35325339991417,0.12909301153161426
9600,FlexibleCantilever_1,428.5088535595081,151,-21.491146440491917,0.12909301153161426
9600,FlexibleCantilever_2,652.1520906786312,151,-47.847909321368725,0.12909301153161426
9600,FlexibleCantilever_3,925.2746370391941,151,-24.725362960805963,0.12909301153161426
9620,FlexibleCantilever_0,138.0644977863825,151,-61.9355022136175,0.12971123273572502
9620,FlexibleCantilever_1,496.366705140019,151,46.36670514001901,0.12971123273572502
9620,FlexibleCantilever_2,682.0655479799315,151,-17.93445202006848,0.12971123273572502
9620,FlexibleCantilever_3,925.5377065192586,151,-24.462293480741415,0.12971123273572502
9640,FlexibleCantilever_0,184.88603532442977,151,-15.113964675570223,0.12910512867506313
9640,FlexibleCantilever_1,520.5615805896433,151,70.56158058964336,0.12910512867506313
9640,FlexibleCantilever_2,728.1796751863196,151,28.17967518631967,0.12910512867506313
9640,FlexibleCantilever_3,947.1640300287013,151,-2.835969971298742,0.12910512867506313
9660,FlexibleCantilever_0,251.58425733429087,151,51.58425733429086,0.12921376930415554
9660,FlexibleCantilever_1,479.66586528096377,151,29.6658652809638,0.12921376930415554
9660,FlexibleCantilever_2,750.384932890933,151,50.38493289093297,0.12921376930415554
9660,FlexibleCantilever_3,969.1811204484436,151,19.181120448443618,0.12921376930415554
9680,FlexibleCantilever_0,274.92203192158604,151,74.92203192158601,0.12681058830570993
9680,FlexibleCantilever_1,410.7648525259429,151,-39.235147474057115,0.12681058830570993
9680,FlexibleCantilever_2,727.9991400527616,151,27.999140052761653,0.12681058830570993
9680,FlexibleCantilever_3,971.9987742329404,151,21.998774232940427,0.12681058830570993
9700,FlexibleCantilever_0,242.72040118275174,151,42.72040118275175,0.125365707551959
9700,FlexibleCantilever_1,375.0393570985748,151,-74.96064290142525,0.125365707551959
9700,FlexibleCantilever_2,681.527553832749,151,-18.472446167250958,0.125365707551959
9700,FlexibleCantilever_3,953.5837449076166,151,3.5837449076166217,0.125365707551959
9720,FlexibleCantilever_0,179.25519284815636,151,-20.744807151843656,0.12850150149037942
9720,FlexibleCantilever_1,402.5002282667001,151,-47.499771733299895,0.12850150149037942
9720,FlexibleCantilever_2,651.7993581940673,151,-48.200641805932705,0.12850150149037942
9720,FlexibleCantilever_3,930.4002076318575,151,-19.599792368142538,0.12850150149037942
9740,FlexibleCantilever_0,137.60898482223917,151,-62.39101517776085,0.12926407241850071
9740,FlexibleCantilever_1,470.81365658437454,151,20.813656584374545,0.12926407241850071
9740,FlexibleCantilever_2,664.0908497625408,151,-35.90915023745927,0.12926407241850071
9740,FlexibleCantilever_3,923.8696260437595,151,-26.130373956240543,0.12926407241850071
9760,FlexibleCantilever_0,157.77518253009512,151,-42.22481746990487,0.12954315462958757
9760,FlexibleCantilever_1,517.8401886465243,151,67.84018864652437,0.12954315462958757
9760,FlexibleCantilever_2,707.9969628023488,151,7.996962802348786,0.12954315462958757
9760,FlexibleCantilever_3,940.037521556665,151,-9.962478443335065,0.12954315462958757
9780,FlexibleCantilever_0,222.10906819915374,151,22.109068199153736,0.13109826344750594
9780,FlexibleCantilever_1,501.68375352605557,151,51.68375352605557,0.13109826344750594
9780,FlexibleCantilever_2,745.9672484436759,151,45.9672484436759,0.13109826344750594
9780,FlexibleCantilever_3,963.3020103169256,151,13.302010316925605,0.13109826344750594
9800,FlexibleCantilever_0,274.2121665823362,151,74.21216658233615,0.12654412172293505
9800,FlexibleCantilever_1,437.3228597495552,151,-12.677140250444799,0.12654412172293505
9800,FlexibleCantilever_2,743.869918895626,151,43.86991889562605,0.12654412172293505
9800,FlexibleCantilever_3,972.424453360569,151,22.424453360569007,0.12654412172293505
9820,FlexibleCantilever_0,265.1947632435974,151,65.1947632435974,0.12435330347487923
9820,FlexibleCantilever_1,382.31593215343514,151,-67.68406784656489,0.12435330347487923
9820,FlexibleCantilever_2,703.7852585586412,151,3.785258558641153,0.12435330347487923
9820,FlexibleCantilever_3,959.938032095166,151,9.938032095165974,0.12435330347487923
9840,FlexibleCantilever_0,210.89102496545183,151,10.891024965451821,0.12306975371860822
9840,FlexibleCantilever_1,384.2209365610378,151,-65.77906343896221,0.12306975371860822
9840,FlexibleCantilever_2,661.0388574196263,151,-38.96114258037365,0.12306975371860822
9840,FlexibleCantilever_3,937.3788514973988,151,-12.621148502601171,0.12306975371860822
9860,FlexibleCantilever_0,152.57847003436999,151,-47.42152996563001,0.12686646703671298
9860,FlexibleCantilever_1,442.2019947539616,151,-7.798005246038363,0.12686646703671298
9860,FlexibleCantilever_2,652.8486632428065,151,-47.15133675719348,0.12686646703671298
9860,FlexibleCantilever_3,925.1856827729596,151,-24.814317227040462,0.12686646703671298
9880,FlexibleCantilever_0,141.02039835357323,151,-58.979601646426765,0.12936896769749667
9880,FlexibleCantilever_1,505.01315463542153,151,55.013154635421536,0.12936896769749667
9880,FlexibleCantilever_2,686.0309881748235,151,-13.969011825176478,0.12936896769749667
9880,FlexibleCantilever_3,933.7874796163168,151,-16.212520383683202,0.12936896769749667
9900,FlexibleCantilever_0,190.06669770412296,151,-9.933302295877045,0.13186361542854597
9900,FlexibleCantilever_1,515.5453686773184,151,65.54536867731838,0.13186361542854597
9900,FlexibleCantilever_2,732.4170573200332,151,32.41705732003325,0.13186361542854597
9900,FlexibleCantilever_3,955.6141433841182,151,5.6141433841181145,0.13186361542854597
9920,FlexibleCantilever_0,255.57692839007316,151,55.57692839007316,0.12762022050489455
9920,FlexibleCantilever_1,465.3942248581502,151,15.394224858150201,0.12762022050489455
9920,FlexibleCantilever_2,751.404228296335,151,51.40422829633499,0.12762022050489455
9920,FlexibleCantilever_3,971.3445572750252,151,21.344557275025174,0.12762022050489455
9940,FlexibleCantilever_0,274.6381682434052,151,74.63816824340518,0.1237528486060207
9940,FlexibleCantilever_1,399.0803056541641,151,-50.919694345835936,0.1237528486060207
9940,FlexibleCantilever_2,725.9062867979835,151,25.906286797983554,0.1237528486060207
9940,FlexibleCantilever_3,967.2033984273304,151,17.203398427330427,0.1237528486060207
9960,FlexibleCantilever_0,239.54678085229972,151,39.546780852299726,0.12341837679897151
9960,FlexibleCantilever_1,375.58264339682506,151,-74.41735660317495,0.12341837679897151
9960,FlexibleCantilever_2,678.5474420709679,151,-21.452557929032064,0.12341837679897151
9960,FlexibleCantilever_3,947.4637147424426,151,-2.536285257557429,0.12341837679897151
9980,FlexibleCantilever_0,175.91992466815523,151,-24.080075331844764,0.12152594573561047
9980,FlexibleCantilever_1,414.3864529224322,151,-35.61354707756779,0.12152594573561047
9980,FlexibleCantilever_2,650.8602531210295,151,-49.13974687897052,0.12152594573561047
9980,FlexibleCantilever_3,929.8498026852393,151,-20.150197314760653,0.12152594573561047
10000,FlexibleCantilever_0,137.03884458667557,151,-62.96115541332444,0.12459775808609976
10000,FlexibleCantilever_1,483.2099204528599,151,33.209920452859876,0.12459775808609976
10000,FlexibleCantilever_2,666.5681347631686,151,-33.431865236831406,0.12459775808609976
10000,FlexibleCantilever_3,929.2902411653514,151,-20.70975883464856,0.12459775808609976
10020,FlexibleCantilever_0,161.58580871675065,151,-38.41419128324936,0.1312890931838698
10020,FlexibleCantilever_1,519.465931899486,151,69.46593189948604,0.1312890931838698
10020,FlexibleCantilever_2,712.0795211598676,151,12.079521159867571,0.1312890931838698
10020,FlexibleCantilever_3,945.8900960995803,151,-4.10990390041967,0.1312890931838698
10040,FlexibleCantilever_0,227.71144075241995,151,27.711440752419957,0.12834055722787607
10040,FlexibleCantilever_1,491.31084587723933,151,41.310845877239316,0.12834055722787607
10040,FlexibleCantilever_2,748.5221431658107,151,48.52214316581065,0.12834055722787607
10040,FlexibleCantilever_3,965.7754056075951,151,15.77540560759513,0.12834055722787607
10060,FlexibleCantilever_0,275.0,151,75.0,0.12397047228659194
10060,FlexibleCantilever_1,423.91517411393943,151,-26.084825886060592,0.12397047228659194
10060,FlexibleCantilever_2,743.6100425915772,151,43.61004259157727,0.12397047228659194
10060,FlexibleCantilever_3,971.3106122589339,151,21.310612258933958,0.12397047228659194
10080,FlexibleCantilever_0,262.40879937703045,151,62.40879937703045,0.12331949942094608
10080,FlexibleCantilever_1,377.4838459304884,151,-72.5161540695116,0.12331949942094608
10080,FlexibleCantilever_2,701.673003564469,151,1.6730035644690333,0.12331949942094608
10080,FlexibleCantilever_3,957.9922221327964,151,7.992222132796444,0.12331949942094608
10100,FlexibleCantilever_0,205.24478227751044,151,5.244782277510431,0.1219888109831187
10100,FlexibleCantilever_1,391.5701496305594,151,-58.42985036944058,0.1219888109831187
10100,FlexibleCantilever_2,659.0036476361093,151,-40.9963523638907,0.1219888109831187
10100,FlexibleCantilever_3,938.2407464007672,151,-11.759253599232855,0.1219888109831187
10120,FlexibleCantilever_0,147.76989530132607,151,-52.23010469867394,0.12067574183813638
10120,FlexibleCantilever_1,454.98508348240887,151,4.9850834824088475,0.12067574183813638
10120,FlexibleCantilever_2,652.3850816949151,151,-47.61491830508483,0.12067574183813638
10120,FlexibleCantilever_3,928.7180483282917,151,-21.281951671708246,0.12067574183813638
10140,FlexibleCantilever_0,140.57976798004754,151,-59.42023201995247,0.12763337106751116
10140,FlexibleCantilever_1,512.1958123971276,151,62.19581239712758,0.12763337106751116
10140,FlexibleCantilever_2,687.1442568195877,151,-12.855743180412306,0.12763337106751116
10140,FlexibleCantilever_3,937.0623412464959,151,-12.937658753504152,0.12763337106751116
10160,FlexibleCantilever_0,193.5885410614009,151,-6.4114589385991,0.12966023084537343
10160,FlexibleCantilever_1,511.9011776839078,151,61.90117768390782,0.12966023084537343
10160,FlexibleCantilever_2,734.4809499670366,151,34.48094996703658,0.12966023084537343
10160,FlexibleCantilever_3,956.490375710824,151,6.490375710823925,0.12966023084537343
10180,FlexibleCantilever_0,259.11355033192575,151,59.11355033192575,0.12516028837655815
10180,FlexibleCantilever_1,455.2461700379735,151,5.246170037973493,0.12516028837655815
10180,FlexibleCantilever_2,753.5379977361844,151,53.53799773618435,0.12516028837655815
10180,FlexibleCantilever_3,970.4390200920758,151,20.439020092075772,0.12516028837655815
10200,FlexibleCantilever_0,274.05539429315127,151,74.05539429315124,0.12272908942926786
10200,FlexibleCantilever_1,391.96572394829474,151,-58.03427605170526,0.12272908942926786
10200,FlexibleCantilever_2,727.2144838401949,151,27.214483840194898,0.12272908942926786
10200,FlexibleCantilever_3,966.2331514934494,151,16.233151493449423,0.12272908942926786
10220,FlexibleCantilever_0,235.13241192022446,151,35.13241192022447,0.12109752426956023
10220,FlexibleCantilever_1,377.44411761424584,151,-72.55588238575415,0.12109752426956023
10220,FlexibleCantilever_2,678.1652610986613,151,-21.83473890133866,0.12109752426956023
10220,FlexibleCantilever_3,948.2667424086269,151,-1.7332575913730697,0.12109752426956023
10240,FlexibleCantilever_0,170.62911925870353,151,-29.37088074129648,0.12123946277775449
10240,FlexibleCantilever_1,423.4175083114934,151,-26.582491688506586,0.12123946277775449
10240,FlexibleCantilever_2,648.9011217711732,151,-51.09887822882686,0.12123946277775449
10240,FlexibleCantilever_3,932.4695398615578,151,-17.530460138442155,0.12123946277775449
10260,FlexibleCantilever_0,134.75860730961884,151,-65.24139269038116,0.12078245754076654
10260,FlexibleCantilever_1,491.8239629145731,151,41.82396291457311,0.12078245754076654
10260,FlexibleCantilever_2,664.0453450735577,151,-35.95465492644236,0.12078245754076654
10260,FlexibleCantilever_3,931.9787085126713,151,-18.02129148732871,0.12078245754076654
10280,FlexibleCantilever_0,163.43411421735183,151,-36.565885782648174,0.1271872413874639
10280,FlexibleCantilever_1,521.308537346328,151,71.30853734632795,0.1271872413874639
10280,FlexibleCantilever_2,711.1800102537849,151,11.18001025378483,0.1271872413874639
10280,FlexibleCantilever_3,947.00439107344,151,-2.995608926559907,0.1271872413874639
10300,FlexibleCantilever_0,231.1817974694831,151,31.181797469483087,0.1259364394146727
10300,FlexibleCantilever_1,486.8470782436092,151,36.847078243609175,0.1259364394146727
10300,FlexibleCantilever_2,750.6495723377896,151,50.64957233778959,0.1259364394146727
10300,FlexibleCantilever_3,964.911705762935,151,14.911705762934929,0.1259364394146727
10320,FlexibleCantilever_0,275.0,151,75.0,0.12482943123406809
10320,FlexibleCantilever_1,418.40106362829624,151,-31.598936371703747,0.12482943123406809
10320,FlexibleCantilever_2,748.0697604781706,151,48.06976047817059,0.12482943123406809
10320,FlexibleCantilever_3,969.4630449946296,151,19.46304499462957,0.12482943123406809
10340,FlexibleCantilever_0,260.2410741474416,151,60.2410741474416,0.12090684583696998
10340,FlexibleCantilever_1,376.01558231375776,151,-73.98441768624224,0.12090684583696998
10340,FlexibleCantilever_2,704.540357330671,151,4.540357330670941,0.12090684583696998
10340,FlexibleCantilever_3,956.5742781833488,151,6.574278183348831,0.12090684583696998
10360,FlexibleCantilever_0,201.56190291861353,151,1.5619029186135216,0.12121849286904691
10360,FlexibleCantilever_1,395.3859087730943,151,-54.61409122690573,0.12121849286904691
10360,FlexibleCantilever_2,658.1888949736158,151,-41.81110502638419,0.12121849286904691
10360,FlexibleCantilever_3,938.4181586551185,151,-11.581841344881466,0.12121849286904691
10380,FlexibleCantilever_0,145.84466666192677,151,-54.155333338073234,0.12074067740071384
10380,FlexibleCantilever_1,460.780788491682,151,10.78078849168203,0.12074067740071384
10380,FlexibleCantilever_2,648.5208483226124,151,-51.47915167738761,0.12074067740071384
10380,FlexibleCantilever_3,930.4730858258557,151,-19.52691417414429,0.12074067740071384
10400,FlexibleCantilever_0,142.69199248307427,151,-57.30800751692574,0.12410166313039706
10400,FlexibleCantilever_1,515.4653038787138,151,65.46530387871387,0.12410166313039706
10400,FlexibleCantilever_2,683.8306164594647,151,-16.169383540535293,0.12410166313039706
10400,FlexibleCantilever_3,939.3600228272295,151,-10.639977172770495,0.12410166313039706
10420,FlexibleCantilever_0,198.0670467123593,151,-1.9329532876406912,0.1257144200685922
10420,FlexibleCantilever_1,511.4008476017915,151,61.400847601791526,0.1257144200685922
10420,FlexibleCantilever_2,734.7040648632112,151,34.70406486321119,0.1257144200685922
10420,FlexibleCantilever_3,957.159961160045,151,7.15996116004499,0.1257144200685922
10440,FlexibleCantilever_0,262.58848820421144,151,62.58848820421147,0.12548395627681241
10440,FlexibleCantilever_1,452.8074152324263,151,2.8074152324263046,0.12548395627681241
10440,FlexibleCantilever_2,757.533743451562,151,57.53374345156206,0.12548395627681241
10440,FlexibleCantilever_3,967.9864948785092,151,17.986494878509266,0.12548395627681241
10460,FlexibleCantilever_0,273.47085971203467,151,73.47085971203468,0.1254019297094419
10460,FlexibleCantilever_1,390.22555437622606,151,-59.77444562377394,0.1254019297094419
10460,FlexibleCantilever_2,731.194721365426,151,31.194721365425895,0.1254019297094419
10460,FlexibleCantilever_3,961.6644322339641,151,11.664432233964115,0.1254019297094419
10480,FlexibleCantilever_0,232.76463032339933,151,32.76463032339933,0.12083316211202334
10480,FlexibleCantilever_1,378.0066120344856,151,-71.99338796551437,0.12083316211202334
10480,FlexibleCantilever_2,678.3813361775842,151,-21.61866382241574,0.12083316211202334
10480,FlexibleCantilever_3,944.4250177019965,151,-5.574982298003488,0.12083316211202334
10500,FlexibleCantilever_0,168.8680967758908,151,-31.131903224109198,0.12110756815692014
10500,FlexibleCantilever_1,425.4991743344737,151,-24.50082566552627,0.12110756815692014
10500,FlexibleCantilever_2,645.1381309108356,151,-54.86186908916448,0.12110756815692014
10500,FlexibleCantilever_3,932.0531060797168,151,-17.946893920283223,0.12110756815692014
10520,FlexibleCantilever_0,135.38229664249332,151,-64.61770335750668,0.12077664345572793
10520,FlexibleCantilever_1,493.96088010492167,151,43.96088010492164,0.12077664345572793
10520,FlexibleCantilever_2,659.3668728033149,151,-40.6331271966851,0.12077664345572793
10520,FlexibleCantilever_3,936.1467324638614,151,-13.853267536138574,0.12077664345572793
10540,FlexibleCantilever_0,166.90738622811563,151,-33.092613771884366,0.12528327113518306
10540,FlexibleCantilever_1,522.7382063928962,151,72.73820639289626,0.12528327113518306
10540,FlexibleCantilever_2,709.4613708529026,151,9.46137085290265,0.12528327113518306
10540,FlexibleCantilever_3,952.4918680229154,151,2.491868022915301,0.12528327113518306
10560,FlexibleCantilever_0,235.2589862832576,151,35.2589862832576,0.12409958464051635
10560,FlexibleCantilever_1,487.2191538501062,151,37.21915385010615,0.12409958464051635
10560,FlexibleCantilever_2,753.5179826065612,151,53.51798260656125,0.12409958464051635
10560,FlexibleCantilever_3,965.7795886096926,151,15.779588609692636,0.12409958464051635
10580,FlexibleCantilever_0,275.0,151,75.0,0.12500085074759557
10580,FlexibleCantilever_1,417.86716264696554,151,-32.132837353034446,0.12500085074759557
10580,FlexibleCantilever_2,753.0880043678796,151,53.088004367879705,0.12500085074759557
10580,FlexibleCantilever_3,963.456765587773,151,13.456765587773063,0.12500085074759557
10600,FlexibleCantilever_0,258.839225111259,151,58.83922511125901,0.12591477654347813
10600,FlexibleCantilever_1,375.0338787517603,151,-74.96612124823972,0.12591477654347813
10600,FlexibleCantilever_2,706.761762444181,151,6.761762444181047,0.12591477654347813
10600,FlexibleCantilever_3,947.7266018448151,151,-2.273398155184799,0.12591477654347813
10620,FlexibleCantilever_0,199.8249654776858,151,-0.17503452231421157,0.12095000838478384
10620,FlexibleCantilever_1,394.61972223026686,151,-55.380277769733155,0.12095000838478384
10620,FlexibleCantilever_2,655.3229707504341,151,-44.677029249565855,0.12095000838478384
10620,FlexibleCantilever_3,933.6016588131725,151,-16.39834118682747,0.12095000838478384
10640,FlexibleCantilever_0,145.45269594507857,151,-54.547304054921426,0.1201568915719024
10640,FlexibleCantilever_1,459.7945278495132,151,9.794527849513226,0.1201568915719024
10640,FlexibleCantilever_2,643.0060783756987,151,-56.99392162430131,0.1201568915719024
10640,FlexibleCantilever_3,935.1883757065061,151,-14.811624293493889,0.1201568915719024
10660,FlexibleCantilever_0,144.11159867402802,151,-55.88840132597198,0.12258885381634184
10660,FlexibleCantilever_1,515.5152677181825,151,65.51526771818247,0.12258885381634184
10660,FlexibleCantilever_2,680.4528739801765,151,-19.547126019823512,0.12258885381634184
10660,FlexibleCantilever_3,950.7583364891346,151,0.758336489134622,0.12258885381634184
10680,FlexibleCantilever_0,200.08051967131232,151,0.0805196713123153,0.12461657922654637
10680,FlexibleCantilever_1,512.5627305825935,151,62.56273058259352,0.12461657922654637
10680,FlexibleCantilever_2,736.0295980396279,151,36.02959803962787,0.12461657922654637
10680,FlexibleCantilever_3,965.0697433374046,151,15.069743337404635,0.12461657922654637
10700,FlexibleCantilever_0,263.9255003660216,151,63.9255003660216,0.12485437847912385
10700,FlexibleCantilever_1,454.0189583470028,151,4.018958347002799,0.12485437847912385
10700,FlexibleCantilever_2,762.2384245086116,151,62.23842450861166,0.12485437847912385
10700,FlexibleCantilever_3,964.6009180491354,151,14.60091804913545,0.12485437847912385
10720,FlexibleCantilever_0,273.3386434654507,151,73.33864346545067,0.12522897810028177
10720,FlexibleCantilever_1,390.8121459836607,151,-59.1878540163393,0.12522897810028177
10720,FlexibleCantilever_2,734.8945282310392,151,34.8945282310392,0.12522897810028177
10720,FlexibleCantilever_3,949.702274755721,151,-0.2977252442790915,0.12522897810028177
10740,FlexibleCantilever_0,232.65513691606472,151,32.65513691606471,0.1228067759653005
10740,FlexibleCantilever_1,377.6309964010556,151,-72.36900359894442,0.1228067759653005
10740,FlexibleCantilever_2,676.9121611824177,151,-23.087838817582355,0.1228067759653005
10740,FlexibleCantilever_3,934.3559234517877,151,-15.644076548212242,0.1228067759653005
10760,FlexibleCantilever_0,169.3754716343976,151,-30.62452836560241,0.12161130707708726
10760,FlexibleCantilever_1,423.99234197997873,151,-26.00765802002125,0.12161130707708726
10760,FlexibleCantilever_2,639.332630853935,151,-60.66736914606498,0.12161130707708726
10760,FlexibleCantilever_3,934.3701659575441,151,-15.62983404245586,0.12161130707708726
10780,FlexibleCantilever_0,136.54344630110617,151,-63.45655369889383,0.1201674459969439
10780,FlexibleCantilever_1,492.47395239667105,151,42.47395239667104,0.1201674459969439
10780,FlexibleCantilever_2,653.932243153985,151,-46.06775684601493,0.1201674459969439
10780,FlexibleCantilever_3,949.5926337328738,151,-0.40736626712625024,0.1201674459969439
10800,FlexibleCantilever_0,167.70177079933984,151,-32.298229200660174,0.12401423733924799
10800,FlexibleCantilever_1,522.452105021393,151,72.45210502139301,0.12401423733924799
10800,FlexibleCantilever_2,708.909566007283,151,8.90956600728301,0.12401423733924799
10800,FlexibleCantilever_3,964.5818777291553,151,14.581877729155261,0.12401423733924799
10820,FlexibleCantilever_0,234.67475805223336,151,34.674758052233365,0.12442920806286711
10820,FlexibleCantilever_1,488.1252799360038,151,38.12527993600377,0.12442920806286711
10820,FlexibleCantilever_2,757.5831995683001,151,57.5831995683001,0.12442920806286711
10820,FlexibleCantilever_3,965.2697523306027,151,15.269752330602778,0.12442920806286711
10840,FlexibleCantilever_0,275.0,151,75.0,0.12549750146732566
10840,FlexibleCantilever_1,419.5885232838615,151,-30.411476716138512,0.12549750146732566
10840,FlexibleCantilever_2,757.5102850801401,151,57.51028508014011,0.12549750146732566
10840,FlexibleCantilever_3,950.9836267882828,151,0.983626788282725,0.12549750146732566
10860,FlexibleCantilever_0,259.2785856457641,151,59.27858564576414,0.12647697514922693
10860,FlexibleCantilever_1,376.61511187200944,151,-73.38488812799056,0.12647697514922693
10860,FlexibleCantilever_2,706.9293410732005,151,6.929341073200495,0.12647697514922693
10860,FlexibleCantilever_3,934.4994354888615,151,-15.500564511138466,0.12647697514922693
10880,FlexibleCantilever_0,200.7120314309683,151,0.7120314309682949,0.12198676356465893
10880,FlexibleCantilever_1,393.79705053916587,151,-56.202949460834155,0.12198676356465893
10880,FlexibleCantilever_2,650.1373648371203,151,-49.86263516287961,0.12198676356465893
10880,FlexibleCantilever_3,932.0227125050751,151,-17.977287494924894,0.12198676356465893
10900,FlexibleCantilever_0,146.31696655075265,151,-53.68303344924734,0.12239913763562926
10900,FlexibleCantilever_1,458.65830309792403,151,8.65830309792404,0.12239913763562926
10900,FlexibleCantilever_2,635.7955499418116,151,-64.20445005818843,0.12239913763562926
10900,FlexibleCantilever_3,945.8871231722906,151,-4.1128768277094165,0.12239913763562926
10920,FlexibleCantilever_0,144.39279865320776,151,-55.607201346792245,0.12189401766795355
10920,FlexibleCantilever_1,515.0662277214433,151,65.06622772144325,0.12189401766795355
10920,FlexibleCantilever_2,677.1031481530239,151,-22.89685184697614,0.12189401766795355
10920,FlexibleCantilever_3,962.4977616485589,151,12.497761648558964,0.12189401766795355
10940,FlexibleCantilever_0,199.08836183827177,151,-0.9116381617282454,0.123553997807689
10940,FlexibleCantilever_1,513.1271923252641,151,63.127192325264055,0.123553997807689
10940,FlexibleCantilever_2,738.8229826373062,151,38.82298263730617,0.123553997807689
10940,FlexibleCantilever_3,966.6752297665432,151,16.675229766543282,0.123553997807689
10960,FlexibleCantilever_0,262.0660472695633,151,62.066047269563306,0.12566434806793747
10960,FlexibleCantilever_1,455.2160798832918,151,5.216079883291808,0.12566434806793747
10960,FlexibleCantilever_2,768.251306851809,151,68.25130685180899,0.12566434806793747
10960,FlexibleCantilever_3,954.8777001287643,151,4.87770012876431,0.12566434806793747
10980,FlexibleCantilever_0,273.42284470929457,151,73.42284470929458,0.12557326551482295
10980,FlexibleCantilever_1,391.9161608976423,151,-58.08383910235766,0.12557326551482295
10980,FlexibleCantilever_2,738.6446093999989,151,38.64460939999891,0.12557326551482295
10980,FlexibleCantilever_3,937.6660837305753,151,-12.33391626942467,0.12557326551482295
11000,FlexibleCantilever_0,233.0264296797448,151,33.026429679744815,0.1257878395508731
11000,FlexibleCantilever_1,377.20630727317285,151,-72.79369272682713,0.1257878395508731
11000,FlexibleCantilever_2,674.0014880436074,151,-25.998511956392605,0.1257878395508731
11000,FlexibleCantilever_3,931.1577332427734,151,-18.84226675722669,0.1257878395508731
11020,FlexibleCantilever_0,169.7270175322836,151,-30.27298246771638,0.12242002913248008
11020,FlexibleCantilever_1,422.3519079745298,151,-27.648092025470188,0.12242002913248008
11020,FlexibleCantilever_2,631.076119466239,151,-68.92388053376101,0.12242002913248008
11020,FlexibleCantilever_3,941.7520631859593,151,-8.247936814040703,0.12242002913248008
11040,FlexibleCantilever_0,136.87813369662732,151,-63.12186630337268,0.12452806393872809
11040,FlexibleCantilever_1,491.10800939834166,151,41.10800939834167,0.12452806393872809
11040,FlexibleCantilever_2,646.8108124000676,151,-53.18918759993244,0.12452806393872809
11040,FlexibleCantilever_3,959.0223934209336,151,9.022393420933565,0.12452806393872809
11060,FlexibleCantilever_0,168.1317305967605,151,-31.868269403239513,0.1222241167963023
11060,FlexibleCantilever_1,522.6887129259621,151,72.68871292596215,0.1222241167963023
11060,FlexibleCantilever_2,709.3318824556687,151,9.331882455668698,0.1222241167963023
11060,FlexibleCantilever_3,967.2437868345645,151,17.24378683456453,0.1222241167963023
11080,FlexibleCantilever_0,234.82805899208628,151,34.82805899208628,0.1250671093604249
11080,FlexibleCantilever_1,489.22452812148754,151,39.22452812148754,0.1250671093604249
11080,FlexibleCantilever_2,764.8210934266946,151,64.82109342669456,0.1250671093604249
11080,FlexibleCantilever_3,959.2084285979684,151,9.208428597968302,0.1250671093604249
11100,FlexibleCantilever_0,275.0,151,75.0,0.12464677514901698
11100,FlexibleCantilever_1,420.71196912364127,151,-29.288030876358718,0.12464677514901698
11100,FlexibleCantilever_2,765.3088194904021,151,65.30881949040217,0.12464677514901698
11100,FlexibleCantilever_3,942.1337860141668,151,-7.866213985833121,0.12464677514901698
11120,FlexibleCantilever_0,257.94211219526323,151,57.94211219526322,0.12757046756082335
11120,FlexibleCantilever_1,376.75662934887237,151,-73.24337065112763,0.12757046756082335
11120,FlexibleCantilever_2,708.0510408312163,151,8.051040831216305,0.12757046756082335
11120,FlexibleCantilever_3,931.343717877353,151,-18.65628212264699,0.12757046756082335
11140,FlexibleCantilever_0,197.9892153767458,151,-2.010784623254208,0.12403001739841034
11140,FlexibleCantilever_1,393.0249892713976,151,-56.97501072860241,0.12403001739841034
11140,FlexibleCantilever_2,642.1584255710042,151,-57.8415744289958,0.12403001739841034
11140,FlexibleCantilever_3,937.2425306322057,151,-12.757469367794288,0.12403001739841034
11160,FlexibleCantilever_0,143.79461081122045,151,-56.20538918877955,0.12155924109318475
11160,FlexibleCantilever_1,457.4849723658905,151,7.48497236589048,0.12155924109318475
11160,FlexibleCantilever_2,626.9371660774138,151,-73.06283392258611,0.12155924109318475
11160,FlexibleCantilever_3,953.9181142238922,151,3.9181142238921876,0.12155924109318475
11180,FlexibleCantilever_0,144.26188115180636,151,-55.73811884819364,0.12340858106840008
11180,FlexibleCantilever_1,514.79436239916,151,64.7943623991601,0.12340858106840008
11180,FlexibleCantilever_2,673.4648515210658,151,-26.535148478934147,0.12340858106840008
11180,FlexibleCantilever_3,966.0512349467062,151,16.0512349467063,0.12340858106840008
11200,FlexibleCantilever_0,201.72060277816627,151,1.7206027781662567,0.12217210436953409
11200,FlexibleCantilever_1,514.1127614884732,151,64.11276148847317,0.12217210436953409
11200,FlexibleCantilever_2,743.7789733363016,151,43.7789733363016,0.12217210436953409
11200,FlexibleCantilever_3,962.9507914663945,151,12.950791466394499,0.12217210436953409
11220,FlexibleCantilever_0,264.76870983697506,151,64.76870983697508,0.12638812195449814
11220,FlexibleCantilever_1,456.5305560050599,151,6.530556005059898,0.12638812195449814
11220,FlexibleCantilever_2,775.0,151,75.0,0.12638812195449814
11220,FlexibleCantilever_3,947.5518449719954,151,-2.448155028004635,0.12638812195449814
11240,FlexibleCantilever_0,272.5073991564741,151,72.50739915647412,0.12672838827356125
11240,FlexibleCantilever_1,392.5088273006975,151,-57.49117269930255,0.12672838827356125
11240,FlexibleCantilever_2,743.5044599103998,151,43.50445991039976,0.12672838827356125
11240,FlexibleCantilever_3,933.3812308566268,151,-16.618769143373257,0.12672838827356125
11260,FlexibleCantilever_0,228.71911068988086,151,28.71911068988086,0.1267669995881886
11260,FlexibleCantilever_1,376.87469693849874,151,-73.12530306150127,0.1267669995881886
11260,FlexibleCantilever_2,672.3705262745839,151,-27.62947372541612,0.1267669995881886
11260,FlexibleCantilever_3,933.1855212095561,151,-16.814478790443903,0.1267669995881886
11280,FlexibleCantilever_0,164.59428329023834,151,-35.40571670976166,0.12326807663924845
11280,FlexibleCantilever_1,421.1528360083776,151,-28.847163991622384,0.12326807663924845
11280,FlexibleCantilever_2,625.0,151,-75.0,0.12326807663924845
11280,FlexibleCantilever_3,947.0040594263743,151,-2.995940573625748,0.12326807663924845
11300,FlexibleCantilever_0,135.0369567503297,151,-64.96304324967029,0.12295658607532055
11300,FlexibleCantilever_1,490.67038244288534,151,40.67038244288534,0.12295658607532055
11300,FlexibleCantilever_2,642.7177215097926,151,-57.28227849020742,0.12295658607532055
11300,FlexibleCantilever_3,962.3323737844689,151,12.332373784468942,0.12295658607532055
11320,FlexibleCantilever_0,170.9049635936911,151,-29.095036406308903,0.12325612159209481
11320,FlexibleCantilever_1,523.9427858478424,151,73.94278584784242,0.12325612159209481
11320,FlexibleCantilever_2,708.5865067640246,151,8.586506764024685,0.12325612159209481
11320,FlexibleCantilever_3,965.7641763437964,151,15.764176343796455,0.12325612159209481
11340,FlexibleCantilever_0,239.31523145503246,151,39.31523145503245,0.12423512040661121
11340,FlexibleCantilever_1,491.32737283405265,151,41.32737283405268,0.12423512040661121
11340,FlexibleCantilever_2,768.5549601233588,151,68.55496012335878,0.12423512040661121
11340,FlexibleCantilever_3,954.4518479090068,151,4.451847909006821,0.12423512040661121
11360,FlexibleCantilever_0,275.0,151,75.0,0.1259434258195788
11360,FlexibleCantilever_1,422.25713066175183,151,-27.742869338248152,0.1259434258195788
11360,FlexibleCantilever_2,767.489497025874,151,67.48949702587402,0.1259434258195788
11360,FlexibleCantilever_3,938.4974440600982,151,-11.502555939901766,0.1259434258195788
11380,FlexibleCantilever_0,253.96037229891311,151,53.9603722989131,0.12975158098824194
11380,FlexibleCantilever_1,376.7118848493112,151,-73.28811515068877,0.12975158098824194
11380,FlexibleCantilever_2,710.1454464547375,151,10.145446454737451,0.12975158098824194
11380,FlexibleCantilever_3,931.6176336070835,151,-18.38236639291657,0.12975158098824194
11400,FlexibleCantilever_0,192.17759136117675,151,-7.822408638823256,0.1266677575334891
11400,FlexibleCantilever_1,392.1431048343554,151,-57.856895165644595,0.1266677575334891
11400,FlexibleCantilever_2,642.6092281180156,151,-57.390771881984335,0.1266677575334891
11400,FlexibleCantilever_3,939.6432322148413,151,-10.356767785158683,0.1266677575334891
11420,FlexibleCantilever_0,141.43027882079176,151,-58.56972117920824,0.12468609262758706
11420,FlexibleCantilever_1,456.3718141964367,151,6.371814196436649,0.12468609262758706
11420,FlexibleCantilever_2,626.7406533472554,151,-73.25934665274465,0.12468609262758706
11420,FlexibleCantilever_3,955.2019116022443,151,5.201911602244313,0.12468609262758706
11440,FlexibleCantilever_0,148.33245008307577,151,-51.66754991692423,0.12349554732992765
11440,FlexibleCantilever_1,514.8815977106235,151,64.88159771062352,0.12349554732992765
11440,FlexibleCantilever_2,673.2197645958606,151,-26.780235404139425,0.12349554732992765
11440,FlexibleCantilever_3,964.7038160477073,151,14.70381604770725,0.12349554732992765
11460,FlexibleCantilever_0,208.81885910431575,151,8.818859104315745,0.1243030309177793
11460,FlexibleCantilever_1,515.760051357445,151,65.76005135744502,0.1243030309177793
11460,FlexibleCantilever_2,744.207629542454,151,44.20762954245398,0.1243030309177793
11460,FlexibleCantilever_3,960.0533410761592,151,10.053341076159198,0.1243030309177793
11480,FlexibleCantilever_0,268.96984618080427,151,68.96984618080428,0.12479039592374079
11480,FlexibleCantilever_1,458.8616887482682,151,8.861688748268207,0.12479039592374079
11480,FlexibleCantilever_2,775.0,151,75.0,0.12479039592374079
11480,FlexibleCantilever_3,945.4201600627833,151,-4.579839937216647,0.12479039592374079
11500,FlexibleCantilever_0,270.3971342897411,151,70.39713428974106,0.12718451982794443
11500,FlexibleCantilever_1,394.8607994496732,151,-55.139200550326805,0.12718451982794443
11500,FlexibleCantilever_2,743.3204989315559,151,43.32049893155596,0.12718451982794443
11500,FlexibleCantilever_3,933.7495594451399,151,-16.250440554860116,0.12718451982794443
11520,FlexibleCantilever_0,222.43421931562926,151,22.434219315629278,0.12792794174322877
11520,FlexibleCantilever_1,377.2246108045335,151,-72.77538919546653,0.12792794174322877
11520,FlexibleCantilever_2,672.3075820868546,151,-27.692417913145334,0.12792794174322877
11520,FlexibleCantilever_3,935.3974711556431,151,-14.602528844356875,0.12792794174322877
11540,FlexibleCantilever_0,160.22495179672572,151,-39.775048203274274,0.1293442962220619
11540,FlexibleCantilever_1,420.11450603758215,151,-29.885493962417883,0.1293442962220619
11540,FlexibleCantilever_2,625.0,151,-75.0,0.1293442962220619
11540,FlexibleCantilever_3,948.5530885552884,151,-1.4469114447116431,0.1293442962220619
11560,FlexibleCantilever_0,136.60803699796145,151,-63.391963002038565,0.12613571326702402
11560,FlexibleCantilever_1,489.4035797252073,151,39.40357972520731,0.12613571326702402
11560,FlexibleCantilever_2,644.2726778129125,151,-55.72732218708746,0.12613571326702402
11560,FlexibleCantilever_3,960.9822323623785,151,10.982232362378493,0.12613571326702402
11580,FlexibleCantilever_0,176.7865851341533,151,-23.213414865846683,0.12457710562597636
11580,FlexibleCantilever_1,524.3899892911668,151,74.38998929116684,0.12457710562597636
11580,FlexibleCantilever_2,711.2684043402827,151,11.26840434028275,0.12457710562597636
11580,FlexibleCantilever_3,961.9067564053132,151,11.906756405313267,0.12457710562597636
11600,FlexibleCantilever_0,244.71276088598063,151,44.71276088598063,0.12572006419811613
11600,FlexibleCantilever_1,494.04500561472514,151,44.04500561472517,0.12572006419811613
11600,FlexibleCantilever_2,769.7157493572834,151,69.7157493572833,0.12572006419811613
11600,FlexibleCantilever_3,950.5701626676512,151,0.570162667651174,0.12572006419811613
11620,FlexibleCantilever_0,275.0,151,75.0,0.12662659904629067
11620,FlexibleCantilever_1,426.43952161835966,151,-23.560478381640362,0.12662659904629067
11620,FlexibleCantilever_2,765.6719159367613,151,65.67191593676128,0.12662659904629067
11620,FlexibleCantilever_3,937.098988041815,151,-12.901011958184956,0.12662659904629067
11640,FlexibleCantilever_0,249.9292724645817,151,49.92927246458169,0.12616556803932166
11640,FlexibleCantilever_1,379.64833056872396,151,-70.35166943127605,0.12616556803932166
11640,FlexibleCantilever_2,705.6825334436923,151,5.682533443692297,0.12616556803932166
11640,FlexibleCantilever_3,934.1362912641056,151,-15.86370873589438,0.12616556803932166
11660,FlexibleCantilever_0,187.16388889616266,151,-12.836111103837348,0.13008718645999442
11660,FlexibleCantilever_1,391.1322130932839,151,-58.86778690671613,0.13008718645999442
11660,FlexibleCantilever_2,639.1549123435888,151,-60.84508765641123,0.13008718645999442
11660,FlexibleCantilever_3,944.4222471852883,151,-5.577752814711797,0.13008718645999442
11680,FlexibleCantilever_0,139.2027027151289,151,-60.797297284871085,0.129340581510312
11680,FlexibleCantilever_1,452.7858006151568,151,2.785800615156781,0.129340581510312
11680,FlexibleCantilever_2,628.0899514645305,151,-71.9100485354695,0.129340581510312
11680,FlexibleCantilever_3,957.5485462290669,151,7.5485462290668774,0.129340581510312
11700,FlexibleCantilever_0,150.62379323912705,151,-49.37620676087293,0.1298146184304656
11700,FlexibleCantilever_1,512.7271670613596,151,62.72716706135967,0.1298146184304656
11700,FlexibleCantilever_2,678.2498029349518,151,-21.750197065048205,0.1298146184304656
11700,FlexibleCantilever_3,961.622694309795,151,11.62269430979491,0.1298146184304656
11720,FlexibleCantilever_0,213.25246054253418,151,13.252460542534171,0.12664862854345238
11720,FlexibleCantilever_1,517.893691964779,151,67.893691964779,0.12664862854345238
11720,FlexibleCantilever_2,748.0873079734804,151,48.087307973480435,0.12664862854345238
11720,FlexibleCantilever_3,953.2953890882812,151,3.295389088281208,0.12664862854345238
11740,FlexibleCantilever_0,271.8978812678323,151,71.89788126783233,0.12604889202385322
11740,FlexibleCantilever_1,464.46519914636553,151,14.465199146365524,0.12604889202385322
11740,FlexibleCantilever_2,774.761131448878,151,74.761131448878,0.12604889202385322
11740,FlexibleCantilever_3,939.6784650743773,151,-10.321534925622688,0.12604889202385322
11760,FlexibleCantilever_0,268.82541440589586,151,68.82541440589584,0.12759736006835523
11760,FlexibleCantilever_1,399.8322642872241,151,-50.16773571277588,0.12759736006835523
11760,FlexibleCantilever_2,736.1395760655198,151,36.13957606551976,0.12759736006835523
11760,FlexibleCantilever_3,933.7971484888405,151,-16.202851511159448,0.12759736006835523
11780,FlexibleCantilever_0,217.81460095069426,151,17.81460095069426,0.12720298851240264
11780,FlexibleCantilever_1,377.87235960440387,151,-72.12764039559616,0.12720298851240264
11780,FlexibleCantilever_2,663.6787974984928,151,-36.32120250150713,0.12720298851240264
11780,FlexibleCantilever_3,941.7811698155979,151,-8.218830184402067,0.12720298851240264
11800,FlexibleCantilever_0,155.96593785141562,151,-44.03406214858437,0.13157340588713948
11800,FlexibleCantilever_1,416.0849648629213,151,-33.91503513707868,0.13157340588713948
11800,FlexibleCantilever_2,625.0,151,-75.0,0.13157340588713948
11800,FlexibleCantilever_3,955.0556315911317,151,5.055631591131765,0.13157340588713948
11820,FlexibleCantilever_0,135.92953368521597,151,-64.07046631478403,0.13218350825930159
11820,FlexibleCantilever_1,484.337446065275,151,34.337446065275,0.13218350825930159
11820,FlexibleCantilever_2,650.6794409925866,151,-49.32055900741341,0.13218350825930159
11820,FlexibleCantilever_3,961.1558807844293,151,11.155880784429316,0.13218350825930159
11840,FlexibleCantilever_0,179.81772678459276,151,-20.182273215407243,0.13110140229798306
11840,FlexibleCantilever_1,523.0815353287286,151,73.08153532872862,0.13110140229798306
11840,FlexibleCantilever_2,719.4560067477189,151,19.456006747718845,0.13110140229798306
11840,FlexibleCantilever_3,955.2411927851351,151,5.24119278513508,0.13110140229798306
11860,FlexibleCantilever_0,248.70281948731716,151,48.70281948731716,0.12755846039256888
11860,FlexibleCantilever_1,498.36022592339594,151,48.360225923395944,0.12755846039256888
11860,FlexibleCantilever_2,770.8652617639664,151,70.8652617639664,0.12755846039256888
11860,FlexibleCantilever_3,942.2309454997991,151,-7.769054500200904,0.12755846039256888
11880,FlexibleCantilever_0,275.0,151,75.0,0.1284576643752583
11880,FlexibleCantilever_1,432.9141157437789,151,-17.085884256221124,0.1284576643752583
11880,FlexibleCantilever_2,759.1377280342105,151,59.137728034210504,0.1284576643752583
11880,FlexibleCantilever_3,934.1320964565523,151,-15.867903543447655,0.1284576643752583
11900,FlexibleCantilever_0,246.1163896100781,151,46.1163896100781,0.12998233353596184
11900,FlexibleCantilever_1,382.91065255899747,151,-67.08934744100253,0.12998233353596184
11900,FlexibleCantilever_2,693.3138175344229,151,-6.686182465577132,0.12998233353596184
11900,FlexibleCantilever_3,939.5497350352149,151,-10.450264964785141,0.12998233353596184
11920,FlexibleCantilever_0,181.9594803603637,151,-18.0405196396363,0.1290938873125592
11920,FlexibleCantilever_1,389.07330517382314,151,-60.92669482617687,0.1290938873125592
11920,FlexibleCantilever_2,631.4761054441407,151,-68.52389455585936,0.1290938873125592
11920,FlexibleCantilever_3,952.4827786529096,151,2.4827786529095324,0.1290938873125592
11940,FlexibleCantilever_0,136.90621204584176,151,-63.09378795415826,0.12919198182763195
11940,FlexibleCantilever_1,447.3664763980203,151,-2.6335236019796575,0.12919198182763195
11940,FlexibleCantilever_2,632.0399088314448,151,-67.9600911685552,0.12919198182763195
11940,FlexibleCantilever_3,960.4210744611757,151,10.42107446117573,0.12919198182763195
11960,FlexibleCantilever_0,153.8898661171226,151,-46.11013388287739,0.1318257463091911
11960,FlexibleCantilever_1,508.5631264731507,151,58.56312647315069,0.1318257463091911
11960,FlexibleCantilever_2,688.1140313675804,151,-11.885968632419543,0.1318257463091911
11960,FlexibleCantilever_3,956.8276131605012,151,6.827613160501156,0.1318257463091911
11980,FlexibleCantilever_0,218.98256622669777,151,18.982566226697777,0.13219405288837946
11980,FlexibleCantilever_1,518.9957791536528,151,68.99577915365279,0.13219405288837946
11980,FlexibleCantilever_2,753.7655095024492,151,53.76550950244921,0.13219405288837946
11980,FlexibleCantilever_3,944.8612045417252,151,-5.138795458274825,0.13219405288837946
