Step,Obj_Name,Obj_X,Obj_Y,Deflection_dX,Max_Flow_Vel
0,FlexibleCylinder_0,200,150.0,0.0,0.04000399994480161
0,FlexibleCylinder_1,450,150.0,0.0,0.04000399994480161
0,FlexibleCylinder_2,700,150.0,0.0,0.04000399994480161
0,FlexibleCylinder_3,950,150.0,0.0,0.04000399994480161
20,FlexibleCylinder_0,200,150.00013898843608,0.00013898843609088564,0.06515127603518607
20,FlexibleCylinder_1,450,150.00013898843608,0.00013898843609088564,0.06515127603518607
20,FlexibleCylinder_2,700,150.00013898843608,0.00013898843609088564,0.06515127603518607
20,FlexibleCylinder_3,950,150.00013898843608,0.00013898843609088564,0.06515127603518607
40,FlexibleCylinder_0,200,150.00063347917117,0.0006334791711758391,0.07680225535767457
40,FlexibleCylinder_1,450,150.00063347917117,0.0006334791711758391,0.07680225535767457
40,FlexibleCylinder_2,700,150.00063347917117,0.0006334791711758391,0.07680225535767457
40,FlexibleCylinder_3,950,150.00063347917117,0.0006334791711758391,0.07680225535767457
60,FlexibleCylinder_0,200,150.00136839158887,0.0013683915888596646,0.08266026819933019
60,FlexibleCylinder_1,450,150.00136839158887,0.0013683915888596646,0.08266026819933019
60,FlexibleCylinder_2,700,150.00136839158887,0.0013683915888596646,0.08266026819933019
60,FlexibleCylinder_3,950,150.00136839158887,0.0013683915888596646,0.08266026819933019
80,FlexibleCylinder_0,200,150.00220356696525,0.002203566965262912,0.08301331837706617
80,FlexibleCylinder_1,450,150.00220356696525,0.002203566965262912,0.08301331837706617
80,FlexibleCylinder_2,700,150.00220356696525,0.002203566965262912,0.08301331837706617
80,FlexibleCylinder_3,950,150.00220356696525,0.002203566965262912,0.08301331837706617
100,FlexibleCylinder_0,200,150.00341768429226,0.0034176842922637855,0.08135120216893386
100,FlexibleCylinder_1,450,150.00341768429226,0.0034176842922637855,0.08135120216893386
100,FlexibleCylinder_2,700,150.00341768429226,0.0034176842922637855,0.08135120216893386
100,FlexibleCylinder_3,950,150.00341768429226,0.0034176842922637855,0.08135120216893386
120,FlexibleCylinder_0,200,150.00502227535668,0.005022275356691542,0.07936384694571409
120,FlexibleCylinder_1,450,150.00502227535668,0.005022275356691542,0.07936384694571409
120,FlexibleCylinder_2,700,150.00502227535668,0.005022275356691542,0.07936384694571409
120,FlexibleCylinder_3,950,150.00502227535668,0.005022275356691542,0.07936384694571409
140,FlexibleCylinder_0,200,150.0069699724841,0.006969972484075388,0.07749399858631763
140,FlexibleCylinder_1,450,150.0069699724841,0.006969972484075388,0.07749399858631763
140,FlexibleCylinder_2,700,150.0069699724841,0.006969972484075388,0.07749399858631763
140,FlexibleCylinder_3,950,150.0069699724841,0.006969972484075388,0.07749399858631763
160,FlexibleCylinder_0,200,150.00921453019308,0.009214530193090249,0.07573825800574167
160,FlexibleCylinder_1,450,150.00921453019308,0.009214530193090249,0.07573825800574167
160,FlexibleCylinder_2,700,150.00921453019308,0.009214530193090249,0.07573825800574167
160,FlexibleCylinder_3,950,150.00921453019308,0.009214530193090249,0.07573825800574167
180,FlexibleCylinder_0,200,150.01171566246202,0.01171566246202658,0.07412354700278898
180,FlexibleCylinder_1,450,150.01171566246202,0.01171566246202658,0.07412354700278898
180,FlexibleCylinder_2,700,150.01171566246202,0.01171566246202658,0.07412354700278898
180,FlexibleCylinder_3,950,150.01171566246202,0.01171566246202658,0.07412354700278898
200,FlexibleCylinder_0,200,150.01444650944453,0.014446509444513667,0.0729976123711104
200,FlexibleCylinder_1,450,150.01444650944453,0.01444650944451211,0.0729976123711104
200,FlexibleCylinder_2,700,150.01444650944453,0.01444650944451211,0.0729976123711104
200,FlexibleCylinder_3,950,150.01444650944453,0.01444650944451211,0.0729976123711104
220,FlexibleCylinder_0,200,150.0173915127676,0.017391512767608377,0.07221905551737441
220,FlexibleCylinder_1,450,150.0173915127633,0.01739151276331621,0.07221905551737441
220,FlexibleCylinder_2,700,150.0173915127633,0.01739151276331621,0.07221905551737441
220,FlexibleCylinder_3,950,150.0173915127633,0.01739151276331621,0.07221905551737441
240,FlexibleCylinder_0,200,150.0205328811611,0.02053288116110838,0.0716234393486333
240,FlexibleCylinder_1,450,150.02053287826513,0.02053287826512732,0.0716234393486333
240,FlexibleCylinder_2,700,150.02053287826513,0.02053287826512732,0.0716234393486333
240,FlexibleCylinder_3,950,150.02053287826513,0.020532878265134714,0.0716234393486333
260,FlexibleCylinder_0,200,150.02385264576537,0.02385264576536042,0.07115514321598096
260,FlexibleCylinder_1,450,150.02385263130097,0.02385263130095522,0.07115514321598096
260,FlexibleCylinder_2,700,150.02385263130097,0.02385263130095522,0.07115514321598096
260,FlexibleCylinder_3,950,150.02385263130594,0.023852631305929153,0.07115514321598096
280,FlexibleCylinder_0,200,150.02733385400725,0.02733385400726226,0.0707625226561209
280,FlexibleCylinder_1,450,150.02733382940423,0.027333829404229022,0.0707625226561209
280,FlexibleCylinder_2,700,150.02733382940423,0.027333829404229022,0.0707625226561209
280,FlexibleCylinder_3,950,150.0273338294076,0.027333829407610526,0.0707625226561209
300,FlexibleCylinder_0,200,150.03096120091038,0.03096120091037408,0.07041141064407383
300,FlexibleCylinder_1,450,150.03096116073593,0.030961160735922554,0.07041141064407383
300,FlexibleCylinder_2,700,150.03096116073593,0.030961160735922554,0.07041141064407383
300,FlexibleCylinder_3,950,150.03096116073905,0.03096116073904559,0.07041141064407383
320,FlexibleCylinder_0,200,150.03476429944516,0.034764299445160365,0.0700875868260874
320,FlexibleCylinder_1,450,150.0347642403638,0.03476424036380783,0.0700875868260874
320,FlexibleCylinder_2,700,150.0347642403638,0.03476424036380783,0.0700875868260874
320,FlexibleCylinder_3,950,150.0347642403676,0.03476424036759267,0.0700875868260874
340,FlexibleCylinder_0,200,150.03866737009716,0.038667370097165844,0.0697860792245901
340,FlexibleCylinder_1,450,150.03866728893934,0.038667288939340336,0.0697860792245901
340,FlexibleCylinder_2,700,150.03866728893934,0.038667288939340336,0.0697860792245901
340,FlexibleCylinder_3,950,150.03866728894363,0.03866728894363086,0.0697860792245901
360,FlexibleCylinder_0,200,150.042766786401,0.04276678640099324,0.06950156496340772
360,FlexibleCylinder_1,450,150.04276570835856,0.042765708358546976,0.06950156496340772
360,FlexibleCylinder_2,700,150.04276570835856,0.042765708358546976,0.06950156496340772
360,FlexibleCylinder_3,950,150.04276570836657,0.04276570836658366,0.06950156496340772
380,FlexibleCylinder_0,200,150.0470765706878,0.047076570687802854,0.06923921612606765
380,FlexibleCylinder_1,450,150.0471254846671,0.04712548466709433,0.06923921612606765
380,FlexibleCylinder_2,700,150.0471254846671,0.04712548466709433,0.06923921612606765
380,FlexibleCylinder_3,950,150.04712548460805,0.04712548460805338,0.06923921612606765
400,FlexibleCylinder_0,200,150.05143479534544,0.0514347953454314,0.06937203355759722
400,FlexibleCylinder_1,450,150.05189932053065,0.05189932053065559,0.06937203355759722
400,FlexibleCylinder_2,700,150.05189932053065,0.05189932053065559,0.06937203355759722
400,FlexibleCylinder_3,950,150.05189949556774,0.051899495567730734,0.06937203355759722
420,FlexibleCylinder_0,200,150.0558648106253,0.05586481062529679,0.06895712936361059
420,FlexibleCylinder_1,450,150.05618931649457,0.05618931649457359,0.06895712936361059
420,FlexibleCylinder_2,700,150.05618931649457,0.0561893164945736,0.06895712936361059
420,FlexibleCylinder_3,950,150.05623544941744,0.056235449417450185,0.06895712936361059
440,FlexibleCylinder_0,200,150.06027839967396,0.06027839967396067,0.06760676668446836
440,FlexibleCylinder_1,450,150.06018919329972,0.06018919329973385,0.06760676668446836
440,FlexibleCylinder_2,700,150.06018919329972,0.06018919329973392,0.06760676668446836
440,FlexibleCylinder_3,950,150.06056781503423,0.06056781503424457,0.06760676668446836
460,FlexibleCylinder_0,200,150.06487956527647,0.06487956527648203,0.06833246867788215
460,FlexibleCylinder_1,450,150.06470582560934,0.06470582560933427,0.06833246867788215
460,FlexibleCylinder_2,700,150.06470582560934,0.06470582560933492,0.06833246867788215
460,FlexibleCylinder_3,950,150.06517211810575,0.06517211810573549,0.06833246867788215
480,FlexibleCylinder_0,200,150.06839032256664,0.06839032256664586,0.06822955379901864
480,FlexibleCylinder_1,450,150.06810091251577,0.06810091251576518,0.06822955379901864
480,FlexibleCylinder_2,700,150.06810091251577,0.06810091251576607,0.06822955379901864
480,FlexibleCylinder_3,950,150.0683296726509,0.06832967265087934,0.06822955379901864
500,FlexibleCylinder_0,200,150.07356249958215,0.07356249958215841,0.06920474815614017
500,FlexibleCylinder_1,450,150.0731934720483,0.07319347204831098,0.06920474815614017
500,FlexibleCylinder_2,700,150.0731934720483,0.07319347204831139,0.06920474815614017
500,FlexibleCylinder_3,950,150.07355076215848,0.07355076215846411,0.06920474815614017
520,FlexibleCylinder_0,200,150.07936291679187,0.07936291679186148,0.06992249477905564
520,FlexibleCylinder_1,450,150.07888243209788,0.07888243209787056,0.06992249477905564
520,FlexibleCylinder_2,700,150.07888243209786,0.07888243209786928,0.06992249477905564
520,FlexibleCylinder_3,950,150.0793297225772,0.0793297225772106,0.06992249477905564
540,FlexibleCylinder_0,200,150.08479589036466,0.08479589036466365,0.07135014568963188
540,FlexibleCylinder_1,450,150.0841731479136,0.08417314791358298,0.07135014568963188
540,FlexibleCylinder_2,700,150.0841731479136,0.08417314791358162,0.07135014568963188
540,FlexibleCylinder_3,950,150.08478597496062,0.08478597496062439,0.07135014568963188
560,FlexibleCylinder_0,200,150.08958423731815,0.08958423731816254,0.07151308338429371
560,FlexibleCylinder_1,450,150.0888259837682,0.0888259837682119,0.07151308338429371
560,FlexibleCylinder_2,700,150.0888259837682,0.08882598376821144,0.07151308338429371
560,FlexibleCylinder_3,950,150.08960202608046,0.0896020260804659,0.07151308338429371
580,FlexibleCylinder_0,200,150.09411847952643,0.09411847952641719,0.0711097874210401
580,FlexibleCylinder_1,450,150.09324748559044,0.09324748559043937,0.0711097874210401
580,FlexibleCylinder_2,700,150.09324748559047,0.09324748559045686,0.0711097874210401
580,FlexibleCylinder_3,950,150.09417328407548,0.09417328407547769,0.0711097874210401
600,FlexibleCylinder_0,200,150.09867956876911,0.09867956876911015,0.07050217327614365
600,FlexibleCylinder_1,450,150.09870483507794,0.0987048350779267,0.07050217327614365
600,FlexibleCylinder_2,700,150.09870483507999,0.09870483507997355,0.07050217327614365
600,FlexibleCylinder_3,950,150.09977975389867,0.0997797538986594,0.07050217327614365
620,FlexibleCylinder_0,200,150.10337059844227,0.10337059844226046,0.06984386077377085
620,FlexibleCylinder_1,450,150.1080487320329,0.10804873203290415,0.06984386077377085
620,FlexibleCylinder_2,700,150.10804873206854,0.10804873206852748,0.06984386077377085
620,FlexibleCylinder_3,950,150.10927044303904,0.10927044303903098,0.06984386077377085
640,FlexibleCylinder_0,200,150.10783366906293,0.10783366906293444,0.0692063720819783
640,FlexibleCylinder_1,450,150.11276380450272,0.1127638045027289,0.0692063720819783
640,FlexibleCylinder_2,700,150.11276380464486,0.11276380464484774,0.0692063720819783
640,FlexibleCylinder_3,950,150.11434435093983,0.11434435093983003,0.0692063720819783
660,FlexibleCylinder_0,200,150.10917197463326,0.10917197463324194,0.0745856904334954
660,FlexibleCylinder_1,450,150.1102851392405,0.1102851392404784,0.0745856904334954
660,FlexibleCylinder_2,700,150.11028513950882,0.11028513950882965,0.0745856904334954
660,FlexibleCylinder_3,950,150.11528966428008,0.1152896642800776,0.0745856904334954
680,FlexibleCylinder_0,200,150.10930223109952,0.10930223109951506,0.07186809477944316
680,FlexibleCylinder_1,450,150.1087493205879,0.10874932058788016,0.07186809477944316
680,FlexibleCylinder_2,700,150.1087493210906,0.10874932109060798,0.07186809477944316
680,FlexibleCylinder_3,950,150.1180015154459,0.1180015154459043,0.07186809477944316
700,FlexibleCylinder_0,200,150.11611953446342,0.11611953446341271,0.06877485606186454
700,FlexibleCylinder_1,450,150.1142857977386,0.11428579773860079,0.06877485606186454
700,FlexibleCylinder_2,700,150.11428579849297,0.11428579849297757,0.06877485606186454
700,FlexibleCylinder_3,950,150.12136872943202,0.12136872943202237,0.06877485606186454
720,FlexibleCylinder_0,200,150.12321447451558,0.12321447451557217,0.06733973332957441
720,FlexibleCylinder_1,450,150.12047482805986,0.12047482805985044,0.06733973332957441
720,FlexibleCylinder_2,700,150.12047482955793,0.12047482955794128,0.06733973332957441
720,FlexibleCylinder_3,950,150.12521387324077,0.12521387324075592,0.06733973332957441
740,FlexibleCylinder_0,200,150.12940883881168,0.12940883881169557,0.06762065833777013
740,FlexibleCylinder_1,450,150.12620709231888,0.1262070923188682,0.06762065833777013
740,FlexibleCylinder_2,700,150.12620755949283,0.12620755949283444,0.06762065833777013
740,FlexibleCylinder_3,950,150.1292073425771,0.1292073425771104,0.06762065833777013
760,FlexibleCylinder_0,200,150.1347739336828,0.13477393368278215,0.06774033603804937
760,FlexibleCylinder_1,450,150.13143197424085,0.13143197424084055,0.06774033603804937
760,FlexibleCylinder_2,700,150.13144537266322,0.13144537266320944,0.06774033603804937
760,FlexibleCylinder_3,950,150.1334266274388,0.13342662743879727,0.06774033603804937
780,FlexibleCylinder_0,200,150.13924622049186,0.13924622049186935,0.06944019339956838
780,FlexibleCylinder_1,450,150.13591146938182,0.13591146938182616,0.06944019339956838
780,FlexibleCylinder_2,700,150.1359568749602,0.1359568749601823,0.06944019339956838
780,FlexibleCylinder_3,950,150.13765210692873,0.13765210692872956,0.06944019339956838
800,FlexibleCylinder_0,200,150.14318799621245,0.14318799621245368,0.06933923605601186
800,FlexibleCylinder_1,450,150.13979052272003,0.13979052272002784,0.06933923605601186
800,FlexibleCylinder_2,700,150.14000629583686,0.1400062958368668,0.06933923605601186
800,FlexibleCylinder_3,950,150.14179583881486,0.14179583881485644,0.06933923605601186
820,FlexibleCylinder_0,200,150.14513314337995,0.1451331433799579,0.06958770798144896
820,FlexibleCylinder_1,450,150.1435146802128,0.14351468021279257,0.06958770798144896
820,FlexibleCylinder_2,700,150.14407318427024,0.1440731842702351,0.06958770798144896
820,FlexibleCylinder_3,950,150.14632189250304,0.14632189250303482,0.06958770798144896
840,FlexibleCylinder_0,200,150.14409443308432,0.14409443308430978,0.06865720619521234
840,FlexibleCylinder_1,450,150.1472523254845,0.1472523254844794,0.06865720619521234
840,FlexibleCylinder_2,700,150.1474427733388,0.14744277333880057,0.06865720619521234
840,FlexibleCylinder_3,950,150.1501296943013,0.15012969430130116,0.06865720619521234
860,FlexibleCylinder_0,200,150.1498246053221,0.14982460532209066,0.07044677260500506
860,FlexibleCylinder_1,450,150.15205854156912,0.15205854156910512,0.07044677260500506
860,FlexibleCylinder_2,700,150.15196513967746,0.15196513967745992,0.07044677260500506
860,FlexibleCylinder_3,950,150.1549702034277,0.15497020342768794,0.07044677260500506
880,FlexibleCylinder_0,200,150.15572535332618,0.15572535332617907,0.06890795393205418
880,FlexibleCylinder_1,450,150.15362847805665,0.15362847805663324,0.06890795393205418
880,FlexibleCylinder_2,700,150.15350842289052,0.15350842289052274,0.06890795393205418
880,FlexibleCylinder_3,950,150.15696689980064,0.1569668998006391,0.06890795393205418
900,FlexibleCylinder_0,200,150.1593447449643,0.15934474496429094,0.06469315364107721
900,FlexibleCylinder_1,450,150.1541486366686,0.1541486366685866,0.06469315364107721
900,FlexibleCylinder_2,700,150.15449782314585,0.1544978231458493,0.06469315364107721
900,FlexibleCylinder_3,950,150.15947024003628,0.1594702400362864,0.06469315364107721
920,FlexibleCylinder_0,200,150.1640176495003,0.16401764950028966,0.062133036343956685
920,FlexibleCylinder_1,450,150.15714739113105,0.15714739113105372,0.062133036343956685
920,FlexibleCylinder_2,700,150.15925343307197,0.15925343307196838,0.062133036343956685
920,FlexibleCylinder_3,950,150.1638275263972,0.1638275263972014,0.062133036343956685
940,FlexibleCylinder_0,200,150.16944312384766,0.1694431238476592,0.06034223877608856
940,FlexibleCylinder_1,450,150.16230426812774,0.1623042681277506,0.06034223877608856
940,FlexibleCylinder_2,700,150.16667912869818,0.16667912869817517,0.06034223877608856
940,FlexibleCylinder_3,950,150.1702500996714,0.17025009967138444,0.06034223877608856
960,FlexibleCylinder_0,200,150.17415525734435,0.17415525734436152,0.06229335484554523
960,FlexibleCylinder_1,450,150.16782286039214,0.1678228603921368,0.06229335484554523
960,FlexibleCylinder_2,700,150.17019133842336,0.17019133842335157,0.06229335484554523
960,FlexibleCylinder_3,950,150.17285529079305,0.17285529079305917,0.06229335484554523
980,FlexibleCylinder_0,200,150.17754079933331,0.17754079933332462,0.06346915824950689
980,FlexibleCylinder_1,450,150.17119312064634,0.1711931206463222,0.06346915824950689
980,FlexibleCylinder_2,700,150.1713074427473,0.17130744274730103,0.06346915824950689
980,FlexibleCylinder_3,950,150.17360210193326,0.17360210193326195,0.06346915824950689
1000,FlexibleCylinder_0,200,150.17909079936143,0.17909079936144587,0.06447353975848442
1000,FlexibleCylinder_1,450,150.1724227810571,0.1724227810570978,0.06447353975848442
1000,FlexibleCylinder_2,700,150.1718068336451,0.17180683364510388,0.06447353975848442
1000,FlexibleCylinder_3,950,150.17490075322735,0.17490075322733994,0.06447353975848442
1020,FlexibleCylinder_0,200,150.18025044159847,0.18025044159846615,0.06472980497801652
1020,FlexibleCylinder_1,450,150.1724256773606,0.1724256773605959,0.06472980497801652
1020,FlexibleCylinder_2,700,150.17214902571695,0.17214902571695864,0.06472980497801652
1020,FlexibleCylinder_3,950,150.17568270069498,0.1756827006949918,0.06472980497801652
1040,FlexibleCylinder_0,200,150.18121376613598,0.18121376613597912,0.0665484009889745
1040,FlexibleCylinder_1,450,150.17288555739455,0.17288555739455327,0.0665484009889745
1040,FlexibleCylinder_2,700,150.17472193015115,0.17472193015115783,0.0665484009889745
1040,FlexibleCylinder_3,950,150.17774016647883,0.17774016647882912,0.0665484009889745
1060,FlexibleCylinder_0,200,150.1838597106225,0.1838597106225121,0.066171629756775
1060,FlexibleCylinder_1,450,150.17628486523788,0.1762848652378828,0.066171629756775
1060,FlexibleCylinder_2,700,150.17924890959446,0.17924890959445997,0.066171629756775
1060,FlexibleCylinder_3,950,150.18279905307082,0.18279905307082447,0.066171629756775
1080,FlexibleCylinder_0,200,150.18669396223726,0.18669396223725068,0.06527568190343466
1080,FlexibleCylinder_1,450,150.17994826215906,0.1799482621590451,0.06527568190343466
1080,FlexibleCylinder_2,700,150.18263155965155,0.18263155965154124,0.06527568190343466
1080,FlexibleCylinder_3,950,150.18763544613873,0.1876354461387234,0.06527568190343466
1100,FlexibleCylinder_0,200,150.1900189904275,0.19001899042748538,0.06293739041599573
1100,FlexibleCylinder_1,450,150.18222644840208,0.18222644840206878,0.06293739041599573
1100,FlexibleCylinder_2,700,150.18347269405976,0.18347269405974634,0.06293739041599573
1100,FlexibleCylinder_3,950,150.18886594776595,0.18886594776594176,0.06293739041599573
1120,FlexibleCylinder_0,200,150.1920319113898,0.19203191138980075,0.06250692235352316
1120,FlexibleCylinder_1,450,150.18332498606793,0.18332498606792072,0.06250692235352316
1120,FlexibleCylinder_2,700,150.1832361390089,0.18323613900888594,0.06250692235352316
1120,FlexibleCylinder_3,950,150.1893065205045,0.18930652050450136,0.06250692235352316
1140,FlexibleCylinder_0,200,150.19345660870536,0.19345660870537373,0.06887800975648484
1140,FlexibleCylinder_1,450,150.18536493654332,0.18536493654331898,0.06887800975648484
1140,FlexibleCylinder_2,700,150.18421739284761,0.18421739284760835,0.06887800975648484
1140,FlexibleCylinder_3,950,150.19031724517342,0.19031724517341894,0.06887800975648484
1160,FlexibleCylinder_0,200,150.19824923992184,0.19824923992183996,0.06791445802697049
1160,FlexibleCylinder_1,450,150.1883436610504,0.18834366105038294,0.06791445802697049
1160,FlexibleCylinder_2,700,150.1881046464439,0.188104646443886,0.06791445802697049
1160,FlexibleCylinder_3,950,150.1917048540709,0.1917048540709111,0.06791445802697049
1180,FlexibleCylinder_0,200,150.20082473550315,0.20082473550316116,0.06875183020562056
1180,FlexibleCylinder_1,450,150.18786405166153,0.1878640516615463,0.06875183020562056
1180,FlexibleCylinder_2,700,150.19061150937364,0.19061150937363214,0.06875183020562056
1180,FlexibleCylinder_3,950,150.19323725687144,0.1932372568714365,0.06875183020562056
1200,FlexibleCylinder_0,200,150.20327999489064,0.2032799948906463,0.07124140560563676
1200,FlexibleCylinder_1,450,150.18865964631576,0.18865964631574808,0.07124140560563676
1200,FlexibleCylinder_2,700,150.19164514045406,0.19164514045404774,0.07124140560563676
1200,FlexibleCylinder_3,950,150.1940717358584,0.1940717358583869,0.07124140560563676
1220,FlexibleCylinder_0,200,150.2024896033737,0.20248960337368335,0.06877132582984123
1220,FlexibleCylinder_1,450,150.1898821834894,0.18988218348938937,0.06877132582984123
1220,FlexibleCylinder_2,700,150.191821829015,0.19182182901499734,0.06877132582984123
1220,FlexibleCylinder_3,950,150.19504871288447,0.19504871288447934,0.06877132582984123
1240,FlexibleCylinder_0,200,150.20077486026722,0.20077486026723027,0.06851438072189885
1240,FlexibleCylinder_1,450,150.19096644489815,0.19096644489815132,0.06851438072189885
1240,FlexibleCylinder_2,700,150.19223508314798,0.1922350831479777,0.06851438072189885
1240,FlexibleCylinder_3,950,150.19521538218257,0.1952153821825808,0.06851438072189885
1260,FlexibleCylinder_0,200,150.2027968469813,0.20279684698128717,0.0729106274936316
1260,FlexibleCylinder_1,450,150.19129687267872,0.19129687267871312,0.0729106274936316
1260,FlexibleCylinder_2,700,150.19248860426836,0.1924886042683649,0.0729106274936316
1260,FlexibleCylinder_3,950,150.19465672141658,0.19465672141658003,0.0729106274936316
1280,FlexibleCylinder_0,200,150.2054893701385,0.20548937013850968,0.06953075023893725
1280,FlexibleCylinder_1,450,150.19292775747297,0.1929277574729807,0.06953075023893725
1280,FlexibleCylinder_2,700,150.19421118909767,0.19421118909767202,0.06953075023893725
1280,FlexibleCylinder_3,950,150.19591862503347,0.19591862503347027,0.06953075023893725
1300,FlexibleCylinder_0,200,150.20474781742098,0.20474781742096873,0.06692473781121065
1300,FlexibleCylinder_1,450,150.19321679216452,0.19321679216451848,0.06692473781121065
1300,FlexibleCylinder_2,700,150.19246055024746,0.19246055024746325,0.06692473781121065
1300,FlexibleCylinder_3,950,150.19623458131426,0.19623458131426372,0.06692473781121065
1320,FlexibleCylinder_0,200,150.20509074926912,0.20509074926912657,0.06342350285071204
1320,FlexibleCylinder_1,450,150.19195248121517,0.1919524812151704,0.06342350285071204
1320,FlexibleCylinder_2,700,150.19017700218993,0.1901770021899221,0.06342350285071204
1320,FlexibleCylinder_3,950,150.19396924085805,0.19396924085805653,0.06342350285071204
1340,FlexibleCylinder_0,200,150.20511889609696,0.20511889609695463,0.06099119187375915
1340,FlexibleCylinder_1,450,150.18909931503313,0.1890993150331275,0.06099119187375915
1340,FlexibleCylinder_2,700,150.18863431596503,0.18863431596502822,0.06099119187375915
1340,FlexibleCylinder_3,950,150.19012523742848,0.19012523742847326,0.06099119187375915
1360,FlexibleCylinder_0,200,150.2050786877964,0.20507868779640973,0.06132572712815131
1360,FlexibleCylinder_1,450,150.18686114715436,0.18686114715434787,0.06132572712815131
1360,FlexibleCylinder_2,700,150.1886289822929,0.18862898229290193,0.06132572712815131
1360,FlexibleCylinder_3,950,150.18933342635822,0.18933342635821593,0.06132572712815131
1380,FlexibleCylinder_0,200,150.2029557207992,0.20295572079919036,0.06212274556589855
1380,FlexibleCylinder_1,450,150.1852019331446,0.1852019331446148,0.06212274556589855
1380,FlexibleCylinder_2,700,150.18855609294405,0.18855609294404946,0.06212274556589855
1380,FlexibleCylinder_3,950,150.18945497090917,0.18945497090916413,0.06212274556589855
1400,FlexibleCylinder_0,200,150.20229543449176,0.2022954344917683,0.061846371417832745
1400,FlexibleCylinder_1,450,150.1845797030663,0.1845797030663005,0.061846371417832745
1400,FlexibleCylinder_2,700,150.1880230244694,0.1880230244694108,0.061846371417832745
1400,FlexibleCylinder_3,950,150.18866010890846,0.18866010890847065,0.061846371417832745
1420,FlexibleCylinder_0,200,150.2003098124335,0.20030981243348173,0.06162195182891926
1420,FlexibleCylinder_1,450,150.1825298921958,0.1825298921957841,0.06162195182891926
1420,FlexibleCylinder_2,700,150.18396229566545,0.18396229566546435,0.06162195182891926
1420,FlexibleCylinder_3,950,150.18405912698344,0.18405912698345017,0.06162195182891926
1440,FlexibleCylinder_0,200,150.1967288483685,0.19672884836850052,0.06213658136552178
1440,FlexibleCylinder_1,450,150.17921818483535,0.1792181848353537,0.06213658136552178
1440,FlexibleCylinder_2,700,150.1798048754867,0.17980487548670543,0.06213658136552178
1440,FlexibleCylinder_3,950,150.17856513712925,0.17856513712926367,0.06213658136552178
1460,FlexibleCylinder_0,200,150.19093776412706,0.19093776412706667,0.06227937316901001
1460,FlexibleCylinder_1,450,150.17555805455365,0.17555805455365786,0.06227937316901001
1460,FlexibleCylinder_2,700,150.17612851419864,0.1761285141986269,0.06227937316901001
1460,FlexibleCylinder_3,950,150.1740509158109,0.17405091581091792,0.06227937316901001
1480,FlexibleCylinder_0,200,150.18631671772053,0.18631671772052483,0.06522418391003808
1480,FlexibleCylinder_1,450,150.17077022917587,0.17077022917587292,0.06522418391003808
1480,FlexibleCylinder_2,700,150.1715603830284,0.1715603830284157,0.06522418391003808
1480,FlexibleCylinder_3,950,150.1711632510744,0.17116325107440178,0.06522418391003808
1500,FlexibleCylinder_0,200,150.182350229698,0.18235022969797549,0.06564088029595402
1500,FlexibleCylinder_1,450,150.16476876551482,0.16476876551482056,0.06564088029595402
1500,FlexibleCylinder_2,700,150.16743777049112,0.16743777049113284,0.06564088029595402
1500,FlexibleCylinder_3,950,150.16780049454073,0.16780049454073492,0.06564088029595402
1520,FlexibleCylinder_0,200,150.17767818038467,0.177678180384666,0.06470960849537243
1520,FlexibleCylinder_1,450,150.1610805641655,0.1610805641655103,0.06470960849537243
1520,FlexibleCylinder_2,700,150.16442673358193,0.1644267335819329,0.06470960849537243
1520,FlexibleCylinder_3,950,150.1640547405365,0.16405474053649194,0.06470960849537243
1540,FlexibleCylinder_0,200,150.17219365140772,0.17219365140773482,0.06684585713371452
1540,FlexibleCylinder_1,450,150.15696622214668,0.15696622214667716,0.06684585713371452
1540,FlexibleCylinder_2,700,150.1606791145618,0.1606791145617917,0.06684585713371452
1540,FlexibleCylinder_3,950,150.16024410436358,0.16024410436357725,0.06684585713371452
1560,FlexibleCylinder_0,200,150.16701588358953,0.16701588358954084,0.06576641697485465
1560,FlexibleCylinder_1,450,150.15402870907891,0.15402870907892677,0.06576641697485465
1560,FlexibleCylinder_2,700,150.15560602463773,0.1556060246377301,0.06576641697485465
1560,FlexibleCylinder_3,950,150.15527653127978,0.15527653127977822,0.06576641697485465
1580,FlexibleCylinder_0,200,150.15993630058423,0.15993630058424377,0.06587105179439343
1580,FlexibleCylinder_1,450,150.14968853266436,0.1496885326643673,0.06587105179439343
1580,FlexibleCylinder_2,700,150.14955822579728,0.14955822579727474,0.06587105179439343
1580,FlexibleCylinder_3,950,150.14735842625282,0.14735842625281076,0.06587105179439343
1600,FlexibleCylinder_0,200,150.1496605407531,0.14966054075310736,0.06676252682935938
1600,FlexibleCylinder_1,450,150.14177271471902,0.14177271471902378,0.06676252682935938
1600,FlexibleCylinder_2,700,150.14252187977306,0.14252187977305514,0.06676252682935938
1600,FlexibleCylinder_3,950,150.14067892161637,0.14067892161638157,0.06676252682935938
1620,FlexibleCylinder_0,200,150.14092894380963,0.14092894380961435,0.06482328386070688
1620,FlexibleCylinder_1,450,150.131500324677,0.13150032467699718,0.06482328386070688
1620,FlexibleCylinder_2,700,150.13425949014126,0.13425949014126612,0.06482328386070688
1620,FlexibleCylinder_3,950,150.13466940470767,0.13466940470767766,0.06482328386070688
1640,FlexibleCylinder_0,200,150.13333023402325,0.13333023402324373,0.06598153259749558
1640,FlexibleCylinder_1,450,150.1230663173991,0.12306631739910645,0.06598153259749558
1640,FlexibleCylinder_2,700,150.12689824384753,0.1268982438475476,0.06598153259749558
1640,FlexibleCylinder_3,950,150.12766089328872,0.12766089328872074,0.06598153259749558
1660,FlexibleCylinder_0,200,150.12193143545076,0.12193143545077315,0.06835623475561396
1660,FlexibleCylinder_1,450,150.11485497739167,0.11485497739168146,0.06835623475561396
1660,FlexibleCylinder_2,700,150.11932146558283,0.11932146558282633,0.06835623475561396
1660,FlexibleCylinder_3,950,150.11885072235032,0.11885072235032548,0.06835623475561396
1680,FlexibleCylinder_0,200,150.10927430792526,0.10927430792526059,0.07080869939614524
1680,FlexibleCylinder_1,450,150.10786097744244,0.10786097744243757,0.07080869939614524
1680,FlexibleCylinder_2,700,150.11375325515755,0.11375325515755604,0.07080869939614524
1680,FlexibleCylinder_3,950,150.1123818603044,0.1123818603043921,0.07080869939614524
1700,FlexibleCylinder_0,200,150.10262644712967,0.10262644712967567,0.06861131437892673
1700,FlexibleCylinder_1,450,150.10330012928858,0.10330012928859328,0.06861131437892673
1700,FlexibleCylinder_2,700,150.10954519485713,0.10954519485713665,0.06861131437892673
1700,FlexibleCylinder_3,950,150.10501658553156,0.10501658553155391,0.06861131437892673
1720,FlexibleCylinder_0,200,150.0959530557166,0.09595305571660054,0.06444839298825597
1720,FlexibleCylinder_1,450,150.09669679358865,0.09669679358863675,0.06444839298825597
1720,FlexibleCylinder_2,700,150.10106344784444,0.10106344784444363,0.06444839298825597
1720,FlexibleCylinder_3,950,150.09354632504485,0.09354632504485684,0.06444839298825597
1740,FlexibleCylinder_0,200,150.08892857560113,0.08892857560114123,0.06163209133875843
1740,FlexibleCylinder_1,450,150.08711437485587,0.08711437485586651,0.06163209133875843
1740,FlexibleCylinder_2,700,150.09122988144003,0.09122988144003771,0.06163209133875843
1740,FlexibleCylinder_3,950,150.08359612481343,0.08359612481342335,0.06163209133875843
1760,FlexibleCylinder_0,200,150.07873803984614,0.0787380398461502,0.05982715751428961
1760,FlexibleCylinder_1,450,150.07680680122434,0.07680680122434295,0.05982715751428961
1760,FlexibleCylinder_2,700,150.0793253186701,0.07932531867008989,0.05982715751428961
1760,FlexibleCylinder_3,950,150.07511740372482,0.07511740372480712,0.05982715751428961
1780,FlexibleCylinder_0,200,150.06493537448762,0.0649353744876109,0.060482343504990335
1780,FlexibleCylinder_1,450,150.06498326869593,0.06498326869593755,0.060482343504990335
1780,FlexibleCylinder_2,700,150.06748377041654,0.06748377041654902,0.060482343504990335
1780,FlexibleCylinder_3,950,150.06603997197743,0.06603997197743229,0.060482343504990335
1800,FlexibleCylinder_0,200,150.04933529219656,0.04933529219654576,0.06146559249681963
1800,FlexibleCylinder_1,450,150.0512444645442,0.051244464544195595,0.06146559249681963
1800,FlexibleCylinder_2,700,150.05634556265235,0.05634556265235411,0.06146559249681963
1800,FlexibleCylinder_3,950,150.05363577880988,0.053635778809888214,0.06146559249681963
1820,FlexibleCylinder_0,200,150.03627845830508,0.03627845830508958,0.06252461711221433
1820,FlexibleCylinder_1,450,150.03942919816487,0.03942919816486384,0.06252461711221433
1820,FlexibleCylinder_2,700,150.04706377954972,0.04706377954971791,0.06252461711221433
1820,FlexibleCylinder_3,950,150.0421043729348,0.04210437293479998,0.06252461711221433
1840,FlexibleCylinder_0,200,150.0231633462873,0.023163346287294974,0.06188338436867979
1840,FlexibleCylinder_1,450,150.02836135315917,0.02836135315916222,0.06188338436867979
1840,FlexibleCylinder_2,700,150.03655042256926,0.036550422569272725,0.06188338436867979
1840,FlexibleCylinder_3,950,150.03128803437167,0.031288034371672074,0.06188338436867979
1860,FlexibleCylinder_0,200,150.01297817340853,0.012978173408515667,0.061610850995816514
1860,FlexibleCylinder_1,450,150.01572172749133,0.015721727491316503,0.061610850995816514
1860,FlexibleCylinder_2,700,150.02575788428692,0.025757884286931654,0.061610850995816514
1860,FlexibleCylinder_3,950,150.02122084652527,0.02122084652527696,0.061610850995816514
1880,FlexibleCylinder_0,200,150.00294967310674,0.0029496731067315653,0.06292263146695612
1880,FlexibleCylinder_1,450,150.00598586802192,0.005985868021909795,0.06292263146695612
1880,FlexibleCylinder_2,700,150.01344540840114,0.013445408401127212,0.06292263146695612
1880,FlexibleCylinder_3,950,150.01027080474225,0.01027080474223802,0.06292263146695612
1900,FlexibleCylinder_0,200,149.99161174195973,-0.008388258040268614,0.06372162376428998
1900,FlexibleCylinder_1,450,149.99702982403824,-0.0029701759617501954,0.06372162376428998
1900,FlexibleCylinder_2,700,150.00193399156527,0.0019339915652536572,0.06372162376428998
1900,FlexibleCylinder_3,950,149.9992829816585,-0.000717018341489965,0.06372162376428998
1920,FlexibleCylinder_0,200,149.9772417745104,-0.02275822548962133,0.06436877913558374
1920,FlexibleCylinder_1,450,149.98730128616592,-0.01269871383409385,0.06436877913558374
1920,FlexibleCylinder_2,700,149.99111008372535,-0.008889916274641484,0.06436877913558374
1920,FlexibleCylinder_3,950,149.9890844680203,-0.010915531979697007,0.06436877913558374
1940,FlexibleCylinder_0,200,149.96381025750193,-0.03618974249806594,0.06534901337652689
1940,FlexibleCylinder_1,450,149.97551349650055,-0.02448650349945643,0.06534901337652689
1940,FlexibleCylinder_2,700,149.97925475170666,-0.020745248293333057,0.06534901337652689
1940,FlexibleCylinder_3,950,149.97722310028428,-0.022776899715713103,0.06534901337652689
1960,FlexibleCylinder_0,200,149.95309422276765,-0.0469057772323403,0.06518101407133019
1960,FlexibleCylinder_1,450,149.96325401533682,-0.03674598466319568,0.06518101407133019
1960,FlexibleCylinder_2,700,149.9660321348499,-0.03396786515008378,0.06518101407133019
1960,FlexibleCylinder_3,950,149.96252829793343,-0.037471702066557276,0.06518101407133019
1980,FlexibleCylinder_0,200,149.9432684666768,-0.05673153332317452,0.06542701965314485
1980,FlexibleCylinder_1,450,149.9521782319714,-0.04782176802858463,0.06542701965314485
1980,FlexibleCylinder_2,700,149.95487632418707,-0.04512367581294288,0.06542701965314485
1980,FlexibleCylinder_3,950,149.95084962224186,-0.04915037775812889,0.06542701965314485
2000,FlexibleCylinder_0,200,149.93046810747117,-0.06953189252883384,0.06469059262566439
2000,FlexibleCylinder_1,450,149.94075761497794,-0.059242385022071034,0.06469059262566439
2000,FlexibleCylinder_2,700,149.94248183193386,-0.05751816806614973,0.06469059262566439
2000,FlexibleCylinder_3,950,149.9403388823957,-0.059661117604298174,0.06469059262566439
2020,FlexibleCylinder_0,200,149.91750887183355,-0.08249112816645249,0.06450114609224077
2020,FlexibleCylinder_1,450,149.92698081890927,-0.07301918109072189,0.06450114609224077
2020,FlexibleCylinder_2,700,149.9286982897537,-0.07130171024630114,0.06450114609224077
2020,FlexibleCylinder_3,950,149.92905589078654,-0.07094410921346132,0.06450114609224077
2040,FlexibleCylinder_0,200,149.90344973287188,-0.09655026712812617,0.06288165026315086
2040,FlexibleCylinder_1,450,149.91399452866995,-0.0860054713300642,0.06288165026315086
2040,FlexibleCylinder_2,700,149.91629287137877,-0.083707128621227,0.06288165026315086
2040,FlexibleCylinder_3,950,149.9155462324201,-0.08445376757989369,0.06288165026315086
2060,FlexibleCylinder_0,200,149.88914083033632,-0.11085916966367476,0.06173201367538109
2060,FlexibleCylinder_1,450,149.90140299242663,-0.09859700757336633,0.06173201367538109
2060,FlexibleCylinder_2,700,149.90532490259446,-0.09467509740553207,0.06173201367538109
2060,FlexibleCylinder_3,950,149.90275753246274,-0.09724246753725382,0.06173201367538109
2080,FlexibleCylinder_0,200,149.8773621134891,-0.12263788651087364,0.06293798217019457
2080,FlexibleCylinder_1,450,149.89001850770217,-0.1099814922978392,0.06293798217019457
2080,FlexibleCylinder_2,700,149.89385200201346,-0.10614799798654719,0.06293798217019457
2080,FlexibleCylinder_3,950,149.89007391116013,-0.10992608883986434,0.06293798217019457
2100,FlexibleCylinder_0,200,149.86768044663785,-0.13231955336216505,0.06348609624856713
2100,FlexibleCylinder_1,450,149.88045471999263,-0.1195452800073751,0.06348609624856713
2100,FlexibleCylinder_2,700,149.88152851975687,-0.11847148024313445,0.06348609624856713
2100,FlexibleCylinder_3,950,149.87834212033877,-0.12165787966122947,0.06348609624856713
2120,FlexibleCylinder_0,200,149.85469699277192,-0.1453030072280919,0.06279755706728149
2120,FlexibleCylinder_1,450,149.86793754221094,-0.13206245778905204,0.06279755706728149
2120,FlexibleCylinder_2,700,149.86737886627344,-0.13262113372656884,0.06279755706728149
2120,FlexibleCylinder_3,950,149.8681783260951,-0.1318216739049152,0.06279755706728149
2140,FlexibleCylinder_0,200,149.84213648872185,-0.15786351127814513,0.06431484556135567
2140,FlexibleCylinder_1,450,149.85327221087752,-0.14672778912248194,0.06431484556135567
2140,FlexibleCylinder_2,700,149.85329958094533,-0.14670041905465628,0.06431484556135567
2140,FlexibleCylinder_3,950,149.85679975237957,-0.14320024762044126,0.06431484556135567
2160,FlexibleCylinder_0,200,149.83299074180553,-0.16700925819447407,0.0634272213618986
2160,FlexibleCylinder_1,450,149.83983979212016,-0.1601602078798417,0.0634272213618986
2160,FlexibleCylinder_2,700,149.83990705975873,-0.16009294024127582,0.0634272213618986
2160,FlexibleCylinder_3,950,149.84366237491807,-0.15633762508193824,0.0634272213618986
2180,FlexibleCylinder_0,200,149.82063842376346,-0.17936157623655716,0.06261462930546999
2180,FlexibleCylinder_1,450,149.82598534731176,-0.17401465268824734,0.06261462930546999
2180,FlexibleCylinder_2,700,149.82866915024613,-0.17133084975386745,0.06261462930546999
2180,FlexibleCylinder_3,950,149.83074086683092,-0.16925913316909177,0.06261462930546999
2200,FlexibleCylinder_0,200,149.80847170864985,-0.19152829135015173,0.061828890202395966
2200,FlexibleCylinder_1,450,149.81203589430064,-0.18796410569936725,0.061828890202395966
2200,FlexibleCylinder_2,700,149.81877337480927,-0.1812266251907368,0.061828890202395966
2200,FlexibleCylinder_3,950,149.81967877480875,-0.18032122519124882,0.061828890202395966
2220,FlexibleCylinder_0,200,149.79501777108183,-0.2049822289181651,0.06247838308871473
2220,FlexibleCylinder_1,450,149.800747484004,-0.1992525159960014,0.06247838308871473
2220,FlexibleCylinder_2,700,149.8064354436054,-0.19356455639460218,0.06247838308871473
2220,FlexibleCylinder_3,950,149.80838394708343,-0.19161605291658226,0.06247838308871473
2240,FlexibleCylinder_0,200,149.77944258779718,-0.22055741220281694,0.06072594010544148
2240,FlexibleCylinder_1,450,149.7893113212063,-0.21068867879368847,0.06072594010544148
2240,FlexibleCylinder_2,700,149.79142604528414,-0.20857395471585333,0.06072594010544148
2240,FlexibleCylinder_3,950,149.7958858253817,-0.20411417461828502,0.06072594010544148
2260,FlexibleCylinder_0,200,149.76643051099848,-0.23356948900152058,0.05966226434842733
2260,FlexibleCylinder_1,450,149.77715975404203,-0.2228402459579564,0.05966226434842733
2260,FlexibleCylinder_2,700,149.77662264100013,-0.22337735899987532,0.05966226434842733
2260,FlexibleCylinder_3,950,149.78187767115068,-0.21812232884932906,0.05966226434842733
2280,FlexibleCylinder_0,200,149.75587372034008,-0.24412627965992423,0.06237595784662635
2280,FlexibleCylinder_1,450,149.7650883317084,-0.23491166829161134,0.06237595784662635
2280,FlexibleCylinder_2,700,149.7637941046874,-0.2362058953126071,0.06237595784662635
2280,FlexibleCylinder_3,950,149.76926400450117,-0.23073599549883486,0.06237595784662635
2300,FlexibleCylinder_0,200,149.74404807567157,-0.2559519243284247,0.06400653948676154
2300,FlexibleCylinder_1,450,149.750790438974,-0.24920956102599837,0.06400653948676154
2300,FlexibleCylinder_2,700,149.74953536218035,-0.2504646378196608,0.06400653948676154
2300,FlexibleCylinder_3,950,149.75628838246405,-0.24371161753594991,0.06400653948676154
2320,FlexibleCylinder_0,200,149.72965572136334,-0.27034427863666916,0.06334382416327751
2320,FlexibleCylinder_1,450,149.73465769633688,-0.2653423036631102,0.06334382416327751
2320,FlexibleCylinder_2,700,149.73522606903748,-0.26477393096253043,0.06334382416327751
2320,FlexibleCylinder_3,950,149.7431517413916,-0.2568482586083873,0.06334382416327751
2340,FlexibleCylinder_0,200,149.71563327895146,-0.2843667210485292,0.06305898780082299
2340,FlexibleCylinder_1,450,149.71906257332796,-0.28093742667205324,0.06305898780082299
2340,FlexibleCylinder_2,700,149.720467476558,-0.2795325234420003,0.06305898780082299
2340,FlexibleCylinder_3,950,149.72904489219314,-0.27095510780685633,0.06305898780082299
2360,FlexibleCylinder_0,200,149.70153221305583,-0.29846778694417814,0.06237960911421234
2360,FlexibleCylinder_1,450,149.70153715832623,-0.2984628416737696,0.06237960911421234
2360,FlexibleCylinder_2,700,149.70556830331282,-0.2944316966871725,0.06237960911421234
2360,FlexibleCylinder_3,950,149.7151405338396,-0.2848594661604166,0.06237960911421234
2380,FlexibleCylinder_0,200,149.6851416715235,-0.31485832847649947,0.062184319264763456
2380,FlexibleCylinder_1,450,149.68432502277474,-0.31567497722525917,0.062184319264763456
2380,FlexibleCylinder_2,700,149.6893620919813,-0.310637908018689,0.062184319264763456
2380,FlexibleCylinder_3,950,149.7006128786721,-0.29938712132789713,0.062184319264763456
2400,FlexibleCylinder_0,200,149.67039135147593,-0.3296086485240782,0.06527989562845946
2400,FlexibleCylinder_1,450,149.66871441697305,-0.33128558302694183,0.06527989562845946
2400,FlexibleCylinder_2,700,149.67289099324393,-0.3271090067560678,0.06527989562845946
2400,FlexibleCylinder_3,950,149.68574234211954,-0.31425765788046595,0.06527989562845946
2420,FlexibleCylinder_0,200,149.65525570563992,-0.34474429436009163,0.06513430887633025
2420,FlexibleCylinder_1,450,149.65324898421085,-0.34675101578914425,0.06513430887633025
2420,FlexibleCylinder_2,700,149.65611547954646,-0.34388452045353995,0.06513430887633025
2420,FlexibleCylinder_3,950,149.67033171145425,-0.32966828854574987,0.06513430887633025
2440,FlexibleCylinder_0,200,149.64008693201342,-0.3599130679865956,0.06449026117053927
2440,FlexibleCylinder_1,450,149.63715353527746,-0.3628464647225503,0.06449026117053927
2440,FlexibleCylinder_2,700,149.639890632936,-0.3601093670639999,0.06449026117053927
2440,FlexibleCylinder_3,950,149.65685564102955,-0.34314435897043755,0.06449026117053927
2460,FlexibleCylinder_0,200,149.6240120558059,-0.3759879441940837,0.06532481787452206
2460,FlexibleCylinder_1,450,149.62086430745623,-0.3791356925437675,0.06532481787452206
2460,FlexibleCylinder_2,700,149.62302822620904,-0.37697177379096014,0.06532481787452206
2460,FlexibleCylinder_3,950,149.64237058492364,-0.3576294150763558,0.06532481787452206
2480,FlexibleCylinder_0,200,149.60775117346518,-0.39224882653482246,0.06499654270255052
2480,FlexibleCylinder_1,450,149.60312139833667,-0.3968786016633447,0.06499654270255052
2480,FlexibleCylinder_2,700,149.60581834851152,-0.3941816514884742,0.06499654270255052
2480,FlexibleCylinder_3,950,149.62627879026638,-0.3737212097336229,0.06499654270255052
2500,FlexibleCylinder_0,200,149.5936996431458,-0.4063003568541917,0.06589954067104185
2500,FlexibleCylinder_1,450,149.58592025795446,-0.41407974204554693,0.06589954067104185
2500,FlexibleCylinder_2,700,149.58954681221192,-0.41045318778808015,0.06589954067104185
2500,FlexibleCylinder_3,950,149.60902091131862,-0.3909790886813778,0.06589954067104185
2520,FlexibleCylinder_0,200,149.5812791937691,-0.41872080623089825,0.0653278415663438
2520,FlexibleCylinder_1,450,149.5687728492832,-0.43122715071679596,0.0653278415663438
2520,FlexibleCylinder_2,700,149.57269665025945,-0.42730334974054257,0.0653278415663438
2520,FlexibleCylinder_3,950,149.5931361492721,-0.4068638507278741,0.0653278415663438
2540,FlexibleCylinder_0,200,149.5668520949248,-0.43314790507519624,0.06493051138971749
2540,FlexibleCylinder_1,450,149.55212797162562,-0.44787202837437284,0.06493051138971749
2540,FlexibleCylinder_2,700,149.55459075634317,-0.4454092436568239,0.06493051138971749
2540,FlexibleCylinder_3,950,149.57780886784198,-0.42219113215800963,0.06493051138971749
2560,FlexibleCylinder_0,200,149.5513978873127,-0.448602112687291,0.06638332112330689
2560,FlexibleCylinder_1,450,149.53736500864525,-0.46263499135475133,0.06638332112330689
2560,FlexibleCylinder_2,700,149.53687531545398,-0.4631246845460144,0.06638332112330689
2560,FlexibleCylinder_3,950,149.56381974393986,-0.4361802560601428,0.06638332112330689
2580,FlexibleCylinder_0,200,149.5360236708113,-0.4639763291887142,0.06415374466260443
2580,FlexibleCylinder_1,450,149.52196510504794,-0.47803489495204843,0.06415374466260443
2580,FlexibleCylinder_2,700,149.52089559699945,-0.4791044030005597,0.06415374466260443
2580,FlexibleCylinder_3,950,149.549768179118,-0.4502318208820156,0.06415374466260443
2600,FlexibleCylinder_0,200,149.5222053291131,-0.4777946708869136,0.06299807389460235
2600,FlexibleCylinder_1,450,149.5048219076296,-0.4951780923703931,0.06299807389460235
2600,FlexibleCylinder_2,700,149.50519939595503,-0.4948006040449654,0.06299807389460235
2600,FlexibleCylinder_3,950,149.53479204651575,-0.4652079534842427,0.06299807389460235
2620,FlexibleCylinder_0,200,149.50821528346466,-0.49178471653533884,0.06312563289600179
2620,FlexibleCylinder_1,450,149.48685582975185,-0.5131441702481669,0.06312563289600179
2620,FlexibleCylinder_2,700,149.4879989438183,-0.5120010561817037,0.06312563289600179
2620,FlexibleCylinder_3,950,149.51935204303442,-0.4806479569655788,0.06312563289600179
2640,FlexibleCylinder_0,200,149.49480611121024,-0.5051938887897753,0.06402939201613904
2640,FlexibleCylinder_1,450,149.47008547715654,-0.5299145228434515,0.06402939201613904
2640,FlexibleCylinder_2,700,149.4716356252022,-0.5283643747978078,0.06402939201613904
2640,FlexibleCylinder_3,950,149.50403602922734,-0.4959639707726553,0.06402939201613904
2660,FlexibleCylinder_0,200,149.4816849354515,-0.5183150645484851,0.06317025049454365
2660,FlexibleCylinder_1,450,149.45408697705267,-0.5459130229473429,0.06317025049454365
2660,FlexibleCylinder_2,700,149.45586353404892,-0.54413646595109,0.06317025049454365
2660,FlexibleCylinder_3,950,149.4894540012481,-0.5105459987518854,0.06317025049454365
2680,FlexibleCylinder_0,200,149.46914120318053,-0.5308587968194841,0.061480404279065023
2680,FlexibleCylinder_1,450,149.43961442609424,-0.5603855739057735,0.061480404279065023
2680,FlexibleCylinder_2,700,149.4401697040687,-0.5598302959313105,0.061480404279065023
2680,FlexibleCylinder_3,950,149.47577813912218,-0.5242218608778155,0.061480404279065023
2700,FlexibleCylinder_0,200,149.45697393540433,-0.5430260645956543,0.06181286286768889
2700,FlexibleCylinder_1,450,149.42495389884024,-0.5750461011597476,0.06181286286768889
2700,FlexibleCylinder_2,700,149.42397702716286,-0.5760229728371301,0.06181286286768889
2700,FlexibleCylinder_3,950,149.4618807976115,-0.5381192023884809,0.06181286286768889
2720,FlexibleCylinder_0,200,149.44366278397973,-0.556337216020272,0.06121503376821214
2720,FlexibleCylinder_1,450,149.40796091890584,-0.5920390810941512,0.06121503376821214
2720,FlexibleCylinder_2,700,149.40773766665848,-0.592262333341525,0.06121503376821214
2720,FlexibleCylinder_3,950,149.4477282829601,-0.552271717039911,0.06121503376821214
2740,FlexibleCylinder_0,200,149.43127590675132,-0.5687240932486645,0.06044548336461447
2740,FlexibleCylinder_1,450,149.39164193638234,-0.6083580636176622,0.06044548336461447
2740,FlexibleCylinder_2,700,149.39401383642468,-0.605986163575327,0.06044548336461447
2740,FlexibleCylinder_3,950,149.43553296090604,-0.5644670390939684,0.06044548336461447
2760,FlexibleCylinder_0,200,149.41912917835427,-0.580870821645726,0.0600611590948605
2760,FlexibleCylinder_1,450,149.37562264551002,-0.6243773544899736,0.0600611590948605
2760,FlexibleCylinder_2,700,149.38007980547113,-0.619920194528882,0.0600611590948605
2760,FlexibleCylinder_3,950,149.4239171461975,-0.57608285380248,0.0600611590948605
2780,FlexibleCylinder_0,200,149.40771551097475,-0.5922844890252571,0.06084193095825545
2780,FlexibleCylinder_1,450,149.36177386882866,-0.6382261311713389,0.06084193095825545
2780,FlexibleCylinder_2,700,149.36635963974584,-0.6336403602541583,0.06084193095825545
2780,FlexibleCylinder_3,950,149.41224918032023,-0.5877508196797777,0.06084193095825545
2800,FlexibleCylinder_0,200,149.39781013074253,-0.6021898692574656,0.06318419639451157
2800,FlexibleCylinder_1,450,149.35083130834047,-0.6491686916595154,0.06318419639451157
2800,FlexibleCylinder_2,700,149.3526190443422,-0.6473809556578166,0.06318419639451157
2800,FlexibleCylinder_3,950,149.39927813497874,-0.6007218650212559,0.06318419639451157
2820,FlexibleCylinder_0,200,149.38773186890984,-0.6122681310901492,0.06526974589617648
2820,FlexibleCylinder_1,450,149.33908956454368,-0.6609104354563133,0.06526974589617648
2820,FlexibleCylinder_2,700,149.3408728654044,-0.6591271345955914,0.06526974589617648
2820,FlexibleCylinder_3,950,149.38493426595716,-0.6150657340428392,0.06526974589617648
2840,FlexibleCylinder_0,200,149.37842486662862,-0.6215751333713904,0.06396594222753572
2840,FlexibleCylinder_1,450,149.32765315131073,-0.6723468486892612,0.06396594222753572
2840,FlexibleCylinder_2,700,149.32802130063305,-0.6719786993669487,0.06396594222753572
2840,FlexibleCylinder_3,950,149.37235944213427,-0.6276405578657218,0.06396594222753572
2860,FlexibleCylinder_0,200,149.37169640469153,-0.6283035953084789,0.06359299736218062
2860,FlexibleCylinder_1,450,149.31583098823876,-0.6841690117612395,0.06359299736218062
2860,FlexibleCylinder_2,700,149.31529616241656,-0.6847038375834298,0.06359299736218062
2860,FlexibleCylinder_3,950,149.3632931877571,-0.6367068122428914,0.06359299736218062
2880,FlexibleCylinder_0,200,149.36283010191886,-0.6371698980811411,0.06488652446599161
2880,FlexibleCylinder_1,450,149.30413682572336,-0.6958631742766361,0.06488652446599161
2880,FlexibleCylinder_2,700,149.30411205044211,-0.6958879495578822,0.06488652446599161
2880,FlexibleCylinder_3,950,149.35443309512436,-0.6455669048756398,0.06488652446599161
2900,FlexibleCylinder_0,200,149.35558726565392,-0.6444127343460786,0.06564377524496358
2900,FlexibleCylinder_1,450,149.2929338505688,-0.7070661494311856,0.06564377524496358
2900,FlexibleCylinder_2,700,149.2950694373541,-0.7049305626458933,0.06564377524496358
2900,FlexibleCylinder_3,950,149.3456050559143,-0.6543949440857233,0.06564377524496358
2920,FlexibleCylinder_0,200,149.35076530253113,-0.6492346974688833,0.06493489713230813
2920,FlexibleCylinder_1,450,149.28320845151453,-0.7167915484854839,0.06493489713230813
2920,FlexibleCylinder_2,700,149.28575281189333,-0.7142471881066702,0.06493489713230813
2920,FlexibleCylinder_3,950,149.3364465966725,-0.6635534033275,0.06493489713230813
2940,FlexibleCylinder_0,200,149.34472686050825,-0.6552731394917549,0.06471361765158357
2940,FlexibleCylinder_1,450,149.275112560774,-0.724887439225987,0.06471361765158357
2940,FlexibleCylinder_2,700,149.27588663590805,-0.7241133640919599,0.06471361765158357
2940,FlexibleCylinder_3,950,149.328152838472,-0.671847161528014,0.06471361765158357
2960,FlexibleCylinder_0,200,149.337949707572,-0.6620502924280006,0.0631724783726587
2960,FlexibleCylinder_1,450,149.26634440255367,-0.7336555974463226,0.0631724783726587
2960,FlexibleCylinder_2,700,149.26762755435047,-0.7323724456495263,0.0631724783726587
2960,FlexibleCylinder_3,950,149.32098212701862,-0.6790178729813698,0.0631724783726587
2980,FlexibleCylinder_0,200,149.33242300302416,-0.6675769969758325,0.06258761771583657
2980,FlexibleCylinder_1,450,149.25717534486188,-0.7428246551381233,0.06258761771583657
2980,FlexibleCylinder_2,700,149.26086740144964,-0.7391325985503451,0.06258761771583657
2980,FlexibleCylinder_3,950,149.31610838667956,-0.683891613320431,0.06258761771583657
3000,FlexibleCylinder_0,200,149.32735062606335,-0.6726493739366438,0.061974009418252395
3000,FlexibleCylinder_1,450,149.24925759923232,-0.7507424007676847,0.061974009418252395
3000,FlexibleCylinder_2,700,149.2549140070887,-0.745085992911311,0.061974009418252395
3000,FlexibleCylinder_3,950,149.31127079450454,-0.6887292054954562,0.061974009418252395
3020,FlexibleCylinder_0,200,149.32372376771323,-0.6762762322867532,0.0616395799682113
3020,FlexibleCylinder_1,450,149.24277766342178,-0.7572223365782123,0.0616395799682113
3020,FlexibleCylinder_2,700,149.24933301805794,-0.7506669819420735,0.0616395799682113
3020,FlexibleCylinder_3,950,149.30757762832127,-0.6924223716787307,0.0616395799682113
3040,FlexibleCylinder_0,200,149.32154045472276,-0.6784595452772264,0.0612280245618688
3040,FlexibleCylinder_1,450,149.23545887580164,-0.7645411241983646,0.0612280245618688
3040,FlexibleCylinder_2,700,149.2444264675812,-0.7555735324188028,0.0612280245618688
3040,FlexibleCylinder_3,950,149.30373824874408,-0.6962617512559218,0.0612280245618688
3060,FlexibleCylinder_0,200,149.31987706580458,-0.6801229341954259,0.059853538799108326
3060,FlexibleCylinder_1,450,149.23004105631642,-0.7699589436835654,0.059853538799108326
3060,FlexibleCylinder_2,700,149.23958695225315,-0.760413047746854,0.059853538799108326
3060,FlexibleCylinder_3,950,149.29891177948915,-0.7010882205108611,0.059853538799108326
3080,FlexibleCylinder_0,200,149.31885511156142,-0.6811448884385924,0.06042199883320478
3080,FlexibleCylinder_1,450,149.22617520802,-0.7738247919799844,0.06042199883320478
3080,FlexibleCylinder_2,700,149.23395797046123,-0.7660420295387647,0.06042199883320478
3080,FlexibleCylinder_3,950,149.29540941681813,-0.7045905831818678,0.06042199883320478
3100,FlexibleCylinder_0,200,149.31943899475257,-0.6805610052474199,0.06068261351880825
3100,FlexibleCylinder_1,450,149.22222427332042,-0.7777757266795885,0.06068261351880825
3100,FlexibleCylinder_2,700,149.2293879941672,-0.770612005832777,0.06068261351880825
3100,FlexibleCylinder_3,950,149.2940472009976,-0.7059527990024064,0.06068261351880825
3120,FlexibleCylinder_0,200,149.32107601888615,-0.6789239811138598,0.06026590464433919
3120,FlexibleCylinder_1,450,149.21685538685836,-0.7831446131416386,0.06026590464433919
3120,FlexibleCylinder_2,700,149.2256071686558,-0.7743928313441854,0.06026590464433919
3120,FlexibleCylinder_3,950,149.29415191926347,-0.7058480807365203,0.06026590464433919
3140,FlexibleCylinder_0,200,149.32354056982385,-0.6764594301761636,0.061082714602237596
3140,FlexibleCylinder_1,450,149.21114454706958,-0.7888554529304231,0.061082714602237596
3140,FlexibleCylinder_2,700,149.22367490635582,-0.7763250936441838,0.061082714602237596
3140,FlexibleCylinder_3,950,149.2939836428137,-0.7060163571862771,0.061082714602237596
3160,FlexibleCylinder_0,200,149.3251837909291,-0.6748162090708983,0.061266649461966215
3160,FlexibleCylinder_1,450,149.20583881406694,-0.7941611859330633,0.061266649461966215
3160,FlexibleCylinder_2,700,149.22199062720446,-0.7780093727955429,0.061266649461966215
3160,FlexibleCylinder_3,950,149.29372463223848,-0.7062753677615241,0.061266649461966215
3180,FlexibleCylinder_0,200,149.32560368305167,-0.6743963169483439,0.059957014287877974
3180,FlexibleCylinder_1,450,149.20158566164147,-0.7984143383585356,0.059957014287877974
3180,FlexibleCylinder_2,700,149.21942020745885,-0.78057979254116,0.059957014287877974
3180,FlexibleCylinder_3,950,149.29339031450408,-0.7066096854959238,0.059957014287877974
3200,FlexibleCylinder_0,200,149.32812570442022,-0.6718742955797777,0.06180178257682493
3200,FlexibleCylinder_1,450,149.2007005630754,-0.7992994369245963,0.06180178257682493
3200,FlexibleCylinder_2,700,149.21715910384006,-0.7828408961599369,0.06180178257682493
3200,FlexibleCylinder_3,950,149.29387156589556,-0.7061284341044375,0.06180178257682493
3220,FlexibleCylinder_0,200,149.3322392119861,-0.6677607880139125,0.06145509832044119
3220,FlexibleCylinder_1,450,149.20239809854542,-0.7976019014545764,0.06145509832044119
3220,FlexibleCylinder_2,700,149.21786379637066,-0.7821362036293468,0.06145509832044119
3220,FlexibleCylinder_3,950,149.2964372566353,-0.7035627433646866,0.06145509832044119
3240,FlexibleCylinder_0,200,149.3371830360482,-0.662816963951802,0.060561454693729
3240,FlexibleCylinder_1,450,149.20369159523776,-0.7963084047622524,0.060561454693729
3240,FlexibleCylinder_2,700,149.21862665508124,-0.7813733449187514,0.060561454693729
3240,FlexibleCylinder_3,950,149.30081670303298,-0.6991832969670155,0.060561454693729
3260,FlexibleCylinder_0,200,149.34446494663854,-0.6555350533614742,0.061176934433193005
3260,FlexibleCylinder_1,450,149.20246623137723,-0.7975337686227637,0.061176934433193005
3260,FlexibleCylinder_2,700,149.21736898967075,-0.7826310103292637,0.061176934433193005
3260,FlexibleCylinder_3,950,149.30562523946696,-0.6943747605330435,0.061176934433193005
3280,FlexibleCylinder_0,200,149.35154984601664,-0.6484501539833705,0.06249384191044491
3280,FlexibleCylinder_1,450,149.19903810276097,-0.8009618972390331,0.06249384191044491
3280,FlexibleCylinder_2,700,149.21732409023627,-0.7826759097637364,0.06249384191044491
3280,FlexibleCylinder_3,950,149.3104658078401,-0.6895341921598959,0.06249384191044491
3300,FlexibleCylinder_0,200,149.35829136035824,-0.6417086396417617,0.06201207016000485
3300,FlexibleCylinder_1,450,149.19715241351088,-0.8028475864891362,0.06201207016000485
3300,FlexibleCylinder_2,700,149.21917035298443,-0.7808296470155695,0.06201207016000485
3300,FlexibleCylinder_3,950,149.3168647748305,-0.6831352251695187,0.06201207016000485
3320,FlexibleCylinder_0,200,149.3652463596039,-0.6347536403961114,0.062434728671724275
3320,FlexibleCylinder_1,450,149.19675112452114,-0.8032488754788456,0.062434728671724275
3320,FlexibleCylinder_2,700,149.22358387611914,-0.7764161238808576,0.062434728671724275
3320,FlexibleCylinder_3,950,149.3249619654596,-0.6750380345404035,0.062434728671724275
3340,FlexibleCylinder_0,200,149.37247817123958,-0.6275218287604167,0.06135733019682482
3340,FlexibleCylinder_1,450,149.1971128579618,-0.8028871420381899,0.06135733019682482
3340,FlexibleCylinder_2,700,149.22830537990575,-0.7716946200942504,0.06135733019682482
3340,FlexibleCylinder_3,950,149.33284772237883,-0.6671522776211732,0.06135733019682482
3360,FlexibleCylinder_0,200,149.38225066549148,-0.6177493345085097,0.06216054984685576
3360,FlexibleCylinder_1,450,149.1974623099957,-0.8025376900042945,0.06216054984685576
3360,FlexibleCylinder_2,700,149.23149996688153,-0.7685000331184645,0.06216054984685576
3360,FlexibleCylinder_3,950,149.341352031295,-0.6586479687050056,0.06216054984685576
3380,FlexibleCylinder_0,200,149.3926415688803,-0.607358431119718,0.06208840334325085
3380,FlexibleCylinder_1,450,149.19913455344974,-0.8008654465502719,0.06208840334325085
3380,FlexibleCylinder_2,700,149.23465534988478,-0.7653446501152327,0.06208840334325085
3380,FlexibleCylinder_3,950,149.34985893179177,-0.6501410682082142,0.06208840334325085
3400,FlexibleCylinder_0,200,149.40154537377103,-0.5984546262289776,0.06129296625644013
3400,FlexibleCylinder_1,450,149.20347795630238,-0.7965220436976087,0.06129296625644013
3400,FlexibleCylinder_2,700,149.23872774655803,-0.76127225344196,0.06129296625644013
3400,FlexibleCylinder_3,950,149.35905974937927,-0.6409402506207342,0.06129296625644013
3420,FlexibleCylinder_0,200,149.4126704628961,-0.5873295371038989,0.06036742046588094
3420,FlexibleCylinder_1,450,149.2063055253149,-0.793694474685112,0.06036742046588094
3420,FlexibleCylinder_2,700,149.24296235285325,-0.7570376471467455,0.06036742046588094
3420,FlexibleCylinder_3,950,149.36997481214175,-0.6300251878582633,0.06036742046588094
3440,FlexibleCylinder_0,200,149.42559568597508,-0.5744043140249102,0.06065591127317647
3440,FlexibleCylinder_1,450,149.2104852597744,-0.7895147402256035,0.06065591127317647
3440,FlexibleCylinder_2,700,149.24767723935543,-0.7523227606445793,0.06065591127317647
3440,FlexibleCylinder_3,950,149.38208362350116,-0.6179163764988274,0.06065591127317647
3460,FlexibleCylinder_0,200,149.4380286183816,-0.5619713816184048,0.060673513402225654
3460,FlexibleCylinder_1,450,149.2160347431487,-0.7839652568512993,0.060673513402225654
3460,FlexibleCylinder_2,700,149.2536681352503,-0.7463318647496987,0.060673513402225654
3460,FlexibleCylinder_3,950,149.39360281014157,-0.6063971898584369,0.060673513402225654
3480,FlexibleCylinder_0,200,149.4519574465792,-0.5480425534208064,0.060715980615530685
3480,FlexibleCylinder_1,450,149.220545925785,-0.7794540742150081,0.060715980615530685
3480,FlexibleCylinder_2,700,149.26130015500576,-0.7386998449942411,0.060715980615530685
3480,FlexibleCylinder_3,950,149.40659538195962,-0.5934046180403753,0.060715980615530685
3500,FlexibleCylinder_0,200,149.46713989885546,-0.5328601011445243,0.06128824391004168
3500,FlexibleCylinder_1,450,149.2263668969869,-0.773633103013108,0.06128824391004168
3500,FlexibleCylinder_2,700,149.26998258793034,-0.7300174120696464,0.06128824391004168
3500,FlexibleCylinder_3,950,149.42060855210354,-0.579391447896467,0.06128824391004168
3520,FlexibleCylinder_0,200,149.48141404896637,-0.5185859510336377,0.06122277153178826
3520,FlexibleCylinder_1,450,149.23200190407712,-0.7679980959228786,0.06122277153178826
3520,FlexibleCylinder_2,700,149.2772191536904,-0.7227808463095908,0.06122277153178826
3520,FlexibleCylinder_3,950,149.4350892783142,-0.5649107216857958,0.06122277153178826
3540,FlexibleCylinder_0,200,149.4947920957636,-0.5052079042364191,0.0609491230946826
3540,FlexibleCylinder_1,450,149.23774980052005,-0.7622501994799513,0.0609491230946826
3540,FlexibleCylinder_2,700,149.28394384618161,-0.7160561538183724,0.0609491230946826
3540,FlexibleCylinder_3,950,149.45141879677925,-0.5485812032207583,0.0609491230946826
3560,FlexibleCylinder_0,200,149.51047315081874,-0.48952684918126044,0.061161201434645374
3560,FlexibleCylinder_1,450,149.24464263463952,-0.755357365360481,0.061161201434645374
3560,FlexibleCylinder_2,700,149.2934379554952,-0.7065620445047976,0.061161201434645374
3560,FlexibleCylinder_3,950,149.4680681469931,-0.531931853006909,0.061161201434645374
3580,FlexibleCylinder_0,200,149.52720729908972,-0.472792700910264,0.06276714717795848
3580,FlexibleCylinder_1,450,149.25151039900805,-0.7484896009919435,0.06276714717795848
3580,FlexibleCylinder_2,700,149.3050342924364,-0.6949657075635839,0.06276714717795848
3580,FlexibleCylinder_3,950,149.48468093434988,-0.5153190656501261,0.06276714717795848
3600,FlexibleCylinder_0,200,149.54321397354317,-0.45678602645682315,0.06266900886346993
3600,FlexibleCylinder_1,450,149.25977113561223,-0.7402288643877842,0.06266900886346993
3600,FlexibleCylinder_2,700,149.31778308999623,-0.6822169100037622,0.06266900886346993
3600,FlexibleCylinder_3,950,149.50113187536206,-0.4988681246379371,0.06266900886346993
3620,FlexibleCylinder_0,200,149.56023607685296,-0.4397639231470426,0.061273718571304134
3620,FlexibleCylinder_1,450,149.2692530663296,-0.7307469336703959,0.061273718571304134
3620,FlexibleCylinder_2,700,149.33020671937896,-0.6697932806210457,0.061273718571304134
3620,FlexibleCylinder_3,950,149.5179293571654,-0.4820706428346133,0.061273718571304134
3640,FlexibleCylinder_0,200,149.57950837818925,-0.4204916218107587,0.06182635276908384
3640,FlexibleCylinder_1,450,149.28086905378595,-0.7191309462140505,0.06182635276908384
3640,FlexibleCylinder_2,700,149.3432022018978,-0.6567977981021779,0.06182635276908384
3640,FlexibleCylinder_3,950,149.53613292749273,-0.4638670725072573,0.06182635276908384
3660,FlexibleCylinder_0,200,149.6005559674278,-0.3994440325721961,0.061871363780739284
3660,FlexibleCylinder_1,450,149.29422346718522,-0.7057765328147843,0.061871363780739284
3660,FlexibleCylinder_2,700,149.35709143664778,-0.6429085633522332,0.061871363780739284
3660,FlexibleCylinder_3,950,149.55666929368368,-0.4433307063163309,0.061871363780739284
3680,FlexibleCylinder_0,200,149.621378860177,-0.3786211398229829,0.061297098138482935
3680,FlexibleCylinder_1,450,149.30760560029043,-0.6923943997095579,0.061297098138482935
3680,FlexibleCylinder_2,700,149.37298335491863,-0.6270166450813646,0.061297098138482935
3680,FlexibleCylinder_3,950,149.57859909652737,-0.42140090347262543,0.061297098138482935
3700,FlexibleCylinder_0,200,149.6414177424227,-0.3585822575772954,0.061357500268105776
3700,FlexibleCylinder_1,450,149.32030127428447,-0.6796987257155275,0.061357500268105776
3700,FlexibleCylinder_2,700,149.38791827655285,-0.6120817234471416,0.061357500268105776
3700,FlexibleCylinder_3,950,149.60068660593274,-0.39931339406726457,0.061357500268105776
3720,FlexibleCylinder_0,200,149.6619730668472,-0.33802693315280563,0.061570946033769905
3720,FlexibleCylinder_1,450,149.33203690068132,-0.6679630993186711,0.061570946033769905
3720,FlexibleCylinder_2,700,149.40185314278636,-0.5981468572136467,0.061570946033769905
3720,FlexibleCylinder_3,950,149.6225194009789,-0.37748059902110775,0.061570946033769905
3740,FlexibleCylinder_0,200,149.68429983266103,-0.31570016733897355,0.06181682944408203
3740,FlexibleCylinder_1,450,149.34489137492696,-0.6551086250730358,0.06181682944408203
3740,FlexibleCylinder_2,700,149.41827973484308,-0.5817202651569193,0.06181682944408203
3740,FlexibleCylinder_3,950,149.64484447814883,-0.35515552185118093,0.06181682944408203
3760,FlexibleCylinder_0,200,149.70515050867513,-0.29484949132486404,0.06115372612968835
3760,FlexibleCylinder_1,450,149.3594934544366,-0.6405065455633868,0.06115372612968835
3760,FlexibleCylinder_2,700,149.43588055630553,-0.5641194436944734,0.06115372612968835
3760,FlexibleCylinder_3,950,149.66778711931306,-0.3322128806869506,0.06115372612968835
3780,FlexibleCylinder_0,200,149.72559910390638,-0.27440089609362156,0.060890559471455115
3780,FlexibleCylinder_1,450,149.37407722060723,-0.6259227793927562,0.060890559471455115
3780,FlexibleCylinder_2,700,149.45459393488443,-0.5454060651155771,0.060890559471455115
3780,FlexibleCylinder_3,950,149.69048208594847,-0.30951791405151147,0.060890559471455115
3800,FlexibleCylinder_0,200,149.74961813956799,-0.2503818604320006,0.06192295109459557
3800,FlexibleCylinder_1,450,149.39011205069227,-0.6098879493077393,0.06192295109459557
3800,FlexibleCylinder_2,700,149.47390145118362,-0.5260985488163663,0.06192295109459557
3800,FlexibleCylinder_3,950,149.71252755465903,-0.2874724453409741,0.06192295109459557
3820,FlexibleCylinder_0,200,149.77439692337538,-0.2256030766246306,0.06129528640669207
3820,FlexibleCylinder_1,450,149.40723665122914,-0.5927633487708519,0.06129528640669207
3820,FlexibleCylinder_2,700,149.49262913701247,-0.5073708629875311,0.06129528640669207
3820,FlexibleCylinder_3,950,149.73689291388354,-0.2631070861164557,0.06129528640669207
3840,FlexibleCylinder_0,200,149.79761504733514,-0.2023849526648588,0.06124473278798303
3840,FlexibleCylinder_1,450,149.425390423467,-0.5746095765329792,0.06124473278798303
3840,FlexibleCylinder_2,700,149.51032849217475,-0.4896715078252612,0.06124473278798303
3840,FlexibleCylinder_3,950,149.76326509956365,-0.2367349004363488,0.06124473278798303
3860,FlexibleCylinder_0,200,149.82214414097047,-0.17785585902954448,0.06108043894894576
3860,FlexibleCylinder_1,450,149.44509442596257,-0.5549055740374217,0.06108043894894576
3860,FlexibleCylinder_2,700,149.5304301216103,-0.46956987838971664,0.06108043894894576
3860,FlexibleCylinder_3,950,149.7907576482554,-0.20924235174459113,0.06108043894894576
3880,FlexibleCylinder_0,200,149.8488024739589,-0.15119752604111245,0.06102495009799469
3880,FlexibleCylinder_1,450,149.464603155731,-0.5353968442689889,0.06102495009799469
3880,FlexibleCylinder_2,700,149.5547213302505,-0.44527866974950725,0.06102495009799469
3880,FlexibleCylinder_3,950,149.8180176367842,-0.18198236321581435,0.06102495009799469
3900,FlexibleCylinder_0,200,149.87454663715832,-0.12545336284167774,0.0618815968528046
3900,FlexibleCylinder_1,450,149.48329468844116,-0.5167053115588296,0.0618815968528046
3900,FlexibleCylinder_2,700,149.57948471366217,-0.42051528633783275,0.0618815968528046
3900,FlexibleCylinder_3,950,149.8459638829515,-0.15403611704848832,0.0618815968528046
3920,FlexibleCylinder_0,200,149.90105454259194,-0.0989454574080598,0.06183725080855905
3920,FlexibleCylinder_1,450,149.50121545454016,-0.4987845454598363,0.06183725080855905
3920,FlexibleCylinder_2,700,149.60258086210837,-0.39741913789161903,0.06183725080855905
3920,FlexibleCylinder_3,950,149.87320956189657,-0.12679043810341561,0.06183725080855905
3940,FlexibleCylinder_0,200,149.92929838251652,-0.07070161748348922,0.06131173383672033
3940,FlexibleCylinder_1,450,149.5219085507729,-0.4780914492270953,0.06131173383672033
3940,FlexibleCylinder_2,700,149.62535254969322,-0.37464745030679175,0.06131173383672033
3940,FlexibleCylinder_3,950,149.90204123705803,-0.09795876294196833,0.06131173383672033
3960,FlexibleCylinder_0,200,149.95821075044066,-0.04178924955934902,0.06156237136068484
3960,FlexibleCylinder_1,450,149.54664342238792,-0.45335657761207654,0.06156237136068484
3960,FlexibleCylinder_2,700,149.64967158613146,-0.3503284138685499,0.06156237136068484
3960,FlexibleCylinder_3,950,149.93189149215053,-0.06810850784947334,0.06156237136068484
3980,FlexibleCylinder_0,200,149.98501532387638,-0.014984676123617988,0.06149775749747302
3980,FlexibleCylinder_1,450,149.57025808375656,-0.42974191624344654,0.06149775749747302
3980,FlexibleCylinder_2,700,149.67475767260564,-0.32524232739437314,0.06149775749747302
3980,FlexibleCylinder_3,950,149.96271729145624,-0.03728270854376112,0.06149775749747302
4000,FlexibleCylinder_0,200,150.0120436866969,0.012043686696909061,0.060636427270244014
4000,FlexibleCylinder_1,450,149.59275046270128,-0.407249537298725,0.060636427270244014
4000,FlexibleCylinder_2,700,149.70071156481717,-0.29928843518284287,0.060636427270244014
4000,FlexibleCylinder_3,950,149.99306877704134,-0.0069312229586522495,0.060636427270244014
4020,FlexibleCylinder_0,200,150.04256971400892,0.04256971400891782,0.060591596101367516
4020,FlexibleCylinder_1,450,149.61707697135392,-0.38292302864608724,0.060591596101367516
4020,FlexibleCylinder_2,700,149.72743108275725,-0.27256891724276333,0.060591596101367516
4020,FlexibleCylinder_3,950,150.0234003304492,0.02340033044918148,0.060591596101367516
4040,FlexibleCylinder_0,200,150.07263305917664,0.07263305917664206,0.060669269709172725
4040,FlexibleCylinder_1,450,149.64214988304258,-0.35785011695742885,0.060669269709172725
4040,FlexibleCylinder_2,700,149.75435757422122,-0.2456424257787957,0.060669269709172725
4040,FlexibleCylinder_3,950,150.0541146643693,0.054114664369318104,0.060669269709172725
4060,FlexibleCylinder_0,200,150.10196663640806,0.10196663640805914,0.06103923107301346
4060,FlexibleCylinder_1,450,149.6673512947818,-0.33264870521819934,0.06103923107301346
4060,FlexibleCylinder_2,700,149.78059647484824,-0.219403525151769,0.06103923107301346
4060,FlexibleCylinder_3,950,150.08720552084395,0.08720552084394859,0.06103923107301346
4080,FlexibleCylinder_0,200,150.13058071226865,0.13058071226863963,0.060934536163619074
4080,FlexibleCylinder_1,450,149.69330999693045,-0.3066900030695346,0.060934536163619074
4080,FlexibleCylinder_2,700,149.807624565869,-0.19237543413101352,0.060934536163619074
4080,FlexibleCylinder_3,950,150.12047718691895,0.12047718691894449,0.060934536163619074
4100,FlexibleCylinder_0,200,150.15931054190025,0.15931054190024363,0.0611818016045625
4100,FlexibleCylinder_1,450,149.71922693938453,-0.2807730606154768,0.0611818016045625
4100,FlexibleCylinder_2,700,149.8366730473421,-0.16332695265791608,0.0611818016045625
4100,FlexibleCylinder_3,950,150.1521589255162,0.15215892551621313,0.0611818016045625
4120,FlexibleCylinder_0,200,150.19003291365306,0.19003291365304784,0.06137484395888217
4120,FlexibleCylinder_1,450,149.74507414933436,-0.2549258506656567,0.06137484395888217
4120,FlexibleCylinder_2,700,149.86914728873364,-0.13085271126635994,0.06137484395888217
4120,FlexibleCylinder_3,950,150.18247867897736,0.18247867897735914,0.06137484395888217
4140,FlexibleCylinder_0,200,150.22039695138594,0.22039695138594068,0.06112453967083191
4140,FlexibleCylinder_1,450,149.7711720761913,-0.22882792380868305,0.06112453967083191
4140,FlexibleCylinder_2,700,149.9017145113851,-0.09828548861489904,0.06112453967083191
4140,FlexibleCylinder_3,950,150.21273059533388,0.21273059533388855,0.06112453967083191
4160,FlexibleCylinder_0,200,150.2462766559592,0.24627665595921494,0.06102725741250636
4160,FlexibleCylinder_1,450,149.7979477396335,-0.2020522603664958,0.06102725741250636
4160,FlexibleCylinder_2,700,149.93263392370358,-0.06736607629641941,0.06102725741250636
4160,FlexibleCylinder_3,950,150.24294154847416,0.24294154847415908,0.06102725741250636
4180,FlexibleCylinder_0,200,150.27080114654984,0.2708011465498448,0.061966973277534435
4180,FlexibleCylinder_1,450,149.82767505223742,-0.1723249477625645,0.061966973277534435
4180,FlexibleCylinder_2,700,149.96361780815133,-0.03638219184867078,0.061966973277534435
4180,FlexibleCylinder_3,950,150.27430929427737,0.2743092942773749,0.061966973277534435
4200,FlexibleCylinder_0,200,150.2988903580063,0.2988903580062916,0.0640510653068667
4200,FlexibleCylinder_1,450,149.86063400382017,-0.1393659961798324,0.0640510653068667
4200,FlexibleCylinder_2,700,149.99602258529373,-0.003977414706278727,0.0640510653068667
4200,FlexibleCylinder_3,950,150.30618260314463,0.3061826031446383,0.0640510653068667
4220,FlexibleCylinder_0,200,150.32887363558467,0.328873635584684,0.06246523193287784
4220,FlexibleCylinder_1,450,149.892982444723,-0.10701755527700332,0.06246523193287784
4220,FlexibleCylinder_2,700,150.02944113417908,0.029441134179078513,0.06246523193287784
4220,FlexibleCylinder_3,950,150.3387741710723,0.33877417107228724,0.06246523193287784
4240,FlexibleCylinder_0,200,150.3621380240555,0.36213802405548884,0.06216516289325512
4240,FlexibleCylinder_1,450,149.92483073684926,-0.07516926315075115,0.06216516289325512
4240,FlexibleCylinder_2,700,150.06409303779236,0.06409303779236569,0.06216516289325512
4240,FlexibleCylinder_3,950,150.37309165726782,0.3730916572678287,0.06216516289325512
4260,FlexibleCylinder_0,200,150.3958471922588,0.39584719225880677,0.06275614146699804
4260,FlexibleCylinder_1,450,149.95764046266666,-0.04235953733334614,0.06275614146699804
4260,FlexibleCylinder_2,700,150.0969638738081,0.09696387380810007,0.06275614146699804
4260,FlexibleCylinder_3,950,150.40621035619947,0.4062103561994716,0.06275614146699804
4280,FlexibleCylinder_0,200,150.42817838486167,0.42817838486166276,0.06251392631427549
4280,FlexibleCylinder_1,450,149.99072647811786,-0.009273521882147697,0.06251392631427549
4280,FlexibleCylinder_2,700,150.12744789953808,0.1274478995380734,0.06251392631427549
4280,FlexibleCylinder_3,950,150.43821279321455,0.43821279321455775,0.06251392631427549
4300,FlexibleCylinder_0,200,150.4588394386479,0.45883943864790816,0.061725621883903195
4300,FlexibleCylinder_1,450,150.02334435574704,0.023344355747047622,0.061725621883903195
4300,FlexibleCylinder_2,700,150.16060230339448,0.16060230339447978,0.061725621883903195
4300,FlexibleCylinder_3,950,150.47161562513793,0.4716156251379349,0.061725621883903195
4320,FlexibleCylinder_0,200,150.48969753109805,0.48969753109803676,0.061723082597035815
4320,FlexibleCylinder_1,450,150.05664189225715,0.05664189225714865,0.061723082597035815
4320,FlexibleCylinder_2,700,150.19623993683118,0.19623993683118332,0.061723082597035815
4320,FlexibleCylinder_3,950,150.50542573643418,0.5054257364341719,0.061723082597035815
4340,FlexibleCylinder_0,200,150.5220617503416,0.5220617503416084,0.06111806539627711
4340,FlexibleCylinder_1,450,150.08970440738614,0.08970440738614739,0.06111806539627711
4340,FlexibleCylinder_2,700,150.23032843661684,0.23032843661683308,0.06111806539627711
4340,FlexibleCylinder_3,950,150.53963799715962,0.5396379971596097,0.06111806539627711
4360,FlexibleCylinder_0,200,150.5531810995781,0.5531810995780916,0.06129507019824589
4360,FlexibleCylinder_1,450,150.12191925570286,0.1219192557028638,0.06129507019824589
4360,FlexibleCylinder_2,700,150.26392907792766,0.26392907792766895,0.06129507019824589
4360,FlexibleCylinder_3,950,150.57581379992803,0.5758137999280247,0.06129507019824589
4380,FlexibleCylinder_0,200,150.58414288830159,0.5841428883015797,0.06149582770842772
4380,FlexibleCylinder_1,450,150.15583539438552,0.1558353943855296,0.06149582770842772
4380,FlexibleCylinder_2,700,150.29847469323758,0.29847469323759146,0.06149582770842772
4380,FlexibleCylinder_3,950,150.61094653563174,0.6109465356317304,0.06149582770842772
4400,FlexibleCylinder_0,200,150.61313766207513,0.6131376620751273,0.06153294117268638
4400,FlexibleCylinder_1,450,150.19117106111383,0.1911710611138472,0.06153294117268638
4400,FlexibleCylinder_2,700,150.33511463923983,0.3351146392398273,0.06153294117268638
4400,FlexibleCylinder_3,950,150.64534769001912,0.645347690019112,0.06153294117268638
4420,FlexibleCylinder_0,200,150.6416048723032,0.6416048723032012,0.06105134289833471
4420,FlexibleCylinder_1,450,150.2278032767613,0.22780327676130296,0.06105134289833471
4420,FlexibleCylinder_2,700,150.37429592359467,0.3742959235946655,0.06105134289833471
4420,FlexibleCylinder_3,950,150.67847263047324,0.6784726304732368,0.06105134289833471
4440,FlexibleCylinder_0,200,150.67243455760627,0.6724345576062539,0.06149357332654058
4440,FlexibleCylinder_1,450,150.2651521919324,0.26515219193239414,0.06149357332654058
4440,FlexibleCylinder_2,700,150.41351120721214,0.4135112072121506,0.06149357332654058
4440,FlexibleCylinder_3,950,150.70995168429047,0.7099516842904822,0.06149357332654058
4460,FlexibleCylinder_0,200,150.7054548311615,0.7054548311614888,0.06134621918549396
4460,FlexibleCylinder_1,450,150.30246697256584,0.30246697256582666,0.06134621918549396
4460,FlexibleCylinder_2,700,150.45138604011922,0.4513860401192221,0.06134621918549396
4460,FlexibleCylinder_3,950,150.74164182916306,0.7416418291630579,0.06134621918549396
4480,FlexibleCylinder_0,200,150.7379651383111,0.7379651383110913,0.06019169672074193
4480,FlexibleCylinder_1,450,150.33988397218957,0.3398839721895567,0.06019169672074193
4480,FlexibleCylinder_2,700,150.4876671892662,0.4876671892662081,0.06019169672074193
4480,FlexibleCylinder_3,950,150.7759324787554,0.7759324787554011,0.06019169672074193
4500,FlexibleCylinder_0,200,150.77064311889862,0.7706431188986315,0.060607196919355524
4500,FlexibleCylinder_1,450,150.3789695114333,0.3789695114332961,0.060607196919355524
4500,FlexibleCylinder_2,700,150.52220552331462,0.5222055233146256,0.060607196919355524
4500,FlexibleCylinder_3,950,150.810789044092,0.8107890440919852,0.060607196919355524
4520,FlexibleCylinder_0,200,150.80207907405833,0.8020790740583189,0.06087555608556805
4520,FlexibleCylinder_1,450,150.41780533758276,0.4178053375827659,0.06087555608556805
4520,FlexibleCylinder_2,700,150.55791746620392,0.5579174662039257,0.06087555608556805
4520,FlexibleCylinder_3,950,150.84489319065634,0.8448931906563353,0.06087555608556805
4540,FlexibleCylinder_0,200,150.83299127647265,0.8329912764726678,0.06086624082708687
4540,FlexibleCylinder_1,450,150.45423006204337,0.4542300620433728,0.06086624082708687
4540,FlexibleCylinder_2,700,150.59725768706681,0.5972576870668014,0.06086624082708687
4540,FlexibleCylinder_3,950,150.87933605494263,0.8793360549426159,0.06086624082708687
4560,FlexibleCylinder_0,200,150.86594328031316,0.8659432803131676,0.06120117703427148
4560,FlexibleCylinder_1,450,150.48882383821922,0.4888238382192113,0.06120117703427148
4560,FlexibleCylinder_2,700,150.63670851685305,0.6367085168530421,0.06120117703427148
4560,FlexibleCylinder_3,950,150.91324669002037,0.9132466900203753,0.06120117703427148
4580,FlexibleCylinder_0,200,150.89994853979871,0.8999485397987204,0.061459464216604906
4580,FlexibleCylinder_1,450,150.5266030509605,0.5266030509604884,0.061459464216604906
4580,FlexibleCylinder_2,700,150.67473379940893,0.674733799408916,0.061459464216604906
4580,FlexibleCylinder_3,950,150.9467637074503,0.9467637074502974,0.061459464216604906
4600,FlexibleCylinder_0,200,150.93189150517802,0.9318915051780253,0.06153878526390046
4600,FlexibleCylinder_1,450,150.56869297608677,0.5686929760867592,0.06153878526390046
4600,FlexibleCylinder_2,700,150.71236716262362,0.7123671626236213,0.06153878526390046
4600,FlexibleCylinder_3,950,150.98083863761278,0.9808386376127743,0.06153878526390046
4620,FlexibleCylinder_0,200,150.9603695302589,0.9603695302589071,0.061968860402276615
4620,FlexibleCylinder_1,450,150.60982509989012,0.6098250998901185,0.061968860402276615
4620,FlexibleCylinder_2,700,150.75015742454238,0.7501574245423769,0.061968860402276615
4620,FlexibleCylinder_3,950,151.0152380811371,1.0152380811371071,0.061968860402276615
4640,FlexibleCylinder_0,200,150.99039747855406,0.990397478554053,0.06148475743782849
4640,FlexibleCylinder_1,450,150.64801971573397,0.6480197157339551,0.06148475743782849
4640,FlexibleCylinder_2,700,150.78590407901726,0.785904079017253,0.06148475743782849
4640,FlexibleCylinder_3,950,151.05005523953133,1.0500552395313312,0.06148475743782849
4660,FlexibleCylinder_0,200,151.02402218965267,1.02402218965268,0.06105990316056747
4660,FlexibleCylinder_1,450,150.68632999168173,0.6863299916817331,0.06105990316056747
4660,FlexibleCylinder_2,700,150.82646528463445,0.8264652846344503,0.06105990316056747
4660,FlexibleCylinder_3,950,151.08606335924196,1.0860633592419646,0.06105990316056747
4680,FlexibleCylinder_0,200,151.05927148147566,1.0592714814756687,0.06239976263968018
4680,FlexibleCylinder_1,450,150.72637184668295,0.7263718466829506,0.06239976263968018
4680,FlexibleCylinder_2,700,150.87106177064945,0.8710617706494403,0.06239976263968018
4680,FlexibleCylinder_3,950,151.12228790787017,1.1222879078701646,0.06239976263968018
4700,FlexibleCylinder_0,200,151.09208608158798,1.0920860815879823,0.06263452743421626
4700,FlexibleCylinder_1,450,150.76862951882532,0.7686295188253182,0.06263452743421626
4700,FlexibleCylinder_2,700,150.91401994817636,0.9140199481763673,0.06263452743421626
4700,FlexibleCylinder_3,950,151.1599370331595,1.1599370331594985,0.06263452743421626
4720,FlexibleCylinder_0,200,151.12101607956996,1.1210160795699435,0.060894324768578305
4720,FlexibleCylinder_1,450,150.81248637194923,0.8124863719492276,0.060894324768578305
4720,FlexibleCylinder_2,700,150.95397605660557,0.9539760566055699,0.060894324768578305
4720,FlexibleCylinder_3,950,151.19484398222502,1.1948439822250332,0.060894324768578305
4740,FlexibleCylinder_0,200,151.15000254021626,1.1500025402162766,0.061311875892963254
4740,FlexibleCylinder_1,450,150.85467245162468,0.8546724516246681,0.061311875892963254
4740,FlexibleCylinder_2,700,150.99275797521435,0.9927579752143397,0.061311875892963254
4740,FlexibleCylinder_3,950,151.22210544033808,1.2221054403380742,0.061311875892963254
4760,FlexibleCylinder_0,200,151.17967253566516,1.1796725356651492,0.06091155604026043
4760,FlexibleCylinder_1,450,150.89393573769533,0.8939357376953307,0.06091155604026043
4760,FlexibleCylinder_2,700,151.03424195292737,1.0342419529273736,0.06091155604026043
4760,FlexibleCylinder_3,950,151.24665282055162,1.246652820551607,0.06091155604026043
4780,FlexibleCylinder_0,200,151.21186029847328,1.2118602984732896,0.060813186911536
4780,FlexibleCylinder_1,450,150.9345315471995,0.9345315471995067,0.060813186911536
4780,FlexibleCylinder_2,700,151.07779202766045,1.0777920276604425,0.060813186911536
4780,FlexibleCylinder_3,950,151.27533090606642,1.2753309060664124,0.060813186911536
4800,FlexibleCylinder_0,200,151.24395172770105,1.2439517277010372,0.06125744197723814
4800,FlexibleCylinder_1,450,150.97772171065975,0.9777217106597621,0.06125744197723814
4800,FlexibleCylinder_2,700,151.1176656413097,1.1176656413097157,0.06125744197723814
4800,FlexibleCylinder_3,950,151.30850363788122,1.3085036378812147,0.06125744197723814
4820,FlexibleCylinder_0,200,151.2725211704221,1.272521170422087,0.061474179772290534
4820,FlexibleCylinder_1,450,151.01960894249981,1.0196089424998007,0.061474179772290534
4820,FlexibleCylinder_2,700,151.15458127407499,1.1545812740749983,0.061474179772290534
4820,FlexibleCylinder_3,950,151.34267695275528,1.3426769527552718,0.061474179772290534
4840,FlexibleCylinder_0,200,151.30166669240376,1.3016666924037537,0.06157300335904321
4840,FlexibleCylinder_1,450,151.06387599665433,1.0638759966543263,0.06157300335904321
4840,FlexibleCylinder_2,700,151.19108396120197,1.1910839612019712,0.06157300335904321
4840,FlexibleCylinder_3,950,151.375460470711,1.3754604707109956,0.06157300335904321
4860,FlexibleCylinder_0,200,151.33200108234584,1.332001082345838,0.0614496838257988
4860,FlexibleCylinder_1,450,151.10840447481135,1.1084044748113497,0.0614496838257988
4860,FlexibleCylinder_2,700,151.23361179558972,1.2336117955897206,0.0614496838257988
4860,FlexibleCylinder_3,950,151.4066422002603,1.406642200260302,0.0614496838257988
4880,FlexibleCylinder_0,200,151.3613105801883,1.3613105801883136,0.061366378024929225
4880,FlexibleCylinder_1,450,151.1514288582306,1.1514288582305923,0.061366378024929225
4880,FlexibleCylinder_2,700,151.27885355355352,1.2788535535535266,0.061366378024929225
4880,FlexibleCylinder_3,950,151.43456793878673,1.4345679387867292,0.061366378024929225
4900,FlexibleCylinder_0,200,151.38909009042408,1.3890900904240733,0.06156933635237191
4900,FlexibleCylinder_1,450,151.19281625840307,1.1928162584030775,0.06156933635237191
4900,FlexibleCylinder_2,700,151.32052887007916,1.3205288700791664,0.06156933635237191
4900,FlexibleCylinder_3,950,151.46106194571485,1.4610619457148495,0.06156933635237191
4920,FlexibleCylinder_0,200,151.41693791161185,1.4169379116118543,0.061457109432831766
4920,FlexibleCylinder_1,450,151.23611850438596,1.2361185043859502,0.061457109432831766
4920,FlexibleCylinder_2,700,151.35982383627743,1.3598238362774215,0.061457109432831766
4920,FlexibleCylinder_3,950,151.48982141488784,1.4898214148878355,0.061457109432831766
4940,FlexibleCylinder_0,200,151.44517402794048,1.445174027940477,0.06126399814454388
4940,FlexibleCylinder_1,450,151.28268861747748,1.2826886174774705,0.06126399814454388
4940,FlexibleCylinder_2,700,151.39893342354205,1.3989334235420612,0.06126399814454388
4940,FlexibleCylinder_3,950,151.5197482832508,1.5197482832508162,0.06126399814454388
4960,FlexibleCylinder_0,200,151.47096941458224,1.4709694145822327,0.06182456400449018
4960,FlexibleCylinder_1,450,151.3281996670402,1.3281996670401932,0.06182456400449018
4960,FlexibleCylinder_2,700,151.43418576570775,1.4341857657077417,0.06182456400449018
4960,FlexibleCylinder_3,950,151.5447768557708,1.5447768557708,0.06182456400449018
4980,FlexibleCylinder_0,200,151.4957214140533,1.495721414053283,0.06181646284512539
4980,FlexibleCylinder_1,450,151.36974392822466,1.3697439282246715,0.06181646284512539
4980,FlexibleCylinder_2,700,151.46953681930404,1.4695368193040386,0.06181646284512539
4980,FlexibleCylinder_3,950,151.56835642522609,1.5683564252260984,0.06181646284512539
5000,FlexibleCylinder_0,200,151.52304291556501,1.5230429155650262,0.06217926944223404
5000,FlexibleCylinder_1,450,151.41129457335924,1.4112945733592321,0.06217926944223404
5000,FlexibleCylinder_2,700,151.50937162167213,1.509371621672123,0.06217926944223404
5000,FlexibleCylinder_3,950,151.59769246251562,1.5976924625156104,0.06217926944223404
5020,FlexibleCylinder_0,200,151.5543918880236,1.554391888023582,0.06295093653298112
5020,FlexibleCylinder_1,450,151.45218809908982,1.4521880990898264,0.06295093653298112
5020,FlexibleCylinder_2,700,151.5491750505165,1.5491750505165205,0.06295093653298112
5020,FlexibleCylinder_3,950,151.63023452638265,1.6302345263826585,0.06295093653298112
5040,FlexibleCylinder_0,200,151.58360758670645,1.5836075867064556,0.06339252853089616
5040,FlexibleCylinder_1,450,151.4907768571172,1.4907768571171838,0.06339252853089616
5040,FlexibleCylinder_2,700,151.58458997240004,1.5845899724000359,0.06339252853089616
5040,FlexibleCylinder_3,950,151.65876818202605,1.6587681820260483,0.06339252853089616
5060,FlexibleCylinder_0,200,151.60443468989396,1.6044346898939739,0.06391522232275856
5060,FlexibleCylinder_1,450,151.52790563595255,1.5279056359525431,0.06391522232275856
5060,FlexibleCylinder_2,700,151.62190489457785,1.6219048945778443,0.06391522232275856
5060,FlexibleCylinder_3,950,151.6838126375271,1.6838126375270852,0.06391522232275856
5080,FlexibleCylinder_0,200,151.62191108909877,1.6219110890987696,0.06449717101630487
5080,FlexibleCylinder_1,450,151.56638230844794,1.5663823084479542,0.06449717101630487
5080,FlexibleCylinder_2,700,151.6635911712034,1.6635911712033946,0.06449717101630487
5080,FlexibleCylinder_3,950,151.7083459341637,1.708345934163708,0.06449717101630487
5100,FlexibleCylinder_0,200,151.64369617681848,1.64369617681847,0.06500047273408674
5100,FlexibleCylinder_1,450,151.6101499217122,1.6101499217122008,0.06500047273408674
5100,FlexibleCylinder_2,700,151.70513220834675,1.7051322083467568,0.06500047273408674
5100,FlexibleCylinder_3,950,151.7324170197044,1.7324170197044038,0.06500047273408674
5120,FlexibleCylinder_0,200,151.66826171965772,1.6682617196577099,0.06545945648095158
5120,FlexibleCylinder_1,450,151.65437506932423,1.6543750693242405,0.06545945648095158
5120,FlexibleCylinder_2,700,151.74492948608986,1.7449294860898668,0.06545945648095158
5120,FlexibleCylinder_3,950,151.75464250437085,1.7546425043708604,0.06545945648095158
5140,FlexibleCylinder_0,200,151.6920053451918,1.6920053451918124,0.06603659114913918
5140,FlexibleCylinder_1,450,151.69865006369207,1.6986500636920805,0.06603659114913918
5140,FlexibleCylinder_2,700,151.78035375720714,1.7803537572071297,0.06603659114913918
5140,FlexibleCylinder_3,950,151.77623055226505,1.7762305522650619,0.06603659114913918
5160,FlexibleCylinder_0,200,151.71280076050425,1.7128007605042603,0.06653558248580664
5160,FlexibleCylinder_1,450,151.74085231414065,1.7408523141406602,0.06653558248580664
5160,FlexibleCylinder_2,700,151.80991502746357,1.8099150274635638,0.06653558248580664
5160,FlexibleCylinder_3,950,151.79701551203152,1.7970155120315159,0.06653558248580664
5180,FlexibleCylinder_0,200,151.7303725660991,1.7303725660991105,0.06734580434375809
5180,FlexibleCylinder_1,450,151.77929561582718,1.7792956158271913,0.06734580434375809
5180,FlexibleCylinder_2,700,151.83910803575364,1.8391080357536531,0.06734580434375809
5180,FlexibleCylinder_3,950,151.8159313733201,1.8159313733201061,0.06734580434375809
5200,FlexibleCylinder_0,200,151.75018677003865,1.7501867700386553,0.06828011048108791
5200,FlexibleCylinder_1,450,151.81746478397477,1.8174647839747593,0.06828011048108791
5200,FlexibleCylinder_2,700,151.87154644062704,1.871546440627056,0.06828011048108791
5200,FlexibleCylinder_3,950,151.83593451283883,1.8359345128388345,0.06828011048108791
5220,FlexibleCylinder_0,200,151.77298799303915,1.7729879930391397,0.06904292152362165
5220,FlexibleCylinder_1,450,151.85297584115315,1.8529758411531443,0.06904292152362165
5220,FlexibleCylinder_2,700,151.9058238474966,1.905823847496615,0.06904292152362165
5220,FlexibleCylinder_3,950,151.8561655787475,1.8561655787474935,0.06904292152362165
5240,FlexibleCylinder_0,200,151.7959815327955,1.795981532795518,0.06945586965197525
5240,FlexibleCylinder_1,450,151.88362244583243,1.8836224458324202,0.06945586965197525
5240,FlexibleCylinder_2,700,151.93527254433798,1.935272544337971,0.06945586965197525
5240,FlexibleCylinder_3,950,151.87297798861368,1.8729779886136888,0.06945586965197525
5260,FlexibleCylinder_0,200,151.8171128443406,1.8171128443406066,0.07014610987565925
5260,FlexibleCylinder_1,450,151.91679112796243,1.9167911279624315,0.07014610987565925
5260,FlexibleCylinder_2,700,151.96222981874422,1.9622298187442073,0.07014610987565925
5260,FlexibleCylinder_3,950,151.88925917475004,1.8892591747500402,0.07014610987565925
5280,FlexibleCylinder_0,200,151.83467615728472,1.834676157284718,0.07104484316239303
5280,FlexibleCylinder_1,450,151.95500624387805,1.955006243878035,0.07104484316239303
5280,FlexibleCylinder_2,700,151.99268035545094,1.992680355450936,0.07104484316239303
5280,FlexibleCylinder_3,950,151.9087651012292,1.9087651012291837,0.07104484316239303
5300,FlexibleCylinder_0,200,151.84754509839274,1.847545098392755,0.07194585535787076
5300,FlexibleCylinder_1,450,151.9916174342328,1.9916174342328115,0.07194585535787076
5300,FlexibleCylinder_2,700,152.02630003387756,2.0263000338775607,0.07194585535787076
5300,FlexibleCylinder_3,950,151.92715196697233,1.9271519669723438,0.07194585535787076
5320,FlexibleCylinder_0,200,151.86134707917427,1.8613470791742663,0.07280947703218062
5320,FlexibleCylinder_1,450,152.03042264851925,2.0304226485192527,0.07280947703218062
5320,FlexibleCylinder_2,700,152.06106731309856,2.061067313098553,0.07280947703218062
5320,FlexibleCylinder_3,950,151.94291185929913,1.9429118592991272,0.07280947703218062
5340,FlexibleCylinder_0,200,151.87891249879237,1.8789124987923806,0.07353021514381353
5340,FlexibleCylinder_1,450,152.06861390542576,2.068613905425765,0.07353021514381353
5340,FlexibleCylinder_2,700,152.0941196991826,2.0941196991826176,0.07353021514381353
5340,FlexibleCylinder_3,950,151.9585283887328,1.9585283887327893,0.07353021514381353
5360,FlexibleCylinder_0,200,151.8982067619768,1.8982067619768113,0.07422609646999706
5360,FlexibleCylinder_1,450,152.1030184579312,2.1030184579311904,0.07422609646999706
5360,FlexibleCylinder_2,700,152.12489703190175,2.1248970319017553,0.07422609646999706
5360,FlexibleCylinder_3,950,151.9733134740931,1.973313474093085,0.07422609646999706
5380,FlexibleCylinder_0,200,151.91488286210634,1.9148828621063343,0.07480073914264114
5380,FlexibleCylinder_1,450,152.13502387616703,2.135023876167025,0.07480073914264114
5380,FlexibleCylinder_2,700,152.1469906985996,2.146990698599611,0.07480073914264114
5380,FlexibleCylinder_3,950,151.98468960300647,1.9846896030064787,0.07480073914264114
5400,FlexibleCylinder_0,200,151.92716780447984,1.9271678044798422,0.07535486462534843
5400,FlexibleCylinder_1,450,152.16335518125,2.163355181250003,0.07535486462534843
5400,FlexibleCylinder_2,700,152.16360333955788,2.1636033395578727,0.07535486462534843
5400,FlexibleCylinder_3,950,151.99397352149842,1.9939735214984153,0.07535486462534843
5420,FlexibleCylinder_0,200,151.93583117848655,1.935831178486545,0.07605538657492415
5420,FlexibleCylinder_1,450,152.19182933845153,2.191829338451519,0.07605538657492415
5420,FlexibleCylinder_2,700,152.18142433617055,2.181424336170546,0.07605538657492415
5420,FlexibleCylinder_3,950,152.0008344193619,2.0008344193618837,0.07605538657492415
5440,FlexibleCylinder_0,200,151.94483200425964,1.9448320042596325,0.07679670784565866
5440,FlexibleCylinder_1,450,152.22099671880804,2.220996718808028,0.07679670784565866
5440,FlexibleCylinder_2,700,152.20119890157508,2.2011989015750744,0.07679670784565866
5440,FlexibleCylinder_3,950,152.00712731376936,2.007127313769348,0.07679670784565866
5460,FlexibleCylinder_0,200,151.95414680993755,1.9541468099375485,0.07753615347834089
5460,FlexibleCylinder_1,450,152.25010814268757,2.250108142687575,0.07753615347834089
5460,FlexibleCylinder_2,700,152.22082225080658,2.2208222508065916,0.07753615347834089
5460,FlexibleCylinder_3,950,152.0171568346735,2.017156834673508,0.07753615347834089
5480,FlexibleCylinder_0,200,151.9637242603443,1.9637242603443021,0.07825503929674031
5480,FlexibleCylinder_1,450,152.27448585031297,2.2744858503129803,0.07825503929674031
5480,FlexibleCylinder_2,700,152.23787919638352,2.237879196383517,0.07825503929674031
5480,FlexibleCylinder_3,950,152.0293117591323,2.029311759132297,0.07825503929674031
5500,FlexibleCylinder_0,200,151.9735908987323,1.9735908987323207,0.07924090525596146
5500,FlexibleCylinder_1,450,152.29678417894885,2.2967841789488586,0.07924090525596146
5500,FlexibleCylinder_2,700,152.2544530086713,2.2544530086713173,0.07924090525596146
5500,FlexibleCylinder_3,950,152.0417190180029,2.041719018002918,0.07924090525596146
5520,FlexibleCylinder_0,200,151.98485180057187,1.9848518005718796,0.08005361040790285
5520,FlexibleCylinder_1,450,152.31988878467055,2.319888784670541,0.08005361040790285
5520,FlexibleCylinder_2,700,152.27654789673417,2.276547896734174,0.08005361040790285
5520,FlexibleCylinder_3,950,152.05059744905262,2.0505974490526295,0.08005361040790285
5540,FlexibleCylinder_0,200,151.99229335995457,1.9922933599545598,0.08066248328056325
5540,FlexibleCylinder_1,450,152.3414381548923,2.341438154892296,0.08066248328056325
5540,FlexibleCylinder_2,700,152.29808524918963,2.298085249189627,0.08066248328056325
5540,FlexibleCylinder_3,950,152.05178724985444,2.051787249854444,0.08066248328056325
5560,FlexibleCylinder_0,200,151.99736291903739,1.997362919037382,0.0812382780790089
5560,FlexibleCylinder_1,450,152.35954402399443,2.359544023994445,0.0812382780790089
5560,FlexibleCylinder_2,700,152.31538836960232,2.3153883696023136,0.0812382780790089
5560,FlexibleCylinder_3,950,152.04603512645235,2.046035126452362,0.0812382780790089
5580,FlexibleCylinder_0,200,152.0003341738939,2.000334173893896,0.0823013112176081
5580,FlexibleCylinder_1,450,152.3807945734497,2.380794573449686,0.0823013112176081
5580,FlexibleCylinder_2,700,152.33020648551832,2.3302064855183033,0.0823013112176081
5580,FlexibleCylinder_3,950,152.03847361967416,2.038473619674173,0.0823013112176081
5600,FlexibleCylinder_0,200,152.00435568285312,2.004355682853126,0.0805352441351689
5600,FlexibleCylinder_1,450,152.4049162940788,2.4049162940787836,0.0805352441351689
5600,FlexibleCylinder_2,700,152.34194662407958,2.3419466240795757,0.0805352441351689
5600,FlexibleCylinder_3,950,152.03580243795716,2.035802437957155,0.0805352441351689
5620,FlexibleCylinder_0,200,152.00469873715434,2.004698737154351,0.08054763416785535
5620,FlexibleCylinder_1,450,152.42261892061683,2.422618920616817,0.08054763416785535
5620,FlexibleCylinder_2,700,152.34718476355732,2.3471847635573306,0.08054763416785535
5620,FlexibleCylinder_3,950,152.03472521960933,2.034725219609338,0.08054763416785535
5640,FlexibleCylinder_0,200,152.0006230806,2.000623080600015,0.08091383195395627
5640,FlexibleCylinder_1,450,152.43654277551892,2.4365427755189093,0.08091383195395627
5640,FlexibleCylinder_2,700,152.3486075475242,2.3486075475242183,0.08091383195395627
5640,FlexibleCylinder_3,950,152.03056806904715,2.030568069047149,0.08091383195395627
5660,FlexibleCylinder_0,200,152.00110640579456,2.001106405794571,0.08149048333928133
5660,FlexibleCylinder_1,450,152.45489342152592,2.454893421525928,0.08149048333928133
5660,FlexibleCylinder_2,700,152.35570178665512,2.3557017866551315,0.08149048333928133
5660,FlexibleCylinder_3,950,152.0248490324958,2.024849032495802,0.08149048333928133
5680,FlexibleCylinder_0,200,152.00313199172714,2.003131991727147,0.08157432508132607
5680,FlexibleCylinder_1,450,152.47178355025528,2.4717835502552687,0.08157432508132607
5680,FlexibleCylinder_2,700,152.36595386952882,2.365953869528812,0.08157432508132607
5680,FlexibleCylinder_3,950,152.01663307187667,2.0166330718766785,0.08157432508132607
5700,FlexibleCylinder_0,200,152.0016832369886,2.0016832369886197,0.08141986991563581
5700,FlexibleCylinder_1,450,152.4805493189403,2.4805493189403034,0.08141986991563581
5700,FlexibleCylinder_2,700,152.3689099244003,2.368909924400312,0.08141986991563581
5700,FlexibleCylinder_3,950,152.00750340901695,2.007503409016946,0.08141986991563581
5720,FlexibleCylinder_0,200,151.9970884649692,1.99708846496921,0.08163585024477937
5720,FlexibleCylinder_1,450,152.48688006596822,2.486880065968217,0.08163585024477937
5720,FlexibleCylinder_2,700,152.36684779038774,2.366847790387723,0.08163585024477937
5720,FlexibleCylinder_3,950,151.9988015490618,1.998801549061799,0.08163585024477937
5740,FlexibleCylinder_0,200,151.99138012630644,1.9913801263064472,0.0818061595950384
5740,FlexibleCylinder_1,450,152.49531681225548,2.49531681225549,0.0818061595950384
5740,FlexibleCylinder_2,700,152.36698007785083,2.3669800778508305,0.0818061595950384
5740,FlexibleCylinder_3,950,151.9905727948433,1.9905727948432885,0.0818061595950384
5760,FlexibleCylinder_0,200,151.98546969622575,1.9854696962257394,0.08163133678420063
5760,FlexibleCylinder_1,450,152.49942101482,2.4994210148200113,0.08163133678420063
5760,FlexibleCylinder_2,700,152.37267294778738,2.372672947787368,0.08163133678420063
5760,FlexibleCylinder_3,950,151.98070811016564,1.9807081101656372,0.08163133678420063
5780,FlexibleCylinder_0,200,151.97731621785556,1.977316217855553,0.08163881988103387
5780,FlexibleCylinder_1,450,152.4993358209926,2.499335820992613,0.08163881988103387
5780,FlexibleCylinder_2,700,152.37653042418285,2.3765304241828518,0.08163881988103387
5780,FlexibleCylinder_3,950,151.96756096066562,1.9675609606656113,0.08163881988103387
5800,FlexibleCylinder_0,200,151.96769465113482,1.9676946511348217,0.08167012110031865
5800,FlexibleCylinder_1,450,152.49984156737716,2.499841567377147,0.08167012110031865
5800,FlexibleCylinder_2,700,152.37492844415885,2.374928444158858,0.08167012110031865
5800,FlexibleCylinder_3,950,151.95066704825368,1.950667048253679,0.08167012110031865
5820,FlexibleCylinder_0,200,151.95575900022845,1.9557590002284573,0.08195538154727038
5820,FlexibleCylinder_1,450,152.50479695949775,2.5047969594977424,0.08195538154727038
5820,FlexibleCylinder_2,700,152.36742119923798,2.367421199237988,0.08195538154727038
5820,FlexibleCylinder_3,950,151.9300843185663,1.9300843185662764,0.08195538154727038
5840,FlexibleCylinder_0,200,151.94211573838538,1.9421157383853924,0.08217705735588926
5840,FlexibleCylinder_1,450,152.5119191167178,2.5119191167178005,0.08217705735588926
5840,FlexibleCylinder_2,700,152.35480277534808,2.3548027753480687,0.08217705735588926
5840,FlexibleCylinder_3,950,151.90810416375143,1.908104163751425,0.08217705735588926
5860,FlexibleCylinder_0,200,151.9308610845839,1.9308610845838976,0.08231043605061406
5860,FlexibleCylinder_1,450,152.51983075395773,2.5198307539577214,0.08231043605061406
5860,FlexibleCylinder_2,700,152.34272289611872,2.342722896118702,0.08231043605061406
5860,FlexibleCylinder_3,950,151.88684762347447,1.886847623474468,0.08231043605061406
5880,FlexibleCylinder_0,200,151.920343226696,1.9203432266960045,0.08199263607632133
5880,FlexibleCylinder_1,450,152.52270529888546,2.5227052988854557,0.08199263607632133
5880,FlexibleCylinder_2,700,152.33346937085224,2.3334693708522423,0.08199263607632133
5880,FlexibleCylinder_3,950,151.8655882171746,1.8655882171745992,0.08199263607632133
5900,FlexibleCylinder_0,200,151.90501040027053,1.905010400270528,0.08132815039252952
5900,FlexibleCylinder_1,450,152.514596096478,2.514596096477984,0.08132815039252952
5900,FlexibleCylinder_2,700,152.32171313081582,2.321713130815819,0.08132815039252952
5900,FlexibleCylinder_3,950,151.84285161284828,1.8428516128482688,0.08132815039252952
5920,FlexibleCylinder_0,200,151.8882222015883,1.8882222015882828,0.08094173843954375
5920,FlexibleCylinder_1,450,152.50112131123413,2.5011213112341273,0.08094173843954375
5920,FlexibleCylinder_2,700,152.30832511101144,2.3083251110114418,0.08094173843954375
5920,FlexibleCylinder_3,950,151.81951269165768,1.819512691657665,0.08094173843954375
5940,FlexibleCylinder_0,200,151.87366551350442,1.8736655135044293,0.08085427901071993
5940,FlexibleCylinder_1,450,152.4891627821767,2.489162782176697,0.08085427901071993
5940,FlexibleCylinder_2,700,152.29573332739398,2.295733327393978,0.08085427901071993
5940,FlexibleCylinder_3,950,151.7991216709346,1.7991216709345896,0.08085427901071993
5960,FlexibleCylinder_0,200,151.85701299787902,1.8570129978790137,0.08076356163177147
5960,FlexibleCylinder_1,450,152.48052900409107,2.480529004091065,0.08076356163177147
5960,FlexibleCylinder_2,700,152.28062300140692,2.2806230014069304,0.08076356163177147
5960,FlexibleCylinder_3,950,151.779073414128,1.77907341412798,0.08076356163177147
5980,FlexibleCylinder_0,200,151.83715103916546,1.8371510391654753,0.08050620728099028
5980,FlexibleCylinder_1,450,152.4718406116683,2.471840611668303,0.08050620728099028
5980,FlexibleCylinder_2,700,152.2623099553117,2.262309955311709,0.08050620728099028
5980,FlexibleCylinder_3,950,151.7511586825335,1.7511586825334886,0.08050620728099028
6000,FlexibleCylinder_0,200,151.81609365895585,1.8160936589558456,0.08002735699136773
6000,FlexibleCylinder_1,450,152.46011482215428,2.4601148221542766,0.08002735699136773
6000,FlexibleCylinder_2,700,152.24267059864752,2.242670598647513,0.08002735699136773
6000,FlexibleCylinder_3,950,151.71794824024536,1.7179482402453676,0.08002735699136773
6020,FlexibleCylinder_0,200,151.79591749930475,1.795917499304736,0.0793089416862522
6020,FlexibleCylinder_1,450,152.4416295678188,2.4416295678188193,0.0793089416862522
6020,FlexibleCylinder_2,700,152.22183663693582,2.2218366369358318,0.0793089416862522
6020,FlexibleCylinder_3,950,151.6844050916481,1.6844050916481006,0.0793089416862522
6040,FlexibleCylinder_0,200,151.77408890346064,1.7740889034606457,0.07890744266567103
6040,FlexibleCylinder_1,450,152.41821328438496,2.418213284384973,0.07890744266567103
6040,FlexibleCylinder_2,700,152.19908717521133,2.199087175211331,0.07890744266567103
6040,FlexibleCylinder_3,950,151.65226115130383,1.6522611513038192,0.07890744266567103
6060,FlexibleCylinder_0,200,151.74933160160094,1.749331601600951,0.07830372486200915
6060,FlexibleCylinder_1,450,152.39451493502293,2.3945149350229373,0.07830372486200915
6060,FlexibleCylinder_2,700,152.1717241223458,2.1717241223457964,0.07830372486200915
6060,FlexibleCylinder_3,950,151.61955592507923,1.6195559250792182,0.07830372486200915
6080,FlexibleCylinder_0,200,151.72178791031112,1.7217879103111233,0.07784398214331334
6080,FlexibleCylinder_1,450,152.37307846572241,2.3730784657224135,0.07784398214331334
6080,FlexibleCylinder_2,700,152.13896096335094,2.1389609633509394,0.07784398214331334
6080,FlexibleCylinder_3,950,151.58267077639726,1.582670776397272,0.07784398214331334
6100,FlexibleCylinder_0,200,151.69083827782597,1.6908382778259663,0.07746756860117088
6100,FlexibleCylinder_1,450,152.35318501360817,2.3531850136081753,0.07746756860117088
6100,FlexibleCylinder_2,700,152.10703749596377,2.107037495963758,0.07746756860117088
6100,FlexibleCylinder_3,950,151.54521232461911,1.545212324619126,0.07746756860117088
6120,FlexibleCylinder_0,200,151.66210973004544,1.662109730045441,0.0769259214855356
6120,FlexibleCylinder_1,450,152.33274745544986,2.332747455449867,0.0769259214855356
6120,FlexibleCylinder_2,700,152.07899953202454,2.0789995320245462,0.0769259214855356
6120,FlexibleCylinder_3,950,151.50814571113568,1.5081457111356855,0.0769259214855356
6140,FlexibleCylinder_0,200,151.63444400674754,1.634444006747544,0.07661795360664374
6140,FlexibleCylinder_1,450,152.30605171437304,2.3060517143730364,0.07661795360664374
6140,FlexibleCylinder_2,700,152.04711874564762,2.0471187456476216,0.07661795360664374
6140,FlexibleCylinder_3,950,151.468904561972,1.4689045619720216,0.07661795360664374
6160,FlexibleCylinder_0,200,151.60763765308664,1.6076376530866396,0.0759839325592791
6160,FlexibleCylinder_1,450,152.27615172806316,2.276151728063148,0.0759839325592791
6160,FlexibleCylinder_2,700,152.01061676825,2.0106167682499905,0.0759839325592791
6160,FlexibleCylinder_3,950,151.42952647224024,1.4295264722402439,0.0759839325592791
6180,FlexibleCylinder_0,200,151.57870525408842,1.5787052540884114,0.0753784028358656
6180,FlexibleCylinder_1,450,152.2452566202858,2.2452566202858097,0.0753784028358656
6180,FlexibleCylinder_2,700,151.9719534092891,1.9719534092891178,0.0753784028358656
6180,FlexibleCylinder_3,950,151.39118469278438,1.391184692784387,0.0753784028358656
6200,FlexibleCylinder_0,200,151.54158184911876,1.5415818491187578,0.07484149719214415
6200,FlexibleCylinder_1,450,152.20959634883164,2.2095963488316315,0.07484149719214415
6200,FlexibleCylinder_2,700,151.92749195619885,1.9274919561988588,0.07484149719214415
6200,FlexibleCylinder_3,950,151.3488360390456,1.3488360390456102,0.07484149719214415
6220,FlexibleCylinder_0,200,151.50095164095228,1.5009516409522725,0.07409380082941552
6220,FlexibleCylinder_1,450,152.1690485925979,2.1690485925979104,0.07409380082941552
6220,FlexibleCylinder_2,700,151.88129441017657,1.881294410176556,0.07409380082941552
6220,FlexibleCylinder_3,950,151.29975681625308,1.2997568162530877,0.07409380082941552
6240,FlexibleCylinder_0,200,151.46365959625282,1.4636595962528154,0.07324523222963895
6240,FlexibleCylinder_1,450,152.12453768038066,2.1245376803806497,0.07324523222963895
6240,FlexibleCylinder_2,700,151.83856485275618,1.8385648527561842,0.07324523222963895
6240,FlexibleCylinder_3,950,151.2480493154232,1.2480493154232017,0.07324523222963895
6260,FlexibleCylinder_0,200,151.42841570687,1.4284157068699905,0.07222700276338692
6260,FlexibleCylinder_1,450,152.07713959671167,2.077139596711688,0.07222700276338692
6260,FlexibleCylinder_2,700,151.7960776065969,1.7960776065968822,0.07222700276338692
6260,FlexibleCylinder_3,950,151.19561437681244,1.1956143768124463,0.07222700276338692
6280,FlexibleCylinder_0,200,151.39043185536917,1.390431855369165,0.07088937256433732
6280,FlexibleCylinder_1,450,152.0320879915886,2.0320879915886114,0.07088937256433732
6280,FlexibleCylinder_2,700,151.7471727715231,1.747172771523117,0.07088937256433732
6280,FlexibleCylinder_3,950,151.142167858947,1.1421678589470161,0.07088937256433732
6300,FlexibleCylinder_0,200,151.3505227365188,1.3505227365187995,0.06976043658516173
6300,FlexibleCylinder_1,450,151.99413071197884,1.9941307119788523,0.06976043658516173
6300,FlexibleCylinder_2,700,151.6938952900594,1.6938952900594133,0.06976043658516173
6300,FlexibleCylinder_3,950,151.0871523873259,1.0871523873258886,0.06976043658516173
6320,FlexibleCylinder_0,200,151.3100963333599,1.3100963333598865,0.06908571531208446
6320,FlexibleCylinder_1,450,151.95588421981594,1.9558842198159376,0.06908571531208446
6320,FlexibleCylinder_2,700,151.64007175148447,1.6400717514844714,0.06908571531208446
6320,FlexibleCylinder_3,950,151.02939300848786,1.0293930084878706,0.06908571531208446
6340,FlexibleCylinder_0,200,151.26649937358198,1.2664993735819785,0.06846981295336727
6340,FlexibleCylinder_1,450,151.90903141845055,1.9090314184505504,0.06846981295336727
6340,FlexibleCylinder_2,700,151.58412352122215,1.5841235212221456,0.06846981295336727
6340,FlexibleCylinder_3,950,150.971540865038,0.9715408650380026,0.06846981295336727
6360,FlexibleCylinder_0,200,151.22065838994538,1.220658389945372,0.06736237091483564
6360,FlexibleCylinder_1,450,151.85364591765423,1.8536459176542464,0.06736237091483564
6360,FlexibleCylinder_2,700,151.5285645838662,1.5285645838662063,0.06736237091483564
6360,FlexibleCylinder_3,950,150.91527035579688,0.9152703557968896,0.06736237091483564
6380,FlexibleCylinder_0,200,151.1770220017424,1.177022001742392,0.0659827949306871
6380,FlexibleCylinder_1,450,151.79752633455752,1.7975263345575079,0.0659827949306871
6380,FlexibleCylinder_2,700,151.4724327576258,1.4724327576257845,0.0659827949306871
6380,FlexibleCylinder_3,950,150.85977203049768,0.8597720304976861,0.0659827949306871
6400,FlexibleCylinder_0,200,151.13257903252432,1.1325790325243146,0.06468018856479621
6400,FlexibleCylinder_1,450,151.7414572509008,1.7414572509007797,0.06468018856479621
6400,FlexibleCylinder_2,700,151.41401075794843,1.414010757948441,0.06468018856479621
6400,FlexibleCylinder_3,950,150.803594627357,0.8035946273570096,0.06468018856479621
6420,FlexibleCylinder_0,200,151.08264548560916,1.0826454856091496,0.06341891928628263
6420,FlexibleCylinder_1,450,151.6834100954992,1.6834100954991844,0.06341891928628263
6420,FlexibleCylinder_2,700,151.35091247530983,1.3509124753098343,0.06341891928628263
6420,FlexibleCylinder_3,950,150.74427352323463,0.7442735232346318,0.06341891928628263
6440,FlexibleCylinder_0,200,151.02906964759083,1.0290696475908345,0.06210088028780624
6440,FlexibleCylinder_1,450,151.6219525951121,1.6219525951121088,0.06210088028780624
6440,FlexibleCylinder_2,700,151.28516196218428,1.2851619621842836,0.06210088028780624
6440,FlexibleCylinder_3,950,150.67832243946523,0.6783224394652477,0.06210088028780624
6460,FlexibleCylinder_0,200,150.9744914270391,0.974491427039112,0.06207331837391915
6460,FlexibleCylinder_1,450,151.55810243113456,1.5581024311345613,0.06207331837391915
6460,FlexibleCylinder_2,700,151.21958388845187,1.2195838884518617,0.06207331837391915
6460,FlexibleCylinder_3,950,150.610317079981,0.6103170799809903,0.06207331837391915
6480,FlexibleCylinder_0,200,150.9218896026421,0.921889602642101,0.06232689184848192
6480,FlexibleCylinder_1,450,151.49419452242853,1.4941945224285398,0.06232689184848192
6480,FlexibleCylinder_2,700,151.15419627638892,1.1541962763889162,0.06232689184848192
6480,FlexibleCylinder_3,950,150.5422121247549,0.5422121247549252,0.06232689184848192
6500,FlexibleCylinder_0,200,150.87108376085158,0.8710837608515665,0.06196378431476475
6500,FlexibleCylinder_1,450,151.42904854671497,1.4290485467149534,0.06196378431476475
6500,FlexibleCylinder_2,700,151.08563178381968,1.0856317838196652,0.06196378431476475
6500,FlexibleCylinder_3,950,150.47408172330324,0.47408172330323606,0.06196378431476475
6520,FlexibleCylinder_0,200,150.81680162423424,0.8168016242342334,0.061950684803151544
6520,FlexibleCylinder_1,450,151.36041718640422,1.3604171864042218,0.061950684803151544
6520,FlexibleCylinder_2,700,151.0144639256441,1.014463925644105,0.061950684803151544
6520,FlexibleCylinder_3,950,150.4064706236625,0.4064706236624887,0.061950684803151544
6540,FlexibleCylinder_0,200,150.7583341736222,0.75833417362219,0.061820053345609846
6540,FlexibleCylinder_1,450,151.2893234555667,1.2893234555666864,0.061820053345609846
6540,FlexibleCylinder_2,700,150.93935172115394,0.939351721153937,0.061820053345609846
6540,FlexibleCylinder_3,950,150.33613061472215,0.33613061472215877,0.061820053345609846
6560,FlexibleCylinder_0,200,150.69696926719078,0.6969692671907853,0.06173551552621375
6560,FlexibleCylinder_1,450,151.21713619590935,1.2171361959093552,0.06173551552621375
6560,FlexibleCylinder_2,700,150.85999282099118,0.8599928209911928,0.06173551552621375
6560,FlexibleCylinder_3,950,150.26350793401497,0.2635079340149664,0.06173551552621375
6580,FlexibleCylinder_0,200,150.6376777667632,0.6376777667632102,0.06153927195046647
6580,FlexibleCylinder_1,450,151.14423381116788,1.1442338111678723,0.06153927195046647
6580,FlexibleCylinder_2,700,150.78302061180966,0.7830206118096722,0.06153927195046647
6580,FlexibleCylinder_3,950,150.19158761510556,0.19158761510555863,0.06153927195046647
6600,FlexibleCylinder_0,200,150.58079764022128,0.5807976402212888,0.061992440785353604
6600,FlexibleCylinder_1,450,151.06797997266415,1.0679799726641335,0.061992440785353604
6600,FlexibleCylinder_2,700,150.70667693687273,0.7066769368727219,0.061992440785353604
6600,FlexibleCylinder_3,950,150.1198474656561,0.11984746565609776,0.061992440785353604
6620,FlexibleCylinder_0,200,150.5210105775745,0.5210105775744933,0.062288749626454476
6620,FlexibleCylinder_1,450,150.98821152687273,0.9882115268727429,0.062288749626454476
6620,FlexibleCylinder_2,700,150.62657397965788,0.626573979657863,0.062288749626454476
6620,FlexibleCylinder_3,950,150.04616682519907,0.046166825199054747,0.062288749626454476
6640,FlexibleCylinder_0,200,150.4559799159557,0.4559799159556946,0.062347905534208554
6640,FlexibleCylinder_1,450,150.90785882709932,0.9078588270993199,0.062347905534208554
6640,FlexibleCylinder_2,700,150.54328414722875,0.5432841472287454,0.062347905534208554
6640,FlexibleCylinder_3,950,149.96960689482572,-0.03039310517429427,0.062347905534208554
6660,FlexibleCylinder_0,200,150.39033822910974,0.39033822910975247,0.06209190810818059
6660,FlexibleCylinder_1,450,150.82611781713908,0.8261178171390869,0.06209190810818059
6660,FlexibleCylinder_2,700,150.4583999087035,0.4583999087035236,0.06209190810818059
6660,FlexibleCylinder_3,950,149.8904457755863,-0.1095542244137128,0.06209190810818059
6680,FlexibleCylinder_0,200,150.32632500576415,0.32632500576414836,0.062371460788674504
6680,FlexibleCylinder_1,450,150.74360650563327,0.7436065056332709,0.062371460788674504
6680,FlexibleCylinder_2,700,150.37149082296943,0.3714908229694371,0.062371460788674504
6680,FlexibleCylinder_3,950,149.80996190781516,-0.19003809218484013,0.062371460788674504
6700,FlexibleCylinder_0,200,150.26203395085776,0.2620339508577481,0.06255734653374367
6700,FlexibleCylinder_1,450,150.65905634936615,0.659056349366157,0.06255734653374367
6700,FlexibleCylinder_2,700,150.28347721390332,0.28347721390333613,0.06255734653374367
6700,FlexibleCylinder_3,950,149.73100575742947,-0.2689942425705287,0.06255734653374367
6720,FlexibleCylinder_0,200,150.19534605946433,0.19534605946433647,0.06288455356505349
6720,FlexibleCylinder_1,450,150.57006621591978,0.5700662159197876,0.06288455356505349
6720,FlexibleCylinder_2,700,150.19433435768974,0.19433435768972762,0.06288455356505349
6720,FlexibleCylinder_3,950,149.65300866760273,-0.3469913323972652,0.06288455356505349
6740,FlexibleCylinder_0,200,150.1269241386622,0.12692413866218916,0.06304139324961688
6740,FlexibleCylinder_1,450,150.47856627476267,0.4785662747626809,0.06304139324961688
6740,FlexibleCylinder_2,700,150.1024768218048,0.10247682180479481,0.06304139324961688
6740,FlexibleCylinder_3,950,149.5733139868302,-0.42668601316981164,0.06304139324961688
6760,FlexibleCylinder_0,200,150.05768886871644,0.057688868716430516,0.06291219351483575
6760,FlexibleCylinder_1,450,150.38789446418025,0.38789446418026274,0.06291219351483575
6760,FlexibleCylinder_2,700,150.00978968542947,0.009789685429456452,0.06291219351483575
6760,FlexibleCylinder_3,950,149.49331233858203,-0.5066876614179844,0.06291219351483575
6780,FlexibleCylinder_0,200,149.9870431510823,-0.012956848917697194,0.06459299812718647
6780,FlexibleCylinder_1,450,150.29753986480736,0.29753986480735706,0.06459299812718647
6780,FlexibleCylinder_2,700,149.91725784727038,-0.08274215272963178,0.06459299812718647
6780,FlexibleCylinder_3,950,149.41274243941854,-0.5872575605814698,0.06459299812718647
6800,FlexibleCylinder_0,200,149.91469048007312,-0.08530951992688178,0.06705208017571608
6800,FlexibleCylinder_1,450,150.20306986268102,0.20306986268101102,0.06705208017571608
6800,FlexibleCylinder_2,700,149.8246249618197,-0.17537503818030556,0.06705208017571608
6800,FlexibleCylinder_3,950,149.3304526634376,-0.6695473365623901,0.06705208017571608
6820,FlexibleCylinder_0,200,149.84475504144564,-0.15524495855436946,0.0695011803848687
6820,FlexibleCylinder_1,450,150.10533867127023,0.10533867127022764,0.0695011803848687
6820,FlexibleCylinder_2,700,149.73166684197633,-0.2683331580236755,0.0695011803848687
6820,FlexibleCylinder_3,950,149.24647031525885,-0.7535296847411403,0.0695011803848687
6840,FlexibleCylinder_0,200,149.776952911435,-0.22304708856499675,0.0718512232753767
6840,FlexibleCylinder_1,450,150.00574352359024,0.005743523590236451,0.0718512232753767
6840,FlexibleCylinder_2,700,149.63558662008833,-0.3644133799116794,0.0718512232753767
6840,FlexibleCylinder_3,950,149.1614717182613,-0.8385282817386928,0.0718512232753767
6860,FlexibleCylinder_0,200,149.70518155614067,-0.2948184438593141,0.07410428138209352
6860,FlexibleCylinder_1,450,149.90601217062675,-0.09398782937325867,0.07410428138209352
6860,FlexibleCylinder_2,700,149.53513646880617,-0.46486353119382057,0.07410428138209352
6860,FlexibleCylinder_3,950,149.07470551989968,-0.9252944801003087,0.07410428138209352
6880,FlexibleCylinder_0,200,149.62935004540702,-0.3706499545929856,0.07622527023487771
6880,FlexibleCylinder_1,450,149.80848910454068,-0.19151089545931976,0.07622527023487771
6880,FlexibleCylinder_2,700,149.43290977491006,-0.5670902250899544,0.07622527023487771
6880,FlexibleCylinder_3,950,148.98794718506247,-1.0120528149375232,0.07622527023487771
6900,FlexibleCylinder_0,200,149.5528682230252,-0.4471317769747961,0.0786026916549687
6900,FlexibleCylinder_1,450,149.70996127756686,-0.29003872243314216,0.0786026916549687
6900,FlexibleCylinder_2,700,149.33161377290347,-0.668386227096536,0.0786026916549687
6900,FlexibleCylinder_3,950,148.90083049563987,-1.0991695043601246,0.0786026916549687
6920,FlexibleCylinder_0,200,149.47613800294457,-0.5238619970554298,0.08097692302841118
6920,FlexibleCylinder_1,450,149.60798587081092,-0.3920141291890699,0.08097692302841118
6920,FlexibleCylinder_2,700,149.231560707817,-0.7684392921829847,0.08097692302841118
6920,FlexibleCylinder_3,950,148.81448854930247,-1.1855114506975417,0.08097692302841118
6940,FlexibleCylinder_0,200,149.40034884514046,-0.5996511548595511,0.08335033089413824
6940,FlexibleCylinder_1,450,149.50384561879545,-0.4961543812045479,0.08335033089413824
6940,FlexibleCylinder_2,700,149.13085569679035,-0.8691443032096634,0.08335033089413824
6940,FlexibleCylinder_3,950,148.72990203103956,-1.270097968960446,0.08335033089413824
6960,FlexibleCylinder_0,200,149.32690957760107,-0.6730904223989371,0.08576680338878802
6960,FlexibleCylinder_1,450,149.39711069243776,-0.6028893075622477,0.08576680338878802
6960,FlexibleCylinder_2,700,149.02699707164686,-0.9730029283531281,0.08576680338878802
6960,FlexibleCylinder_3,950,148.6449230555028,-1.3550769444971908,0.08576680338878802
6980,FlexibleCylinder_0,200,149.2515010505415,-0.7484989494584955,0.08805433547129403
6980,FlexibleCylinder_1,450,149.2887157681013,-0.7112842318987084,0.08805433547129403
6980,FlexibleCylinder_2,700,148.92274096329623,-1.0772590367037744,0.08805433547129403
6980,FlexibleCylinder_3,950,148.55818993735605,-1.441810062643951,0.08805433547129403
7000,FlexibleCylinder_0,200,149.17589856288708,-0.824101437112905,0.09026311483222983
7000,FlexibleCylinder_1,450,149.18094972030207,-0.819050279697928,0.09026311483222983
7000,FlexibleCylinder_2,700,148.816577634445,-1.183422365554993,0.09026311483222983
7000,FlexibleCylinder_3,950,148.47223796413553,-1.5277620358644743,0.09026311483222983
7020,FlexibleCylinder_0,200,149.09899462402865,-0.9010053759713571,0.09260078394088693
7020,FlexibleCylinder_1,450,149.07203559952646,-0.9279644004735403,0.09260078394088693
7020,FlexibleCylinder_2,700,148.70910029450945,-1.2908997054905356,0.09260078394088693
7020,FlexibleCylinder_3,950,148.38502375661147,-1.6149762433885273,0.09260078394088693
7040,FlexibleCylinder_0,200,149.020999070594,-0.9790009294059949,0.09477394095190107
7040,FlexibleCylinder_1,450,148.96243808778055,-1.0375619122194373,0.09477394095190107
7040,FlexibleCylinder_2,700,148.60313751079855,-1.3968624892014672,0.09477394095190107
7040,FlexibleCylinder_3,950,148.29487159443195,-1.7051284055680374,0.09477394095190107
7060,FlexibleCylinder_0,200,148.94278454666625,-1.0572154533337423,0.09700077330834668
7060,FlexibleCylinder_1,450,148.85186271184932,-1.1481372881506842,0.09700077330834668
7060,FlexibleCylinder_2,700,148.49931162725525,-1.500688372744753,0.09700077330834668
7060,FlexibleCylinder_3,950,148.20371940937866,-1.7962805906213415,0.09700077330834668
7080,FlexibleCylinder_0,200,148.86302519952844,-1.1369748004715516,0.09902110407706806
7080,FlexibleCylinder_1,450,148.74223606507263,-1.2577639349273788,0.09902110407706806
7080,FlexibleCylinder_2,700,148.39436601729366,-1.6056339827063422,0.09902110407706806
7080,FlexibleCylinder_3,950,148.1133417977388,-1.8866582022612064,0.09902110407706806
7100,FlexibleCylinder_0,200,148.78279022385178,-1.2172097761482124,0.10120239991735049
7100,FlexibleCylinder_1,450,148.63229563291327,-1.3677043670867328,0.10120239991735049
7100,FlexibleCylinder_2,700,148.28638618806457,-1.7136138119354252,0.10120239991735049
7100,FlexibleCylinder_3,950,148.02348237223478,-1.9765176277652197,0.10120239991735049
7120,FlexibleCylinder_0,200,148.7032826861154,-1.2967173138846169,0.10335540096025489
7120,FlexibleCylinder_1,450,148.51970120054744,-1.4802987994525556,0.10335540096025489
7120,FlexibleCylinder_2,700,148.17650985324937,-1.823490146750619,0.10335540096025489
7120,FlexibleCylinder_3,950,147.93595387199184,-2.064046128008155,0.10335540096025489
7140,FlexibleCylinder_0,200,148.62303683652678,-1.3769631634732067,0.10539364767038777
7140,FlexibleCylinder_1,450,148.4058967750434,-1.5941032249565963,0.10539364767038777
7140,FlexibleCylinder_2,700,148.06609332468278,-1.933906675317216,0.10539364767038777
7140,FlexibleCylinder_3,950,147.84957788188095,-2.150422118119045,0.10539364767038777
7160,FlexibleCylinder_0,200,148.54289781594275,-1.457102184057237,0.10728976462895873
7160,FlexibleCylinder_1,450,148.2921733340926,-1.707826665907378,0.10728976462895873
7160,FlexibleCylinder_2,700,147.95833391541143,-2.041666084588559,0.10728976462895873
7160,FlexibleCylinder_3,950,147.76359034732852,-2.2364096526714823,0.10728976462895873
7180,FlexibleCylinder_0,200,148.4629294820507,-1.5370705179493116,0.10908860756073821
7180,FlexibleCylinder_1,450,148.1805152254406,-1.8194847745594116,0.10908860756073821
7180,FlexibleCylinder_2,700,147.85186835354384,-2.148131646456153,0.10908860756073821
7180,FlexibleCylinder_3,950,147.6775531639746,-2.3224468360254007,0.10908860756073821
7200,FlexibleCylinder_0,200,148.3826856140944,-1.6173143859055763,0.11193385118133388
7200,FlexibleCylinder_1,450,148.0678746865593,-1.9321253134407161,0.11193385118133388
7200,FlexibleCylinder_2,700,147.74381870530377,-2.256181294696228,0.11193385118133388
7200,FlexibleCylinder_3,950,147.59203941189514,-2.407960588104858,0.11193385118133388
7220,FlexibleCylinder_0,200,148.30368000361702,-1.696319996382973,0.11617518690186414
7220,FlexibleCylinder_1,450,147.95485981979598,-2.0451401802040023,0.11617518690186414
7220,FlexibleCylinder_2,700,147.6348725183594,-2.3651274816406107,0.11617518690186414
7220,FlexibleCylinder_3,950,147.50781074886672,-2.4921892511332775,0.11617518690186414
7240,FlexibleCylinder_0,200,148.2253763956498,-1.774623604350212,0.12094487764914998
7240,FlexibleCylinder_1,450,147.84234043652006,-2.1576595634799256,0.12094487764914998
7240,FlexibleCylinder_2,700,147.5259316630403,-2.4740683369596925,0.12094487764914998
7240,FlexibleCylinder_3,950,147.42412889487392,-2.575871105126087,0.12094487764914998
7260,FlexibleCylinder_0,200,148.14827941261126,-1.8517205873887426,0.1250678564643887
7260,FlexibleCylinder_1,450,147.72753013759512,-2.2724698624048867,0.1250678564643887
7260,FlexibleCylinder_2,700,147.41910914260504,-2.58089085739496,0.1250678564643887
7260,FlexibleCylinder_3,950,147.33994833130612,-2.6600516686938867,0.1250678564643887
7280,FlexibleCylinder_0,200,148.06980574410824,-1.9301942558917509,0.1295144748263295
7280,FlexibleCylinder_1,450,147.61015012220375,-2.3898498777962485,0.1295144748263295
7280,FlexibleCylinder_2,700,147.3154012887641,-2.6845987112359078,0.1295144748263295
7280,FlexibleCylinder_3,950,147.25527883747523,-2.7447211625247565,0.1295144748263295
7300,FlexibleCylinder_0,200,147.98976802375654,-2.010231976243456,0.1337844739925583
7300,FlexibleCylinder_1,450,147.49434061778092,-2.5056593822190916,0.1337844739925583
7300,FlexibleCylinder_2,700,147.2119590200311,-2.7880409799689243,0.1337844739925583
7300,FlexibleCylinder_3,950,147.1707920554392,-2.8292079445608196,0.1337844739925583
7320,FlexibleCylinder_0,200,147.9076055142723,-2.092394485727704,0.1376717565835568
7320,FlexibleCylinder_1,450,147.38233656257486,-2.617663437425135,0.1376717565835568
7320,FlexibleCylinder_2,700,147.10837035933903,-2.8916296406609603,0.1376717565835568
7320,FlexibleCylinder_3,950,147.08668531270453,-2.9133146872954776,0.1376717565835568
7340,FlexibleCylinder_0,200,147.82620957453918,-2.1737904254608247,0.14055937158334636
7340,FlexibleCylinder_1,450,147.27440302167253,-2.725596978327469,0.14055937158334636
7340,FlexibleCylinder_2,700,147.00455123649894,-2.99544876350105,0.14055937158334636
7340,FlexibleCylinder_3,950,147.00488923528368,-2.99511076471631,0.14055937158334636
7360,FlexibleCylinder_0,200,147.7477251282553,-2.252274871744694,0.14365259689681742
7360,FlexibleCylinder_1,450,147.16797723071977,-2.8320227692802424,0.14365259689681742
7360,FlexibleCylinder_2,700,146.90065427402197,-3.099345725978035,0.14365259689681742
7360,FlexibleCylinder_3,950,146.92436266478762,-3.0756373352123907,0.14365259689681742
7380,FlexibleCylinder_0,200,147.67122750208102,-2.328772497918974,0.14678921006023993
7380,FlexibleCylinder_1,450,147.05878858730912,-2.9412114126908833,0.14678921006023993
7380,FlexibleCylinder_2,700,146.79711548799662,-3.202884512003382,0.14678921006023993
7380,FlexibleCylinder_3,950,146.84798424367798,-3.1520157563220184,0.14678921006023993
7400,FlexibleCylinder_0,200,147.59562845315173,-2.4043715468482563,0.14990960067368542
7400,FlexibleCylinder_1,450,146.94771267790713,-3.052287322092862,0.14990960067368542
7400,FlexibleCylinder_2,700,146.69295835075062,-3.3070416492493986,0.14990960067368542
7400,FlexibleCylinder_3,950,146.77226961015594,-3.227730389844066,0.14990960067368542
7420,FlexibleCylinder_0,200,147.52051621241864,-2.4794837875813696,0.15251521605681828
7420,FlexibleCylinder_1,450,146.83419724638858,-3.165802753611422,0.15251521605681828
7420,FlexibleCylinder_2,700,146.58833435766556,-3.411665642334448,0.15251521605681828
7420,FlexibleCylinder_3,950,146.6959387928057,-3.304061207194318,0.15251521605681828
7440,FlexibleCylinder_0,200,147.4440319959426,-2.5559680040574,0.1547517939116588
7440,FlexibleCylinder_1,450,146.72160686299904,-3.2783931370009487,0.1547517939116588
7440,FlexibleCylinder_2,700,146.48797896560617,-3.512021034393829,0.1547517939116588
7440,FlexibleCylinder_3,950,146.62228862933287,-3.377711370667124,0.1547517939116588
7460,FlexibleCylinder_0,200,147.36858396606772,-2.631416033932274,0.15705718074893724
7460,FlexibleCylinder_1,450,146.61246431232973,-3.3875356876702543,0.15705718074893724
7460,FlexibleCylinder_2,700,146.3917343251787,-3.6082656748212987,0.15705718074893724
7460,FlexibleCylinder_3,950,146.54987032892893,-3.4501296710710805,0.15705718074893724
7480,FlexibleCylinder_0,200,147.29563749911094,-2.7043625008890753,0.1592127903510249
7480,FlexibleCylinder_1,450,146.5074335705179,-3.492566429482109,0.1592127903510249
7480,FlexibleCylinder_2,700,146.29745798960744,-3.7025420103925506,0.1592127903510249
7480,FlexibleCylinder_3,950,146.47690426292664,-3.523095737073349,0.1592127903510249
7500,FlexibleCylinder_0,200,147.2257500463514,-2.774249953648602,0.1637094245853224
7500,FlexibleCylinder_1,450,146.40736861024925,-3.5926313897507467,0.1637094245853224
7500,FlexibleCylinder_2,700,146.2039651848233,-3.7960348151767045,0.1637094245853224
7500,FlexibleCylinder_3,950,146.40466983869726,-3.5953301613027313,0.1637094245853224
7520,FlexibleCylinder_0,200,147.15523295177195,-2.8447670482280385,0.16810860294981578
7520,FlexibleCylinder_1,450,146.30602078822812,-3.693979211771866,0.16810860294981578
7520,FlexibleCylinder_2,700,146.1103671244033,-3.8896328755967167,0.16810860294981578
7520,FlexibleCylinder_3,950,146.33516864776868,-3.6648313522313125,0.16810860294981578
7540,FlexibleCylinder_0,200,147.08241223288098,-2.917587767119021,0.171674209047205
7540,FlexibleCylinder_1,450,146.20157048235515,-3.7984295176448364,0.171674209047205
7540,FlexibleCylinder_2,700,146.016968219952,-3.983031780048,0.171674209047205
7540,FlexibleCylinder_3,950,146.26661163023448,-3.733388369765535,0.171674209047205
7560,FlexibleCylinder_0,200,147.01141015184302,-2.9885898481569724,0.17483297908166925
7560,FlexibleCylinder_1,450,146.0975177020662,-3.902482297933794,0.17483297908166925
7560,FlexibleCylinder_2,700,145.92856970380546,-4.071430296194545,0.17483297908166925
7560,FlexibleCylinder_3,950,146.19993731904185,-3.800062680958138,0.17483297908166925
7580,FlexibleCylinder_0,200,146.9397234369793,-3.0602765630207025,0.177405281913054
7580,FlexibleCylinder_1,450,145.99616038771504,-4.003839612284962,0.177405281913054
7580,FlexibleCylinder_2,700,145.84519643331834,-4.154803566681679,0.177405281913054
7580,FlexibleCylinder_3,950,146.13753599128873,-3.862464008711264,0.177405281913054
7600,FlexibleCylinder_0,200,146.86531321595692,-3.134686784043082,0.17990624551119772
7600,FlexibleCylinder_1,450,145.8994518206536,-4.100548179346382,0.17990624551119772
7600,FlexibleCylinder_2,700,145.76291231349498,-4.237087686505028,0.17990624551119772
7600,FlexibleCylinder_3,950,146.07808378925114,-3.921916210748859,0.17990624551119772
7620,FlexibleCylinder_0,200,146.79444735469679,-3.2055526453032175,0.1810599584915837
7620,FlexibleCylinder_1,450,145.80990347276492,-4.190096527235078,0.1810599584915837
7620,FlexibleCylinder_2,700,145.67930794938644,-4.320692050613545,0.1810599584915837
7620,FlexibleCylinder_3,950,146.018645327181,-3.9813546728189975,0.1810599584915837
7640,FlexibleCylinder_0,200,146.7301499290737,-3.2698500709263163,0.18238234442412019
7640,FlexibleCylinder_1,450,145.72781939973635,-4.272180600263641,0.18238234442412019
7640,FlexibleCylinder_2,700,145.59834599821423,-4.401654001785779,0.18238234442412019
7640,FlexibleCylinder_3,950,145.95692267781706,-4.043077322182927,0.18238234442412019
7660,FlexibleCylinder_0,200,146.671919072859,-3.3280809271409972,0.1839929951717092
7660,FlexibleCylinder_1,450,145.64463202548825,-4.355367974511741,0.1839929951717092
7660,FlexibleCylinder_2,700,145.52123820713553,-4.478761792864474,0.1839929951717092
7660,FlexibleCylinder_3,950,145.8986715725,-4.101328427499985,0.1839929951717092
7680,FlexibleCylinder_0,200,146.61557085243476,-3.3844291475652453,0.15873704121372015
7680,FlexibleCylinder_1,450,145.55403041238827,-4.445969587611722,0.15873704121372015
7680,FlexibleCylinder_2,700,145.44526865624826,-4.5547313437517385,0.15873704121372015
7680,FlexibleCylinder_3,950,145.84989944017016,-4.150100559829826,0.15873704121372015
7700,FlexibleCylinder_0,200,146.5575035490363,-3.4424964509636777,0.16041993460444717
7700,FlexibleCylinder_1,450,145.46020595111509,-4.539794048884927,0.16041993460444717
7700,FlexibleCylinder_2,700,145.36603731371926,-4.63396268628074,0.16041993460444717
7700,FlexibleCylinder_3,950,145.80687342704687,-4.193126572953139,0.16041993460444717
7720,FlexibleCylinder_0,200,146.49950417675396,-3.500495823246039,0.1622466027150159
7720,FlexibleCylinder_1,450,145.37063645647393,-4.629363543526057,0.1622466027150159
7720,FlexibleCylinder_2,700,145.2904151081478,-4.709584891852193,0.1622466027150159
7720,FlexibleCylinder_3,950,145.76329621428638,-4.2367037857136225,0.1622466027150159
7740,FlexibleCylinder_0,200,146.44287364494807,-3.557126355051927,0.1641102525449479
7740,FlexibleCylinder_1,450,145.2901411954801,-4.709858804519915,0.1641102525449479
7740,FlexibleCylinder_2,700,145.22621777831418,-4.773782221685822,0.1641102525449479
7740,FlexibleCylinder_3,950,145.71837966648172,-4.281620333518262,0.1641102525449479
7760,FlexibleCylinder_0,200,146.38580076706606,-3.614199232933952,0.16550181852161197
7760,FlexibleCylinder_1,450,145.21429491126273,-4.785705088737283,0.16550181852161197
7760,FlexibleCylinder_2,700,145.17134359451384,-4.828656405486155,0.16550181852161197
7760,FlexibleCylinder_3,950,145.676462183174,-4.323537816825985,0.16550181852161197
7780,FlexibleCylinder_0,200,146.32556940699575,-3.674430593004247,0.1668881326946266
7780,FlexibleCylinder_1,450,145.13934215853962,-4.860657841460368,0.1668881326946266
7780,FlexibleCylinder_2,700,145.11974020851744,-4.880259791482555,0.1668881326946266
7780,FlexibleCylinder_3,950,145.63712299447394,-4.362877005526072,0.1668881326946266
7800,FlexibleCylinder_0,200,146.26567820977596,-3.734321790224045,0.16632754471891442
7800,FlexibleCylinder_1,450,145.07070982943281,-4.929290170567177,0.16632754471891442
7800,FlexibleCylinder_2,700,145.07019476983754,-4.929805230162468,0.16632754471891442
7800,FlexibleCylinder_3,950,145.60008759467715,-4.399912405322862,0.16632754471891442
7820,FlexibleCylinder_0,200,146.212760485981,-3.7872395140190003,0.16756029803375702
7820,FlexibleCylinder_1,450,145.0093512166541,-4.990648783345916,0.16756029803375702
7820,FlexibleCylinder_2,700,145.01981765573353,-4.980182344266457,0.16756029803375702
7820,FlexibleCylinder_3,950,145.56581126325855,-4.434188736741451,0.16756029803375702
7840,FlexibleCylinder_0,200,146.16965634929102,-3.830343650708996,0.16852811500717585
7840,FlexibleCylinder_1,450,144.94903437836032,-5.050965621639687,0.16852811500717585
7840,FlexibleCylinder_2,700,144.9655264752427,-5.034473524757276,0.16852811500717585
7840,FlexibleCylinder_3,950,145.53550098250506,-4.464499017494952,0.16852811500717585
7860,FlexibleCylinder_0,200,146.13522215593997,-3.864777844060033,0.17004425065550025
7860,FlexibleCylinder_1,450,144.8910141245105,-5.1089858754894975,0.17004425065550025
7860,FlexibleCylinder_2,700,144.9102700858208,-5.089729914179215,0.17004425065550025
7860,FlexibleCylinder_3,950,145.5075963581019,-4.4924036418981075,0.17004425065550025
7880,FlexibleCylinder_0,200,146.10138061079095,-3.8986193892090313,0.1706755301869446
7880,FlexibleCylinder_1,450,144.83510270086973,-5.164897299130275,0.1706755301869446
7880,FlexibleCylinder_2,700,144.8600498406439,-5.139950159356079,0.1706755301869446
7880,FlexibleCylinder_3,950,145.4853305452279,-4.514669454772103,0.1706755301869446
7900,FlexibleCylinder_0,200,146.05851630356398,-3.9414836964360114,0.1712018557569936
7900,FlexibleCylinder_1,450,144.7775961459671,-5.222403854032899,0.1712018557569936
7900,FlexibleCylinder_2,700,144.8153300122881,-5.18466998771192,0.1712018557569936
7900,FlexibleCylinder_3,950,145.47164857083766,-4.528351429162336,0.1712018557569936
7920,FlexibleCylinder_0,200,146.01110041810114,-3.9888995818988557,0.17144296666310832
7920,FlexibleCylinder_1,450,144.7193253866423,-5.2806746133577,0.17144296666310832
7920,FlexibleCylinder_2,700,144.7764702840055,-5.2235297159944984,0.17144296666310832
7920,FlexibleCylinder_3,950,145.4610671517171,-4.538932848282922,0.17144296666310832
7940,FlexibleCylinder_0,200,145.9682066599195,-4.031793340080509,0.171477514933053
7940,FlexibleCylinder_1,450,144.66425602476656,-5.335743975233449,0.171477514933053
7940,FlexibleCylinder_2,700,144.74620729343965,-5.253792706560351,0.171477514933053
7940,FlexibleCylinder_3,950,145.44980676176405,-4.550193238235938,0.171477514933053
7960,FlexibleCylinder_0,200,145.9311417134727,-4.068858286527299,0.17143560934486976
7960,FlexibleCylinder_1,450,144.6164293277028,-5.3835706722972,0.17143560934486976
7960,FlexibleCylinder_2,700,144.72425125706266,-5.275748742937328,0.17143560934486976
7960,FlexibleCylinder_3,950,145.43673528577182,-4.5632647142281915,0.17143560934486976
7980,FlexibleCylinder_0,200,145.8978428678696,-4.102157132130388,0.17146249187823742
7980,FlexibleCylinder_1,450,144.57775103653233,-5.422248963467675,0.17146249187823742
7980,FlexibleCylinder_2,700,144.7072328865155,-5.292767113484497,0.17146249187823742
7980,FlexibleCylinder_3,950,145.42433856013577,-4.575661439864247,0.17146249187823742
8000,FlexibleCylinder_0,200,145.86894654029834,-4.1310534597016755,0.17156843429856133
8000,FlexibleCylinder_1,450,144.54549912945905,-5.454500870540944,0.17156843429856133
8000,FlexibleCylinder_2,700,144.69220118528017,-5.307798814719842,0.17156843429856133
8000,FlexibleCylinder_3,950,145.41809852394638,-4.581901476053614,0.17156843429856133
8020,FlexibleCylinder_0,200,145.8475081964406,-4.152491803559405,0.1715642061830361
8020,FlexibleCylinder_1,450,144.51872596687704,-5.481274033122954,0.1715642061830361
8020,FlexibleCylinder_2,700,144.67985458717612,-5.320145412823868,0.1715642061830361
8020,FlexibleCylinder_3,950,145.42163661299338,-4.578363387006632,0.1715642061830361
8040,FlexibleCylinder_0,200,145.83364145319354,-4.166358546806455,0.17173139819950828
8040,FlexibleCylinder_1,450,144.50296308186435,-5.497036918135662,0.17173139819950828
8040,FlexibleCylinder_2,700,144.66940838181296,-5.330591618187051,0.17173139819950828
8040,FlexibleCylinder_3,950,145.43279590500825,-4.567204094991751,0.17173139819950828
8060,FlexibleCylinder_0,200,145.82303266080956,-4.176967339190432,0.1720350715843069
8060,FlexibleCylinder_1,450,144.49192337870662,-5.508076621293382,0.1720350715843069
8060,FlexibleCylinder_2,700,144.6597144950985,-5.34028550490149,0.1720350715843069
8060,FlexibleCylinder_3,950,145.44459320495395,-4.555406795046042,0.1720350715843069
8080,FlexibleCylinder_0,200,145.80926260614987,-4.190737393850126,0.172518876831815
8080,FlexibleCylinder_1,450,144.47750105134622,-5.522498948653776,0.172518876831815
8080,FlexibleCylinder_2,700,144.65637724806535,-5.343622751934655,0.172518876831815
8080,FlexibleCylinder_3,950,145.45409178276856,-4.545908217231443,0.172518876831815
8100,FlexibleCylinder_0,200,145.7935987391738,-4.206401260826199,0.1726444488710385
8100,FlexibleCylinder_1,450,144.4618700909757,-5.538129909024278,0.1726444488710385
8100,FlexibleCylinder_2,700,144.66123307583393,-5.338766924166068,0.1726444488710385
8100,FlexibleCylinder_3,950,145.46724187008172,-4.532758129918268,0.1726444488710385
8120,FlexibleCylinder_0,200,145.78081106347136,-4.219188936528638,0.17243003667334966
8120,FlexibleCylinder_1,450,144.44909714277767,-5.550902857222323,0.17243003667334966
8120,FlexibleCylinder_2,700,144.66901680475758,-5.330983195242431,0.17243003667334966
8120,FlexibleCylinder_3,950,145.4880571345804,-4.511942865419607,0.17243003667334966
8140,FlexibleCylinder_0,200,145.77205819359247,-4.227941806407523,0.17225331642605077
8140,FlexibleCylinder_1,450,144.44238686032676,-5.557613139673229,0.17225331642605077
8140,FlexibleCylinder_2,700,144.673804115027,-5.326195884973014,0.17225331642605077
8140,FlexibleCylinder_3,950,145.5151001554722,-4.484899844527811,0.17225331642605077
8160,FlexibleCylinder_0,200,145.76721392149992,-4.2327860785000935,0.1725769419709927
8160,FlexibleCylinder_1,450,144.44530963050823,-5.554690369491766,0.1725769419709927
8160,FlexibleCylinder_2,700,144.68157130448222,-5.318428695517771,0.1725769419709927
8160,FlexibleCylinder_3,950,145.54583454153524,-4.454165458464758,0.1725769419709927
8180,FlexibleCylinder_0,200,145.76671264109993,-4.233287358900083,0.17272736281835008
8180,FlexibleCylinder_1,450,144.4558068070543,-5.544193192945711,0.17272736281835008
8180,FlexibleCylinder_2,700,144.70122770901273,-5.298772290987281,0.17272736281835008
8180,FlexibleCylinder_3,950,145.5800024358101,-4.41999756418991,0.17272736281835008
8200,FlexibleCylinder_0,200,145.7706160456575,-4.2293839543424845,0.17229830795736173
8200,FlexibleCylinder_1,450,144.46751704825317,-5.532482951746824,0.17229830795736173
8200,FlexibleCylinder_2,700,144.73208719852283,-5.267912801477163,0.17229830795736173
8200,FlexibleCylinder_3,950,145.61937806041945,-4.380621939580548,0.17229830795736173
8220,FlexibleCylinder_0,200,145.7786691261291,-4.22133087387089,0.17144646257501722
8220,FlexibleCylinder_1,450,144.48110825714667,-5.518891742853332,0.17144646257501722
8220,FlexibleCylinder_2,700,144.76823594097348,-5.231764059026518,0.17144646257501722
8220,FlexibleCylinder_3,950,145.6623426912268,-4.337657308773189,0.17144646257501722
8240,FlexibleCylinder_0,200,145.7917186623575,-4.208281337642477,0.17055565811402407
8240,FlexibleCylinder_1,450,144.50011921441833,-5.499880785581664,0.17055565811402407
8240,FlexibleCylinder_2,700,144.80881020587032,-5.191189794129675,0.17055565811402407
8240,FlexibleCylinder_3,950,145.70972388352163,-4.290276116478361,0.17055565811402407
8260,FlexibleCylinder_0,200,145.8080014447959,-4.191998555204103,0.16939152301886926
8260,FlexibleCylinder_1,450,144.52680777479657,-5.473192225203445,0.16939152301886926
8260,FlexibleCylinder_2,700,144.85797844511333,-5.142021554886659,0.16939152301886926
8260,FlexibleCylinder_3,950,145.7591288247313,-4.24087117526869,0.16939152301886926
8280,FlexibleCylinder_0,200,145.82842881370766,-4.171571186292345,0.167652603980317
8280,FlexibleCylinder_1,450,144.5646777296199,-5.4353222703801185,0.167652603980317
8280,FlexibleCylinder_2,700,144.91132539261474,-5.088674607385251,0.167652603980317
8280,FlexibleCylinder_3,950,145.8108357842448,-4.189164215755198,0.167652603980317
8300,FlexibleCylinder_0,200,145.8535187830425,-4.146481216957504,0.16595592656001304
8300,FlexibleCylinder_1,450,144.61239505204955,-5.3876049479504475,0.16595592656001304
8300,FlexibleCylinder_2,700,144.9619464877582,-5.038053512241788,0.16595592656001304
8300,FlexibleCylinder_3,950,145.86536980075658,-4.134630199243414,0.16595592656001304
8320,FlexibleCylinder_0,200,145.88195193754524,-4.118048062454754,0.1645172521734565
8320,FlexibleCylinder_1,450,144.66453963741472,-5.335460362585277,0.1645172521734565
8320,FlexibleCylinder_2,700,145.01169664873427,-4.988303351265732,0.1645172521734565
8320,FlexibleCylinder_3,950,145.92526599893262,-4.07473400106739,0.1645172521734565
8340,FlexibleCylinder_0,200,145.90984581779685,-4.090154182203141,0.16315177743675247
8340,FlexibleCylinder_1,450,144.7164250098372,-5.283574990162803,0.16315177743675247
8340,FlexibleCylinder_2,700,145.06663444236148,-4.933365557638513,0.16315177743675247
8340,FlexibleCylinder_3,950,145.99475405886625,-4.005245941133739,0.16315177743675247
8360,FlexibleCylinder_0,200,145.9391827261375,-4.0608172738625194,0.16139136286657924
8360,FlexibleCylinder_1,450,144.76571177671232,-5.234288223287665,0.16139136286657924
8360,FlexibleCylinder_2,700,145.13039040256479,-4.869609597435214,0.16139136286657924
8360,FlexibleCylinder_3,950,146.07290123756903,-3.927098762430981,0.16139136286657924
8380,FlexibleCylinder_0,200,145.97609415089383,-4.023905849106167,0.15911743086981578
8380,FlexibleCylinder_1,450,144.81778617729273,-5.1822138227072605,0.15911743086981578
8380,FlexibleCylinder_2,700,145.20028993548544,-4.799710064514545,0.15911743086981578
8380,FlexibleCylinder_3,950,146.15552985805107,-3.8444701419489444,0.15911743086981578
8400,FlexibleCylinder_0,200,146.0158780274409,-3.9841219725591155,0.15666072594184982
8400,FlexibleCylinder_1,450,144.8793571989345,-5.120642801065473,0.15666072594184982
8400,FlexibleCylinder_2,700,145.27557602879284,-4.724423971207165,0.15666072594184982
8400,FlexibleCylinder_3,950,146.23894237470105,-3.761057625298938,0.15666072594184982
8420,FlexibleCylinder_0,200,146.05526150889793,-3.944738491102075,0.15388739338928134
8420,FlexibleCylinder_1,450,144.94686025665553,-5.053139743344468,0.15388739338928134
8420,FlexibleCylinder_2,700,145.3587495652693,-4.641250434730689,0.15388739338928134
8420,FlexibleCylinder_3,950,146.325236413872,-3.6747635861279986,0.15388739338928134
8440,FlexibleCylinder_0,200,146.0976060123867,-3.902393987613283,0.15059108849127298
8440,FlexibleCylinder_1,450,145.01900308126142,-4.980996918738591,0.15059108849127298
8440,FlexibleCylinder_2,700,145.4486572215876,-4.551342778412377,0.15059108849127298
8440,FlexibleCylinder_3,950,146.41334021805588,-3.5866597819441237,0.15059108849127298
8460,FlexibleCylinder_0,200,146.14975093221324,-3.8502490677867725,0.14667328372361116
8460,FlexibleCylinder_1,450,145.1008257396437,-4.899174260356279,0.14667328372361116
8460,FlexibleCylinder_2,700,145.54420362509003,-4.455796374909953,0.14667328372361116
8460,FlexibleCylinder_3,950,146.504533962866,-3.4954660371340203,0.14667328372361116
8480,FlexibleCylinder_0,200,146.21043612525466,-3.789563874745353,0.14324758395439613
8480,FlexibleCylinder_1,450,145.19400124041096,-4.80599875958905,0.14324758395439613
8480,FlexibleCylinder_2,700,145.6453701806984,-4.354629819301597,0.14324758395439613
8480,FlexibleCylinder_3,950,146.60170580277128,-3.3982941972287217,0.14324758395439613
8500,FlexibleCylinder_0,200,146.27216567706145,-3.7278343229385347,0.13831383651264328
8500,FlexibleCylinder_1,450,145.29198006077107,-4.708019939228922,0.13831383651264328
8500,FlexibleCylinder_2,700,145.74758659316464,-4.252413406835347,0.13831383651264328
8500,FlexibleCylinder_3,950,146.70509963567386,-3.2949003643261277,0.13831383651264328
8520,FlexibleCylinder_0,200,146.3322085067383,-3.66779149326168,0.13440351173701123
8520,FlexibleCylinder_1,450,145.39241983999844,-4.607580160001572,0.13440351173701123
8520,FlexibleCylinder_2,700,145.84969654295452,-4.150303457045482,0.13440351173701123
8520,FlexibleCylinder_3,950,146.8126075811811,-3.187392418818901,0.13440351173701123
8540,FlexibleCylinder_0,200,146.39585658189392,-3.6041434181060845,0.1336694879110969
8540,FlexibleCylinder_1,450,145.4953300799875,-4.504669920012497,0.1336694879110969
8540,FlexibleCylinder_2,700,145.9574174369419,-4.0425825630580885,0.1336694879110969
8540,FlexibleCylinder_3,950,146.9244248704854,-3.075575129514603,0.1336694879110969
8560,FlexibleCylinder_0,200,146.46507381292483,-3.534926187075177,0.1327460670655564
8560,FlexibleCylinder_1,450,145.60170824616748,-4.3982917538325115,0.1327460670655564
8560,FlexibleCylinder_2,700,146.07273156170595,-3.9272684382940404,0.1327460670655564
8560,FlexibleCylinder_3,950,147.04148777263393,-2.9585122273660676,0.1327460670655564
8580,FlexibleCylinder_0,200,146.53873098491468,-3.461269015085312,0.13161645376335943
8580,FlexibleCylinder_1,450,145.71278579747775,-4.287214202522244,0.13161645376335943
8580,FlexibleCylinder_2,700,146.19686098896895,-3.8031390110310594,0.13161645376335943
8580,FlexibleCylinder_3,950,147.1643165269881,-2.8356834730118843,0.13161645376335943
8600,FlexibleCylinder_0,200,146.61749532003452,-3.3825046799654688,0.13018204417292284
8600,FlexibleCylinder_1,450,145.82992848257328,-4.170071517426706,0.13018204417292284
8600,FlexibleCylinder_2,700,146.32880494886595,-3.6711950511340397,0.13018204417292284
8600,FlexibleCylinder_3,950,147.29143276637424,-2.7085672336257556,0.13018204417292284
8620,FlexibleCylinder_0,200,146.69801497079348,-3.301985029206525,0.12844272236048332
8620,FlexibleCylinder_1,450,145.9540333355087,-4.04596666449128,0.12844272236048332
8620,FlexibleCylinder_2,700,146.4639040057513,-3.5360959942487096,0.12844272236048332
8620,FlexibleCylinder_3,950,147.42263565151018,-2.577364348489819,0.12844272236048332
8640,FlexibleCylinder_0,200,146.77897967708375,-3.221020322916242,0.12621122145052183
8640,FlexibleCylinder_1,450,146.0854819253891,-3.9145180746108825,0.12621122145052183
8640,FlexibleCylinder_2,700,146.59967596953732,-3.400324030462695,0.12621122145052183
8640,FlexibleCylinder_3,950,147.55637970914523,-2.443620290854765,0.12621122145052183
8660,FlexibleCylinder_0,200,146.86483227983118,-3.1351677201688193,0.12340913727723718
8660,FlexibleCylinder_1,450,146.22311107549254,-3.7768889245074693,0.12340913727723718
8660,FlexibleCylinder_2,700,146.73974228334097,-3.2602577166590376,0.12340913727723718
8660,FlexibleCylinder_3,950,147.69377843414387,-2.3062215658561356,0.12340913727723718
8680,FlexibleCylinder_0,200,146.95904572127327,-3.040954278726742,0.12012627216053497
8680,FlexibleCylinder_1,450,146.36557545845687,-3.6344245415431278,0.12012627216053497
8680,FlexibleCylinder_2,700,146.88837571943043,-3.1116242805695666,0.12012627216053497
8680,FlexibleCylinder_3,950,147.8360172537274,-2.163982746272619,0.12012627216053497
8700,FlexibleCylinder_0,200,147.05902280730425,-2.940977192695764,0.11626419566338363
8700,FlexibleCylinder_1,450,146.51243347922187,-3.4875665207781283,0.11626419566338363
8700,FlexibleCylinder_2,700,147.04534376981553,-2.954656230184466,0.11626419566338363
8700,FlexibleCylinder_3,950,147.9853893838425,-2.0146106161575252,0.11626419566338363
8720,FlexibleCylinder_0,200,147.16115454405877,-2.8388454559412173,0.11193623850743357
8720,FlexibleCylinder_1,450,146.66226586580288,-3.337734134197126,0.11193623850743357
8720,FlexibleCylinder_2,700,147.20299054995075,-2.7970094500492357,0.11193623850743357
8720,FlexibleCylinder_3,950,148.1386075220883,-1.861392477911697,0.11193623850743357
8740,FlexibleCylinder_0,200,147.26361633041049,-2.7363836695895025,0.10918881617618488
8740,FlexibleCylinder_1,450,146.8163160639104,-3.183683936089618,0.10918881617618488
8740,FlexibleCylinder_2,700,147.36126726887477,-2.638732731125224,0.10918881617618488
8740,FlexibleCylinder_3,950,148.29184451354098,-1.7081554864590125,0.10918881617618488
8760,FlexibleCylinder_0,200,147.37115880024575,-2.6288411997542522,0.10863901173959273
8760,FlexibleCylinder_1,450,146.97611594953824,-3.023884050461748,0.10863901173959273
8760,FlexibleCylinder_2,700,147.52574600978062,-2.4742539902193923,0.10863901173959273
8760,FlexibleCylinder_3,950,148.44608760019102,-1.5539123998089763,0.10863901173959273
8780,FlexibleCylinder_0,200,147.48488716825636,-2.51511283174364,0.10782187844060713
8780,FlexibleCylinder_1,450,147.1418699642772,-2.8581300357228074,0.10782187844060713
8780,FlexibleCylinder_2,700,147.6980432337061,-2.3019567662938902,0.10782187844060713
8780,FlexibleCylinder_3,950,148.60696428859973,-1.3930357114002816,0.10782187844060713
8800,FlexibleCylinder_0,200,147.59930562579524,-2.4006943742047477,0.10669437273971344
8800,FlexibleCylinder_1,450,147.31381981485094,-2.6861801851490585,0.10669437273971344
8800,FlexibleCylinder_2,700,147.8760102023119,-2.123989797688099,0.10669437273971344
8800,FlexibleCylinder_3,950,148.77550630880643,-1.2244936911935682,0.10669437273971344
8820,FlexibleCylinder_0,200,147.71367843837206,-2.286321561627932,0.10517140929651272
8820,FlexibleCylinder_1,450,147.49207817698834,-2.5079218230116513,0.10517140929651272
8820,FlexibleCylinder_2,700,148.0582146438631,-1.9417853561368992,0.10517140929651272
8820,FlexibleCylinder_3,950,148.9499675232108,-1.0500324767891986,0.10517140929651272
8840,FlexibleCylinder_0,200,147.83268645526545,-2.1673135447345437,0.10309061497554754
8840,FlexibleCylinder_1,450,147.67357096572863,-2.3264290342713707,0.10309061497554754
8840,FlexibleCylinder_2,700,148.24406847268412,-1.755931527315891,0.10309061497554754
8840,FlexibleCylinder_3,950,149.12831974601468,-0.8716802539853052,0.10309061497554754
8860,FlexibleCylinder_0,200,147.95912680964707,-2.0408731903529325,0.10725052659263579
8860,FlexibleCylinder_1,450,147.85635538951942,-2.1436446104805706,0.10725052659263579
8860,FlexibleCylinder_2,700,148.43023001881178,-1.5697699811882222,0.10725052659263579
8860,FlexibleCylinder_3,950,149.30928925905266,-0.6907107409473426,0.10725052659263579
8880,FlexibleCylinder_0,200,148.0915663935105,-1.9084336064895002,0.11152379998625205
8880,FlexibleCylinder_1,450,148.04437490703194,-1.955625092968075,0.11152379998625205
8880,FlexibleCylinder_2,700,148.6202364207256,-1.3797635792743885,0.11152379998625205
8880,FlexibleCylinder_3,950,149.49265685435645,-0.507343145643557,0.11152379998625205
8900,FlexibleCylinder_0,200,148.22738835392138,-1.7726116460786103,0.11850852316198651
8900,FlexibleCylinder_1,450,148.23894445287593,-1.7610555471240765,0.11850852316198651
8900,FlexibleCylinder_2,700,148.81911126069895,-1.1808887393010625,0.11850852316198651
8900,FlexibleCylinder_3,950,149.67682605594277,-0.3231739440572432,0.11850852316198651
8920,FlexibleCylinder_0,200,148.36290556325432,-1.637094436745692,0.12463271738058859
8920,FlexibleCylinder_1,450,148.44018031550078,-1.5598196844992038,0.12463271738058859
8920,FlexibleCylinder_2,700,149.02482481057405,-0.975175189425941,0.12463271738058859
8920,FlexibleCylinder_3,950,149.86337121446815,-0.13662878553184654,0.12463271738058859
8940,FlexibleCylinder_0,200,148.49868078702167,-1.501319212978321,0.12987916318771434
8940,FlexibleCylinder_1,450,148.6437974568342,-1.3562025431657962,0.12987916318771434
8940,FlexibleCylinder_2,700,149.23141212811404,-0.7685878718859513,0.12987916318771434
8940,FlexibleCylinder_3,950,150.05452605691514,0.0545260569151254,0.12987916318771434
8960,FlexibleCylinder_0,200,148.63870058574477,-1.3612994142552173,0.13411434353006055
8960,FlexibleCylinder_1,450,148.84725353733538,-1.152746462664622,0.13411434353006055
8960,FlexibleCylinder_2,700,149.43580455183633,-0.5641954481636641,0.13411434353006055
8960,FlexibleCylinder_3,950,150.248580015965,0.24858001596500195,0.13411434353006055
8980,FlexibleCylinder_0,200,148.78599078530192,-1.2140092146980912,0.13735146804704337
8980,FlexibleCylinder_1,450,149.0577345832448,-0.942265416755194,0.13735146804704337
8980,FlexibleCylinder_2,700,149.64421937980686,-0.3557806201931543,0.13735146804704337
8980,FlexibleCylinder_3,950,150.44707594211,0.44707594210999735,0.13735146804704337
9000,FlexibleCylinder_0,200,148.93731665075657,-1.0626833492434378,0.13942835665925207
9000,FlexibleCylinder_1,450,149.27486884360692,-0.7251311563930826,0.13942835665925207
9000,FlexibleCylinder_2,700,149.85946456696945,-0.14053543303055988,0.13942835665925207
9000,FlexibleCylinder_3,950,150.64907719179328,0.6490771917932787,0.13942835665925207
9020,FlexibleCylinder_0,200,149.08977018903263,-0.9102298109673714,0.1485005774227781
9020,FlexibleCylinder_1,450,149.49408611295428,-0.5059138870457127,0.1485005774227781
9020,FlexibleCylinder_2,700,150.08059553026368,0.08059553026367382,0.1485005774227781
9020,FlexibleCylinder_3,950,150.85278151710506,0.8527815171050591,0.1485005774227781
9040,FlexibleCylinder_0,200,149.2450005272372,-0.7549994727627991,0.1581172033901239
9040,FlexibleCylinder_1,450,149.71470119768446,-0.28529880231553767,0.1581172033901239
9040,FlexibleCylinder_2,700,150.30465725080163,0.30465725080162404,0.1581172033901239
9040,FlexibleCylinder_3,950,151.0590232258386,1.059023225838578,0.1581172033901239
9060,FlexibleCylinder_0,200,149.40317549620815,-0.5968245037918648,0.16652132121191404
9060,FlexibleCylinder_1,450,149.93978881832442,-0.060211181675591495,0.16652132121191404
9060,FlexibleCylinder_2,700,150.53185065993114,0.5318506599311292,0.16652132121191404
9060,FlexibleCylinder_3,950,151.26702174359013,1.2670217435901387,0.16652132121191404
9080,FlexibleCylinder_0,200,149.56212353511074,-0.4378764648892704,0.17398758682129847
9080,FlexibleCylinder_1,450,150.17191080275452,0.1719108027545233,0.17398758682129847
9080,FlexibleCylinder_2,700,150.7612613528463,0.7612613528462939,0.17398758682129847
9080,FlexibleCylinder_3,950,151.47759570188626,1.4775957018862609,0.17398758682129847
9100,FlexibleCylinder_0,200,149.72463801800959,-0.2753619819904045,0.1836784783514025
9100,FlexibleCylinder_1,450,150.40773223149662,0.4077322314966316,0.1836784783514025
9100,FlexibleCylinder_2,700,150.9915367786586,0.9915367786585859,0.1836784783514025
9100,FlexibleCylinder_3,950,151.69162280143357,1.691622801433561,0.1836784783514025
9120,FlexibleCylinder_0,200,149.89172011566913,-0.1082798843308571,0.1901530392147095
9120,FlexibleCylinder_1,450,150.64411390580295,0.6441139058029447,0.1901530392147095
9120,FlexibleCylinder_2,700,151.22477847600942,1.224778476009408,0.1901530392147095
9120,FlexibleCylinder_3,950,151.9089068122208,1.9089068122208197,0.1901530392147095
9140,FlexibleCylinder_0,200,150.06006361884405,0.060063618844060584,0.19540651872856638
9140,FlexibleCylinder_1,450,150.8805131879412,0.8805131879412124,0.19540651872856638
9140,FlexibleCylinder_2,700,151.4601275498868,1.4601275498868096,0.19540651872856638
9140,FlexibleCylinder_3,950,152.12766786113792,2.1276678611379105,0.19540651872856638
9160,FlexibleCylinder_0,200,150.22850736172072,0.22850736172072056,0.19939702244968924
9160,FlexibleCylinder_1,450,151.11949824199178,1.1194982419917734,0.19939702244968924
9160,FlexibleCylinder_2,700,151.70048735533385,1.7004873553338393,0.19939702244968924
9160,FlexibleCylinder_3,950,152.34614675833873,2.346146758338722,0.19939702244968924
9180,FlexibleCylinder_0,200,150.40177310158478,0.40177310158478247,0.19311702966577238
9180,FlexibleCylinder_1,450,151.361556154641,1.3615561546409936,0.19311702966577238
9180,FlexibleCylinder_2,700,151.94163869884298,1.9416386988429877,0.19311702966577238
9180,FlexibleCylinder_3,950,152.56469809780464,2.5646980978046483,0.19311702966577238
9200,FlexibleCylinder_0,200,150.5798359151178,0.5798359151177992,0.19823595221291956
9200,FlexibleCylinder_1,450,151.60804258172558,1.608042581725596,0.19823595221291956
9200,FlexibleCylinder_2,700,152.18228790474876,2.18228790474875,0.19823595221291956
9200,FlexibleCylinder_3,950,152.78568489564023,2.785684895640234,0.19823595221291956
9220,FlexibleCylinder_0,200,150.7575412399283,0.7575412399282845,0.16735195728429925
9220,FlexibleCylinder_1,450,151.85816924077812,1.8581692407781332,0.16735195728429925
9220,FlexibleCylinder_2,700,152.42406716950094,2.4240671695009484,0.16735195728429925
9220,FlexibleCylinder_3,950,153.00857882890716,3.0085788289071496,0.16735195728429925
9240,FlexibleCylinder_0,200,150.93383777834202,0.9338377783420231,0.1699245853486431
9240,FlexibleCylinder_1,450,152.1094391409931,2.1094391409930897,0.1699245853486431
9240,FlexibleCylinder_2,700,152.66964278754787,2.669642787547872,0.1699245853486431
9240,FlexibleCylinder_3,950,153.23429348350265,3.23429348350266,0.1699245853486431
9260,FlexibleCylinder_0,200,151.11203194954413,1.1120319495441366,0.1648093717507404
9260,FlexibleCylinder_1,450,152.36114695224796,2.361146952247951,0.1648093717507404
9260,FlexibleCylinder_2,700,152.92008900887228,2.9200890088722873,0.1648093717507404
9260,FlexibleCylinder_3,950,153.4605137899702,3.4605137899702147,0.1648093717507404
9280,FlexibleCylinder_0,200,151.29430683657935,1.294306836579356,0.16954286664733834
9280,FlexibleCylinder_1,450,152.61285554586132,2.612855545861327,0.16954286664733834
9280,FlexibleCylinder_2,700,153.17478520792804,3.1747852079280388,0.16954286664733834
9280,FlexibleCylinder_3,950,153.68511449196092,3.685114491960908,0.16954286664733834
9300,FlexibleCylinder_0,200,151.47967613736452,1.4796761373645073,0.14972392277672225
9300,FlexibleCylinder_1,450,152.86501040520048,2.8650104052004695,0.14972392277672225
9300,FlexibleCylinder_2,700,153.4272021747033,3.427202174703297,0.14972392277672225
9300,FlexibleCylinder_3,950,153.9047732296268,3.904773229626823,0.14972392277672225
9320,FlexibleCylinder_0,200,151.66455192627578,1.664551926275781,0.15543855046823749
9320,FlexibleCylinder_1,450,153.11674661731652,3.116746617316526,0.15543855046823749
9320,FlexibleCylinder_2,700,153.67436451414707,3.674364514147069,0.15543855046823749
9320,FlexibleCylinder_3,950,154.12337201686367,4.123372016863668,0.15543855046823749
9340,FlexibleCylinder_0,200,151.84884692992034,1.8488469299203547,0.15862481020754382
9340,FlexibleCylinder_1,450,153.369547130678,3.369547130677987,0.15862481020754382
9340,FlexibleCylinder_2,700,153.91873749943335,3.918737499433349,0.15862481020754382
9340,FlexibleCylinder_3,950,154.3443496963877,4.344349696387707,0.15862481020754382
9360,FlexibleCylinder_0,200,152.03574921538416,2.035749215384146,0.15352423939451385
9360,FlexibleCylinder_1,450,153.6261340245863,3.6261340245862828,0.15352423939451385
9360,FlexibleCylinder_2,700,154.16294212306323,4.162942123063218,0.15352423939451385
9360,FlexibleCylinder_3,950,154.56633508951137,4.566335089511365,0.15352423939451385
9380,FlexibleCylinder_0,200,152.22395349164677,2.223953491646774,0.15883175335109562
9380,FlexibleCylinder_1,450,153.8860442165512,3.886044216551212,0.15883175335109562
9380,FlexibleCylinder_2,700,154.40818333881518,4.408183338815189,0.15883175335109562
9380,FlexibleCylinder_3,950,154.78928827904608,4.789288279046071,0.15883175335109562
9400,FlexibleCylinder_0,200,152.41087269808497,2.4108726980849813,0.16400437965156303
9400,FlexibleCylinder_1,450,154.14358964633234,4.143589646332354,0.16400437965156303
9400,FlexibleCylinder_2,700,154.65522742322,4.655227423220003,0.16400437965156303
9400,FlexibleCylinder_3,950,155.0129811586243,5.012981158624305,0.16400437965156303
9420,FlexibleCylinder_0,200,152.59992900899047,2.599929008990485,0.17425821327908148
9420,FlexibleCylinder_1,450,154.4004621478382,4.400462147838191,0.17425821327908148
9420,FlexibleCylinder_2,700,154.90493592160564,4.904935921605652,0.17425821327908148
9420,FlexibleCylinder_3,950,155.23840284785922,5.238402847859229,0.17425821327908148
9440,FlexibleCylinder_0,200,152.79345120508353,2.7934512050835356,0.17814436267449632
9440,FlexibleCylinder_1,450,154.65891960620647,4.658919606206469,0.17814436267449632
9440,FlexibleCylinder_2,700,155.15817494725727,5.158174947257278,0.17814436267449632
9440,FlexibleCylinder_3,950,155.4655547720867,5.465554772086718,0.17814436267449632
9460,FlexibleCylinder_0,200,152.98849475267096,2.988494752670968,0.18280425691106125
9460,FlexibleCylinder_1,450,154.91637152640448,4.916371526404462,0.18280425691106125
9460,FlexibleCylinder_2,700,155.4102127958777,5.410212795877686,0.18280425691106125
9460,FlexibleCylinder_3,950,155.68887779247666,5.688877792476665,0.18280425691106125
9480,FlexibleCylinder_0,200,153.18016282345738,3.1801628234573873,0.1865136664062319
9480,FlexibleCylinder_1,450,155.17038970546295,5.170389705462955,0.1865136664062319
9480,FlexibleCylinder_2,700,155.65684265113987,5.656842651139864,0.1865136664062319
9480,FlexibleCylinder_3,950,155.9044735409404,5.904473540940373,0.1865136664062319
9500,FlexibleCylinder_0,200,153.3674806023525,3.367480602352477,0.18979862891774665
9500,FlexibleCylinder_1,450,155.41938808964917,5.419388089649168,0.18979862891774665
9500,FlexibleCylinder_2,700,155.89712074000948,5.897120740009472,0.18979862891774665
9500,FlexibleCylinder_3,950,156.11587768497643,6.115877684976437,0.18979862891774665
9520,FlexibleCylinder_0,200,153.55412960208312,3.554129602083113,0.18122562285630356
9520,FlexibleCylinder_1,450,155.66666813226365,5.666668132263647,0.18122562285630356
9520,FlexibleCylinder_2,700,156.13408894178235,6.134088941782351,0.18122562285630356
9520,FlexibleCylinder_3,950,156.3221749960529,6.3221749960528895,0.18122562285630356
9540,FlexibleCylinder_0,200,153.74101195360285,3.7410119536028366,0.16859034776173537
9540,FlexibleCylinder_1,450,155.91378631933748,5.913786319337463,0.16859034776173537
9540,FlexibleCylinder_2,700,156.37088165153452,6.3708816515345275,0.16859034776173537
9540,FlexibleCylinder_3,950,156.52519820623635,6.525198206236344,0.16859034776173537
9560,FlexibleCylinder_0,200,153.92602149857635,3.926021498576336,0.16168422905173896
9560,FlexibleCylinder_1,450,156.15711380035538,6.157113800355389,0.16168422905173896
9560,FlexibleCylinder_2,700,156.60840029753734,6.6084002975373375,0.16168422905173896
9560,FlexibleCylinder_3,950,156.72893012276796,6.728930122767976,0.16168422905173896
9580,FlexibleCylinder_0,200,154.10856218369366,4.108562183693677,0.15644719724225456
9580,FlexibleCylinder_1,450,156.3959193070738,6.3959193070737905,0.15644719724225456
9580,FlexibleCylinder_2,700,156.84295051956983,6.842950519569821,0.15644719724225456
9580,FlexibleCylinder_3,950,156.9326980435228,6.9326980435228,0.15644719724225456
9600,FlexibleCylinder_0,200,154.29147530871188,4.291475308711881,0.14117480598170026
9600,FlexibleCylinder_1,450,156.63643153903956,6.636431539039558,0.14117480598170026
9600,FlexibleCylinder_2,700,157.07072204298285,7.070722042982849,0.14117480598170026
9600,FlexibleCylinder_3,950,157.1337760860852,7.133776086085197,0.14117480598170026
9620,FlexibleCylinder_0,200,154.4790364025962,4.479036402596195,0.14606139755367586
9620,FlexibleCylinder_1,450,156.87848920056985,6.87848920056985,0.14606139755367586
9620,FlexibleCylinder_2,700,157.29146560786208,7.29146560786208,0.14606139755367586
9620,FlexibleCylinder_3,950,157.32722900465407,7.3272290046540585,0.14606139755367586
9640,FlexibleCylinder_0,200,154.66666634448825,4.66666634448825,0.14509549259934756
9640,FlexibleCylinder_1,450,157.11589533155333,7.1158953315533395,0.14509549259934756
9640,FlexibleCylinder_2,700,157.51116975453635,7.511169754536367,0.14509549259934756
9640,FlexibleCylinder_3,950,157.51611272605118,7.5161127260511735,0.14509549259934756
9660,FlexibleCylinder_0,200,154.8480581568008,4.848058156800797,0.14710457606225055
9660,FlexibleCylinder_1,450,157.34623147961887,7.3462314796188535,0.14710457606225055
9660,FlexibleCylinder_2,700,157.728845679552,7.728845679551991,0.14710457606225055
9660,FlexibleCylinder_3,950,157.70569125827757,7.7056912582775805,0.14710457606225055
9680,FlexibleCylinder_0,200,155.02740851420273,5.027408514202735,0.14908521245377124
9680,FlexibleCylinder_1,450,157.57128265911447,7.571282659114481,0.14908521245377124
9680,FlexibleCylinder_2,700,157.94080951738715,7.940809517387152,0.14908521245377124
9680,FlexibleCylinder_3,950,157.89275292507403,7.892752925074031,0.14908521245377124
9700,FlexibleCylinder_0,200,155.20294208519658,5.202942085196587,0.1506460476241213
9700,FlexibleCylinder_1,450,157.78756355266364,7.787563552663634,0.1506460476241213
9700,FlexibleCylinder_2,700,158.1455705473583,8.1455705473583,0.1506460476241213
9700,FlexibleCylinder_3,950,158.06978407092006,8.06978407092007,0.1506460476241213
9720,FlexibleCylinder_0,200,155.37549670555404,5.375496705554029,0.1516473776497963
9720,FlexibleCylinder_1,450,157.99993064154663,7.999930641546622,0.1516473776497963
9720,FlexibleCylinder_2,700,158.34594820872044,8.345948208720433,0.1516473776497963
9720,FlexibleCylinder_3,950,158.23227155849847,8.232271558498473,0.1516473776497963
9740,FlexibleCylinder_0,200,155.55006061228693,5.550060612286922,0.152665901568151
9740,FlexibleCylinder_1,450,158.21306107562415,8.213061075624145,0.152665901568151
9740,FlexibleCylinder_2,700,158.54419836441326,8.544198364413264,0.152665901568151
9740,FlexibleCylinder_3,950,158.3862939759894,8.3862939759894,0.152665901568151
9760,FlexibleCylinder_0,200,155.72559888984335,5.725598889843347,0.14740534885382967
9760,FlexibleCylinder_1,450,158.4228156675843,8.422815667584311,0.14740534885382967
9760,FlexibleCylinder_2,700,158.7371120831991,8.737112083199102,0.14740534885382967
9760,FlexibleCylinder_3,950,158.5370518079909,8.537051807990894,0.14740534885382967
9780,FlexibleCylinder_0,200,155.89498690223365,5.894986902233641,0.15434649303993217
9780,FlexibleCylinder_1,450,158.62105726562152,8.62105726562151,0.15434649303993217
9780,FlexibleCylinder_2,700,158.9182173101753,8.918217310175281,0.15434649303993217
9780,FlexibleCylinder_3,950,158.68282952976753,8.682829529767536,0.15434649303993217
9800,FlexibleCylinder_0,200,156.05399256169878,6.053992561698782,0.15917491392265434
9800,FlexibleCylinder_1,450,158.8023402593283,8.802340259328316,0.15917491392265434
9800,FlexibleCylinder_2,700,159.086359481881,9.086359481881013,0.15917491392265434
9800,FlexibleCylinder_3,950,158.82350610833424,8.823506108334254,0.15917491392265434
9820,FlexibleCylinder_0,200,156.20296675390753,6.202966753907536,0.16274866928634804
9820,FlexibleCylinder_1,450,158.97628839813945,8.976288398139449,0.16274866928634804
9820,FlexibleCylinder_2,700,159.24431659772296,9.24431659772297,0.16274866928634804
9820,FlexibleCylinder_3,950,158.95760890300656,8.957608903006566,0.16274866928634804
9840,FlexibleCylinder_0,200,156.35185928360804,6.351859283608036,0.14566214179998388
9840,FlexibleCylinder_1,450,159.14998332199625,9.149983321996253,0.14566214179998388
9840,FlexibleCylinder_2,700,159.4010800448999,9.401080044899924,0.14566214179998388
9840,FlexibleCylinder_3,950,159.08243881058303,9.082438810583023,0.14566214179998388
9860,FlexibleCylinder_0,200,156.50787979490985,6.507879794909857,0.1476776277898226
9860,FlexibleCylinder_1,450,159.3205782702797,9.320578270279697,0.1476776277898226
9860,FlexibleCylinder_2,700,159.55882549207817,9.55882549207816,0.1476776277898226
9860,FlexibleCylinder_3,950,159.2020782257262,9.202078225726213,0.1476776277898226
9880,FlexibleCylinder_0,200,156.66565424054443,6.665654240544436,0.15025634074456706
9880,FlexibleCylinder_1,450,159.48224761375022,9.48224761375023,0.15025634074456706
9880,FlexibleCylinder_2,700,159.7095492110597,9.709549211059713,0.15025634074456706
9880,FlexibleCylinder_3,950,159.3209731508581,9.320973150858089,0.15025634074456706
9900,FlexibleCylinder_0,200,156.81761583628102,6.81761583628103,0.1517535405531358
9900,FlexibleCylinder_1,450,159.6330448769356,9.633044876935605,0.1517535405531358
9900,FlexibleCylinder_2,700,159.84786328183552,9.847863281835517,0.1517535405531358
9900,FlexibleCylinder_3,950,159.438455764597,9.438455764596991,0.1517535405531358
9920,FlexibleCylinder_0,200,156.96289239747603,6.962892397476038,0.1528366192660569
9920,FlexibleCylinder_1,450,159.7764524127968,9.776452412796791,0.1528366192660569
9920,FlexibleCylinder_2,700,159.97465532620112,9.974655326201106,0.1528366192660569
9920,FlexibleCylinder_3,950,159.54390970450876,9.543909704508765,0.1528366192660569
9940,FlexibleCylinder_0,200,157.10242194016772,7.102421940167709,0.15415737247011765
9940,FlexibleCylinder_1,450,159.91723661683605,9.917236616836057,0.15415737247011765
9940,FlexibleCylinder_2,700,160.08873825199586,10.088738251995867,0.15415737247011765
9940,FlexibleCylinder_3,950,159.62693955298838,9.62693955298838,0.15415737247011765
9960,FlexibleCylinder_0,200,157.23270565153405,7.232705651534043,0.15475802997825552
9960,FlexibleCylinder_1,450,160.0528744307615,10.052874430761502,0.15475802997825552
9960,FlexibleCylinder_2,700,160.19252693251536,10.192526932515355,0.15475802997825552
9960,FlexibleCylinder_3,950,159.68911928028257,9.689119280282563,0.15475802997825552
9980,FlexibleCylinder_0,200,157.35460168238907,7.354601682389079,0.1558466500049701
9980,FlexibleCylinder_1,450,160.17730643301246,10.177306433012449,0.1558466500049701
9980,FlexibleCylinder_2,700,160.29171510749956,10.291715107499565,0.1558466500049701
9980,FlexibleCylinder_3,950,159.73911078243978,9.739110782439788,0.1558466500049701
10000,FlexibleCylinder_0,200,157.4728112757164,7.472811275716398,0.15658369752121762
10000,FlexibleCylinder_1,450,160.28278931562616,10.282789315626156,0.15658369752121762
10000,FlexibleCylinder_2,700,160.38360726258918,10.383607262589166,0.15658369752121762
10000,FlexibleCylinder_3,950,159.7837570738997,9.783757073899688,0.15658369752121762
10020,FlexibleCylinder_0,200,157.58676124291944,7.586761242919425,0.15738764045899944
10020,FlexibleCylinder_1,450,160.3687289975943,10.368728997594296,0.15738764045899944
10020,FlexibleCylinder_2,700,160.4622646288085,10.462264628808489,0.15738764045899944
10020,FlexibleCylinder_3,950,159.8253248973058,9.825324897305805,0.15738764045899944
10040,FlexibleCylinder_0,200,157.69576157313327,7.6957615731332805,0.15802023441551308
10040,FlexibleCylinder_1,450,160.441916502335,10.441916502335006,0.15802023441551308
10040,FlexibleCylinder_2,700,160.52616189337695,10.52616189337694,0.15802023441551308
10040,FlexibleCylinder_3,950,159.86437175111203,9.864371751112035,0.15802023441551308
10060,FlexibleCylinder_0,200,157.7961734295646,7.7961734295646,0.15825795215823088
10060,FlexibleCylinder_1,450,160.50865035125304,10.508650351253033,0.15825795215823088
10060,FlexibleCylinder_2,700,160.57728669015478,10.577286690154782,0.15825795215823088
10060,FlexibleCylinder_3,950,159.89693735660725,9.896937356607253,0.15825795215823088
10080,FlexibleCylinder_0,200,157.88987352841585,7.889873528415834,0.15816810374365828
10080,FlexibleCylinder_1,450,160.5727104450767,10.572710445076698,0.15816810374365828
10080,FlexibleCylinder_2,700,160.61911308221505,10.619113082215051,0.15816810374365828
10080,FlexibleCylinder_3,950,159.91963595041204,9.919635950412053,0.15816810374365828
10100,FlexibleCylinder_0,200,157.98031397879788,7.980313978797891,0.15759847758117468
10100,FlexibleCylinder_1,450,160.63404517946717,10.634045179467169,0.15759847758117468
10100,FlexibleCylinder_2,700,160.65215595317358,10.65215595317358,0.15759847758117468
10100,FlexibleCylinder_3,950,159.92943822865567,9.92943822865567,0.15759847758117468
10120,FlexibleCylinder_0,200,158.06163293682633,8.061632936826333,0.1563846436871231
10120,FlexibleCylinder_1,450,160.6807089621146,10.680708962114606,0.1563846436871231
10120,FlexibleCylinder_2,700,160.67110970539042,10.671109705390416,0.1563846436871231
10120,FlexibleCylinder_3,950,159.9204146391565,9.920414639156501,0.1563846436871231
10140,FlexibleCylinder_0,200,158.1308536888884,8.130853688888406,0.15484230240633318
10140,FlexibleCylinder_1,450,160.70299230676514,10.702992306765134,0.15484230240633318
10140,FlexibleCylinder_2,700,160.6707872029386,10.670787202938602,0.15484230240633318
10140,FlexibleCylinder_3,950,159.88971789133177,9.889717891331768,0.15484230240633318
10160,FlexibleCylinder_0,200,158.19639669453085,8.19639669453086,0.15339587481078215
10160,FlexibleCylinder_1,450,160.70577230184713,10.705772301847135,0.15339587481078215
10160,FlexibleCylinder_2,700,160.65536336186364,10.655363361863628,0.15339587481078215
10160,FlexibleCylinder_3,950,159.84417467656488,9.844174676564878,0.15339587481078215
10180,FlexibleCylinder_0,200,158.2614731767026,8.261473176702584,0.15197231042646084
10180,FlexibleCylinder_1,450,160.69609994859107,10.696099948591069,0.15197231042646084
10180,FlexibleCylinder_2,700,160.63150300346334,10.631503003463349,0.15197231042646084
10180,FlexibleCylinder_3,950,159.7905024858787,9.790502485878712,0.15197231042646084
10200,FlexibleCylinder_0,200,158.3190856471612,8.319085647161188,0.15031735035305965
10200,FlexibleCylinder_1,450,160.6768782171854,10.676878217185381,0.15031735035305965
10200,FlexibleCylinder_2,700,160.59634021755974,10.596340217559748,0.15031735035305965
10200,FlexibleCylinder_3,950,159.7308268511868,9.730826851186798,0.15031735035305965
10220,FlexibleCylinder_0,200,158.3636554047813,8.36365540478129,0.14818071596567597
10220,FlexibleCylinder_1,450,160.6478968925681,10.647896892568093,0.14818071596567597
10220,FlexibleCylinder_2,700,160.54547840569776,10.545478405697764,0.14818071596567597
10220,FlexibleCylinder_3,950,159.66369270440782,9.663692704407811,0.14818071596567597
10240,FlexibleCylinder_0,200,158.39492215427913,8.39492215427914,0.14651825638695515
10240,FlexibleCylinder_1,450,160.60998397862022,10.609983978620209,0.14651825638695515
10240,FlexibleCylinder_2,700,160.48033630845708,10.480336308457073,0.14651825638695515
10240,FlexibleCylinder_3,950,159.58364603019203,9.583646030192023,0.14651825638695515
10260,FlexibleCylinder_0,200,158.4185407176795,8.418540717679495,0.1442635440378278
10260,FlexibleCylinder_1,450,160.56014209621742,10.560142096217417,0.1442635440378278
10260,FlexibleCylinder_2,700,160.4095889109591,10.409588910959092,0.1442635440378278
10260,FlexibleCylinder_3,950,159.48611936462186,9.486119364621858,0.1442635440378278
10280,FlexibleCylinder_0,200,158.43723949707274,8.437239497072731,0.14134462153764127
10280,FlexibleCylinder_1,450,160.4944076590397,10.494407659039693,0.14134462153764127
10280,FlexibleCylinder_2,700,160.3319448161431,10.331944816143112,0.14134462153764127
10280,FlexibleCylinder_3,950,159.3711626660683,9.37116266606831,0.14134462153764127
10300,FlexibleCylinder_0,200,158.44514226640263,8.445142266402632,0.1371221521342725
10300,FlexibleCylinder_1,450,160.40811730898454,10.40811730898454,0.1371221521342725
10300,FlexibleCylinder_2,700,160.23760989023214,10.237609890232125,0.1371221521342725
10300,FlexibleCylinder_3,950,159.24072640394078,9.240726403940794,0.1371221521342725
10320,FlexibleCylinder_0,200,158.4392494635403,8.439249463540296,0.13219499153540848
10320,FlexibleCylinder_1,450,160.30368425071174,10.303684250711731,0.13219499153540848
10320,FlexibleCylinder_2,700,160.12343274612152,10.123432746121512,0.13219499153540848
10320,FlexibleCylinder_3,950,159.10022702122308,9.10022702122307,0.13219499153540848
10340,FlexibleCylinder_0,200,158.4253179620706,8.425317962070594,0.126919408732776
10340,FlexibleCylinder_1,450,160.1883083100366,10.188308310036591,0.126919408732776
10340,FlexibleCylinder_2,700,159.98888650479188,9.988886504791889,0.126919408732776
10340,FlexibleCylinder_3,950,158.95310204660595,8.953102046605938,0.126919408732776
10360,FlexibleCylinder_0,200,158.40934440664077,8.409344406640757,0.12094834575877725
10360,FlexibleCylinder_1,450,160.06475893367946,10.064758933679471,0.12094834575877725
10360,FlexibleCylinder_2,700,159.8349503387232,9.834950338723186,0.12094834575877725
10360,FlexibleCylinder_3,950,158.79667876873634,8.796678768736351,0.12094834575877725
10380,FlexibleCylinder_0,200,158.3876559876,8.387655987599997,0.11528010087266721
10380,FlexibleCylinder_1,450,159.9287546420269,9.928754642026902,0.11528010087266721
10380,FlexibleCylinder_2,700,159.6666594267855,9.666659426785493,0.11528010087266721
10380,FlexibleCylinder_3,950,158.62253186203233,8.622531862032337,0.11528010087266721
10400,FlexibleCylinder_0,200,158.35344808846398,8.353448088463981,0.11312737885633656
10400,FlexibleCylinder_1,450,159.77437859420422,9.774378594204233,0.11312737885633656
10400,FlexibleCylinder_2,700,159.4864789334615,9.486478933461498,0.11312737885633656
10400,FlexibleCylinder_3,950,158.4257283213287,8.425728321328712,0.11312737885633656
10420,FlexibleCylinder_0,200,158.30709256804187,8.307092568041858,0.11106874816499467
10420,FlexibleCylinder_1,450,159.59990496363525,9.599904963635248,0.11106874816499467
10420,FlexibleCylinder_2,700,159.29460343729608,9.294603437296082,0.11106874816499467
10420,FlexibleCylinder_3,950,158.20932818412672,8.209328184126711,0.11106874816499467
10440,FlexibleCylinder_0,200,158.2511382390205,8.2511382390205,0.11175133238672792
10440,FlexibleCylinder_1,450,159.40914647886862,9.409146478868617,0.11175133238672792
10440,FlexibleCylinder_2,700,159.09011836142574,9.090118361425747,0.11175133238672792
10440,FlexibleCylinder_3,950,157.98179243385312,7.981792433853125,0.11175133238672792
10460,FlexibleCylinder_0,200,158.186529602855,8.186529602854984,0.11236851169051709
10460,FlexibleCylinder_1,450,159.20955850126924,9.209558501269246,0.11236851169051709
10460,FlexibleCylinder_2,700,158.8765666684777,8.876566668477702,0.11236851169051709
10460,FlexibleCylinder_3,950,157.75053522790938,7.7505352279093795,0.11236851169051709
10480,FlexibleCylinder_0,200,158.11120572062978,8.111205720629785,0.1131474156342438
10480,FlexibleCylinder_1,450,159.00113839704323,9.001138397043228,0.1131474156342438
10480,FlexibleCylinder_2,700,158.65549145797212,8.655491457972106,0.1131474156342438
10480,FlexibleCylinder_3,950,157.5117341658338,7.511734165833787,0.1131474156342438
10500,FlexibleCylinder_0,200,158.02194828537503,8.02194828537503,0.11370507867005017
10500,FlexibleCylinder_1,450,158.77899302910546,8.778993029105463,0.11370507867005017
10500,FlexibleCylinder_2,700,158.42059025529687,8.420590255296867,0.11370507867005017
10500,FlexibleCylinder_3,950,157.25897541170394,7.25897541170394,0.11370507867005017
10520,FlexibleCylinder_0,200,157.9183707329966,7.918370732996611,0.11400174418694978
10520,FlexibleCylinder_1,450,158.5416692542645,8.541669254264505,0.11400174418694978
10520,FlexibleCylinder_2,700,158.16713692627343,8.167136926273427,0.11400174418694978
10520,FlexibleCylinder_3,950,156.99108567285487,6.991085672854865,0.11400174418694978
10540,FlexibleCylinder_0,200,157.80455019644617,7.8045501964461685,0.1137901004265778
10540,FlexibleCylinder_1,450,158.29011559040492,8.290115590404918,0.1137901004265778
10540,FlexibleCylinder_2,700,157.89755788858076,7.897557888580766,0.1137901004265778
10540,FlexibleCylinder_3,950,156.7103590329662,6.710359032966216,0.1137901004265778
10560,FlexibleCylinder_0,200,157.68611763906236,7.686117639062358,0.11287655983808328
10560,FlexibleCylinder_1,450,158.02674327219577,8.026743272195771,0.11287655983808328
10560,FlexibleCylinder_2,700,157.61383967801507,7.613839678015077,0.11287655983808328
10560,FlexibleCylinder_3,950,156.41746132159972,6.417461321599709,0.11287655983808328
10580,FlexibleCylinder_0,200,157.56271388908297,7.5627138890829615,0.1118872642891707
10580,FlexibleCylinder_1,450,157.74601918677075,7.746019186770746,0.1118872642891707
10580,FlexibleCylinder_2,700,157.31267539842966,7.312675398429648,0.1118872642891707
10580,FlexibleCylinder_3,950,156.11031126431322,6.110311264313239,0.1118872642891707
10600,FlexibleCylinder_0,200,157.42763777568805,7.427637775688058,0.11086654155390405
10600,FlexibleCylinder_1,450,157.4430388941204,7.443038894120413,0.11086654155390405
10600,FlexibleCylinder_2,700,156.99221306331592,6.99221306331592,0.11086654155390405
10600,FlexibleCylinder_3,950,155.78976366289348,5.78976366289347,0.11086654155390405
10620,FlexibleCylinder_0,200,157.27265883448456,7.272658834484567,0.10945501326223261
10620,FlexibleCylinder_1,450,157.1218477910787,7.12184779107868,0.10945501326223261
10620,FlexibleCylinder_2,700,156.65637150210304,6.656371502103031,0.10945501326223261
10620,FlexibleCylinder_3,950,155.4558256082822,5.455825608282191,0.10945501326223261
10640,FlexibleCylinder_0,200,157.09978241345684,7.099782413456825,0.12422159921851766
10640,FlexibleCylinder_1,450,156.79339536984668,6.7933953698466825,0.12422159921851766
10640,FlexibleCylinder_2,700,156.31375250817123,6.313752508171226,0.12422159921851766
10640,FlexibleCylinder_3,950,155.10934131422928,5.109341314229278,0.12422159921851766
10660,FlexibleCylinder_0,200,156.9190309434364,6.919030943436417,0.13773078706097328
10660,FlexibleCylinder_1,450,156.45914908137462,6.459149081374622,0.13773078706097328
10660,FlexibleCylinder_2,700,155.96785916319172,5.967859163191726,0.13773078706097328
10660,FlexibleCylinder_3,950,154.75430439421126,4.754304394211246,0.13773078706097328
10680,FlexibleCylinder_0,200,156.73416782353314,6.734167823533144,0.14788425172462388
10680,FlexibleCylinder_1,450,156.11542785806841,6.115427858068413,0.14788425172462388
10680,FlexibleCylinder_2,700,155.61746873897513,5.617468738975127,0.14788425172462388
10680,FlexibleCylinder_3,950,154.39540136274252,4.39540136274252,0.14788425172462388
10700,FlexibleCylinder_0,200,156.5408090464188,6.540809046418786,0.1550735232382764
10700,FlexibleCylinder_1,450,155.7624592470976,5.762459247097611,0.1550735232382764
10700,FlexibleCylinder_2,700,155.25490679985265,5.254906799852636,0.1550735232382764
10700,FlexibleCylinder_3,950,154.03019315253007,4.03019315253007,0.1550735232382764
10720,FlexibleCylinder_0,200,156.33538581898486,6.3353858189848715,0.15935559216896072
10720,FlexibleCylinder_1,450,155.3989529225089,5.398952922508896,0.15935559216896072
10720,FlexibleCylinder_2,700,154.87588098155703,4.875880981557019,0.15935559216896072
10720,FlexibleCylinder_3,950,153.65468641772597,3.654686417725974,0.15935559216896072
10740,FlexibleCylinder_0,200,156.12146989090215,6.121469890902152,0.17055266131535482
10740,FlexibleCylinder_1,450,155.02014963875158,5.020149638751567,0.17055266131535482
10740,FlexibleCylinder_2,700,154.48421349281202,4.484213492812027,0.17055266131535482
10740,FlexibleCylinder_3,950,153.26610672323102,3.266106723231012,0.17055266131535482
10760,FlexibleCylinder_0,200,155.9029363596614,5.902936359661384,0.18179675368531614
10760,FlexibleCylinder_1,450,154.6301849461535,4.630184946153499,0.18179675368531614
10760,FlexibleCylinder_2,700,154.08376283831933,4.0837628383193305,0.18179675368531614
10760,FlexibleCylinder_3,950,152.86638925513566,2.8663892551356676,0.18179675368531614
10780,FlexibleCylinder_0,200,155.67587477639879,5.675874776398789,0.19057318660926645
10780,FlexibleCylinder_1,450,154.2301906023344,4.230190602334395,0.19057318660926645
10780,FlexibleCylinder_2,700,153.67640335859173,3.67640335859174,0.19057318660926645
10780,FlexibleCylinder_3,950,152.45865617486578,2.458656174865782,0.19057318660926645
10800,FlexibleCylinder_0,200,155.4289097101081,5.428909710108091,0.19651582570234433
10800,FlexibleCylinder_1,450,153.81964997452695,3.8196499745269548,0.19651582570234433
10800,FlexibleCylinder_2,700,153.26141749271127,3.2614174927112867,0.19651582570234433
10800,FlexibleCylinder_3,950,152.0458593995368,2.045859399536808,0.19651582570234433
10820,FlexibleCylinder_0,200,155.16097997018775,5.160979970187767,0.20040555014396258
10820,FlexibleCylinder_1,450,153.3986292531512,3.3986292531511872,0.20040555014396258
10820,FlexibleCylinder_2,700,152.83497793558377,2.8349779355837654,0.20040555014396258
10820,FlexibleCylinder_3,950,151.63052269827392,1.6305226982739205,0.20040555014396258
10840,FlexibleCylinder_0,200,154.88394029624607,4.8839402962460605,0.21324930040766082
10840,FlexibleCylinder_1,450,152.9667607767359,2.966760776735884,0.21324930040766082
10840,FlexibleCylinder_2,700,152.39899457325257,2.398994573252556,0.21324930040766082
10840,FlexibleCylinder_3,950,151.20898881052713,1.2089888105271223,0.21324930040766082
10860,FlexibleCylinder_0,200,154.60414029332367,4.60414029332366,0.2219418085412134
10860,FlexibleCylinder_1,450,152.52847109604514,2.5284710960451378,0.2219418085412134
10860,FlexibleCylinder_2,700,151.95338570430278,1.9533857043027727,0.2219418085412134
10860,FlexibleCylinder_3,950,150.77876884342425,0.7787688434242526,0.2219418085412134
10880,FlexibleCylinder_0,200,154.31732202164793,4.317322021647935,0.22635038495769855
10880,FlexibleCylinder_1,450,152.08408796365168,2.0840879636516907,0.22635038495769855
10880,FlexibleCylinder_2,700,151.5051969830663,1.5051969830662928,0.22635038495769855
10880,FlexibleCylinder_3,950,150.34592459588777,0.345924595887769,0.22635038495769855
10900,FlexibleCylinder_0,200,154.02259979211593,4.022599792115931,0.22699981184860188
10900,FlexibleCylinder_1,450,151.63699061219472,1.6369906121947198,0.22699981184860188
10900,FlexibleCylinder_2,700,151.0589159340993,1.0589159340993037,0.22699981184860188
10900,FlexibleCylinder_3,950,149.90922254695457,-0.09077745304543916,0.22699981184860188
10920,FlexibleCylinder_0,200,153.7194963373634,3.7194963373634233,0.22465720508404916
10920,FlexibleCylinder_1,450,151.18835301447794,1.1883530144779373,0.22465720508404916
10920,FlexibleCylinder_2,700,150.6121226341524,0.6121226341523892,0.22465720508404916
10920,FlexibleCylinder_3,950,149.47045484518708,-0.5295451548129122,0.22465720508404916
10940,FlexibleCylinder_0,200,153.40595326364272,3.405953263642728,0.2209248515428549
10940,FlexibleCylinder_1,450,150.73336939012114,0.7333693901211381,0.2209248515428549
10940,FlexibleCylinder_2,700,150.15738722231862,0.15738722231862243,0.2209248515428549
10940,FlexibleCylinder_3,950,149.02859501770342,-0.9714049822965738,0.2209248515428549
10960,FlexibleCylinder_0,200,153.0824519257663,3.082451925766304,0.21488708566121395
10960,FlexibleCylinder_1,450,150.26922062575173,0.26922062575173633,0.21488708566121395
10960,FlexibleCylinder_2,700,149.69361377230518,-0.3063862276948222,0.21488708566121395
10960,FlexibleCylinder_3,950,148.58562693096349,-1.4143730690365237,0.21488708566121395
10980,FlexibleCylinder_0,200,152.75300115985075,2.753001159850757,0.20920670610858674
10980,FlexibleCylinder_1,450,149.80022963589855,-0.19977036410146187,0.20920670610858674
10980,FlexibleCylinder_2,700,149.225272668545,-0.7747273314550083,0.20920670610858674
10980,FlexibleCylinder_3,950,148.14300203023643,-1.856997969763562,0.20920670610858674
11000,FlexibleCylinder_0,200,152.4162676425103,2.416267642510289,0.2081228486473783
11000,FlexibleCylinder_1,450,149.33191950594707,-0.6680804940529239,0.2081228486473783
11000,FlexibleCylinder_2,700,148.75734477619474,-1.2426552238052628,0.2081228486473783
11000,FlexibleCylinder_3,950,147.69907353389726,-2.3009264661027427,0.2081228486473783
11020,FlexibleCylinder_0,200,152.06751510742885,2.0675151074288554,0.2164186332404359
11020,FlexibleCylinder_1,450,148.86317275751995,-1.1368272424800545,0.2164186332404359
11020,FlexibleCylinder_2,700,148.2936319063139,-1.7063680936861199,0.2164186332404359
11020,FlexibleCylinder_3,950,147.2548560321235,-2.7451439678764755,0.2164186332404359
11040,FlexibleCylinder_0,200,151.7103465369982,1.710346536998195,0.21047618254786282
11040,FlexibleCylinder_1,450,148.3906483787292,-1.60935162127081,0.21047618254786282
11040,FlexibleCylinder_2,700,147.83100064357305,-2.1689993564269563,0.21047618254786282
11040,FlexibleCylinder_3,950,146.8104578193914,-3.1895421806086115,0.21047618254786282
11060,FlexibleCylinder_0,200,151.347627335483,1.3476273354829886,0.22218896259810922
11060,FlexibleCylinder_1,450,147.91246490092584,-2.0875350990741652,0.22218896259810922
11060,FlexibleCylinder_2,700,147.3704890477796,-2.629510952220375,0.22218896259810922
11060,FlexibleCylinder_3,950,146.36966052610896,-3.6303394738910284,0.22218896259810922
11080,FlexibleCylinder_0,200,150.97846767947965,0.9784676794796532,0.18441349307703545
11080,FlexibleCylinder_1,450,147.43655705135947,-2.563442948640538,0.18441349307703545
11080,FlexibleCylinder_2,700,146.90964744520025,-3.0903525547997455,0.18441349307703545
11080,FlexibleCylinder_3,950,145.9344323536796,-4.065567646320402,0.18441349307703545
11100,FlexibleCylinder_0,200,150.6043726940542,0.6043726940541938,0.15347120561741084
11100,FlexibleCylinder_1,450,146.96536090971384,-3.034639090286164,0.15347120561741084
11100,FlexibleCylinder_2,700,146.4462536593071,-3.553746340692885,0.15347120561741084
11100,FlexibleCylinder_3,950,145.50182325616058,-4.498176743839422,0.15347120561741084
11120,FlexibleCylinder_0,200,150.2255112213052,0.22551122130520657,0.1846961485356847
11120,FlexibleCylinder_1,450,146.496199944316,-3.5038000556839872,0.1846961485356847
11120,FlexibleCylinder_2,700,145.9843161426359,-4.015683857364105,0.1846961485356847
11120,FlexibleCylinder_3,950,145.0712112130336,-4.928788786966407,0.1846961485356847
11140,FlexibleCylinder_0,200,149.83727359630967,-0.16272640369032026,0.15480184145310008
11140,FlexibleCylinder_1,450,146.02761469392632,-3.972385306073685,0.15480184145310008
11140,FlexibleCylinder_2,700,145.52678481127882,-4.473215188721175,0.15480184145310008
11140,FlexibleCylinder_3,950,144.6462070507131,-5.353792949286899,0.15480184145310008
11160,FlexibleCylinder_0,200,149.4422044486764,-0.5577955513236027,0.15938586537237764
11160,FlexibleCylinder_1,450,145.558930776992,-4.441069223007986,0.15938586537237764
11160,FlexibleCylinder_2,700,145.07191246142045,-4.928087538579555,0.15938586537237764
11160,FlexibleCylinder_3,950,144.23076725723544,-5.769232742764559,0.15938586537237764
11180,FlexibleCylinder_0,200,149.04717185198535,-0.952828148014643,0.16158983926170434
11180,FlexibleCylinder_1,450,145.09273189936135,-4.907268100638638,0.16158983926170434
11180,FlexibleCylinder_2,700,144.62223069171168,-5.377769308288327,0.16158983926170434
11180,FlexibleCylinder_3,950,143.8201255370091,-6.179874462990918,0.16158983926170434
11200,FlexibleCylinder_0,200,148.653003596011,-1.3469964039890194,0.16030680836011663
11200,FlexibleCylinder_1,450,144.6300513193578,-5.369948680642219,0.16030680836011663
11200,FlexibleCylinder_2,700,144.1822225330027,-5.817777466997304,0.16030680836011663
11200,FlexibleCylinder_3,950,143.41428869757678,-6.585711302423232,0.16030680836011663
11220,FlexibleCylinder_0,200,148.25345549045937,-1.7465445095406347,0.15487440789404794
11220,FlexibleCylinder_1,450,144.17215512438435,-5.827844875615642,0.15487440789404794
11220,FlexibleCylinder_2,700,143.7512480830168,-6.248751916983202,0.15487440789404794
11220,FlexibleCylinder_3,950,143.01665205636385,-6.983347943636159,0.15487440789404794
11240,FlexibleCylinder_0,200,147.84582816943754,-2.154171830562457,0.15028595802148506
11240,FlexibleCylinder_1,450,143.71922864558752,-6.280771354412474,0.15028595802148506
11240,FlexibleCylinder_2,700,143.32878258000744,-6.671217419992573,0.15028595802148506
11240,FlexibleCylinder_3,950,142.62901367110516,-7.370986328894837,0.15028595802148506
11260,FlexibleCylinder_0,200,147.43509322130024,-2.564906778699755,0.1573394124907262
11260,FlexibleCylinder_1,450,143.27813156997803,-6.721868430021975,0.1573394124907262
11260,FlexibleCylinder_2,700,142.91007196304457,-7.089928036955415,0.1573394124907262
11260,FlexibleCylinder_3,950,142.24993519765206,-7.75006480234793,0.1573394124907262
11280,FlexibleCylinder_0,200,147.02491467380378,-2.9750853261962122,0.15168569120840736
11280,FlexibleCylinder_1,450,142.848382597186,-7.151617402813995,0.15168569120840736
11280,FlexibleCylinder_2,700,142.49714643001565,-7.502853569984363,0.15168569120840736
11280,FlexibleCylinder_3,950,141.87741169751015,-8.12258830248985,0.15168569120840736
11300,FlexibleCylinder_0,200,146.6144416144818,-3.3855583855182085,0.1686029858307868
11300,FlexibleCylinder_1,450,142.42504335842747,-7.574956641572539,0.1686029858307868
11300,FlexibleCylinder_2,700,142.0917193418225,-7.9082806581774925,0.1686029858307868
11300,FlexibleCylinder_3,950,141.5139374281654,-8.486062571834596,0.1686029858307868
11320,FlexibleCylinder_0,200,146.20532814963994,-3.7946718503600483,0.17496124674637145
11320,FlexibleCylinder_1,450,142.00610569959133,-7.993894300408679,0.17496124674637145
11320,FlexibleCylinder_2,700,141.69619426006142,-8.303805739938582,0.17496124674637145
11320,FlexibleCylinder_3,950,141.16250853412515,-8.837491465874837,0.17496124674637145
11340,FlexibleCylinder_0,200,145.79780436402424,-4.202195635975752,0.1841484449271325
11340,FlexibleCylinder_1,450,141.593606486984,-8.406393513016003,0.1841484449271325
11340,FlexibleCylinder_2,700,141.3154980493052,-8.684501950694786,0.1841484449271325
11340,FlexibleCylinder_3,950,140.82021690578796,-9.179783094212036,0.1841484449271325
11360,FlexibleCylinder_0,200,145.39032165564683,-4.609678344353169,0.1739592060107238
11360,FlexibleCylinder_1,450,141.19108552327563,-8.808914476724363,0.1739592060107238
11360,FlexibleCylinder_2,700,140.94823009785603,-9.051769902143976,0.1739592060107238
11360,FlexibleCylinder_3,950,140.4882031126477,-9.511796887352277,0.1739592060107238
11380,FlexibleCylinder_0,200,144.98184631090277,-5.018153689097218,0.1337729024658769
11380,FlexibleCylinder_1,450,140.79856961789824,-9.201430382101767,0.1337729024658769
11380,FlexibleCylinder_2,700,140.59145625068385,-9.408543749316165,0.1337729024658769
11380,FlexibleCylinder_3,950,140.1695623840181,-9.830437615981902,0.1337729024658769
11400,FlexibleCylinder_0,200,144.57396035651,-5.426039643489983,0.11346664320832996
11400,FlexibleCylinder_1,450,140.41868875260343,-9.581311247396558,0.11346664320832996
11400,FlexibleCylinder_2,700,140.2408940429037,-9.759105957096287,0.11346664320832996
11400,FlexibleCylinder_3,950,139.86729011012648,-10.132709889873537,0.11346664320832996
11420,FlexibleCylinder_0,200,144.16969603708083,-5.830303962919186,0.16280194295715728
11420,FlexibleCylinder_1,450,140.04942838640244,-9.950571613597546,0.16280194295715728
11420,FlexibleCylinder_2,700,139.89762012141153,-10.10237987858846,0.16280194295715728
11420,FlexibleCylinder_3,950,139.58003069194731,-10.419969308052679,0.16280194295715728
11440,FlexibleCylinder_0,200,143.7705223454626,-6.229477654537392,0.12806968943494634
11440,FlexibleCylinder_1,450,139.69081919558832,-10.309180804411676,0.12806968943494634
11440,FlexibleCylinder_2,700,139.56966827539762,-10.430331724602382,0.12806968943494634
11440,FlexibleCylinder_3,950,139.30504701203677,-10.694952987963228,0.12806968943494634
11460,FlexibleCylinder_0,200,143.3734919291995,-6.626508070800488,0.1143684489964644
11460,FlexibleCylinder_1,450,139.34126958613697,-10.658730413863037,0.1143684489964644
11460,FlexibleCylinder_2,700,139.2588028767665,-10.741197123233496,0.1143684489964644
11460,FlexibleCylinder_3,950,139.04042693046352,-10.959573069536471,0.1143684489964644
11480,FlexibleCylinder_0,200,142.9792094018447,-7.020790598155296,0.17611234217135707
11480,FlexibleCylinder_1,450,139.00221432555387,-10.997785674446144,0.17611234217135707
11480,FlexibleCylinder_2,700,138.96184760285905,-11.038152397140934,0.17611234217135707
11480,FlexibleCylinder_3,950,138.78509594361418,-11.21490405638583,0.17611234217135707
11500,FlexibleCylinder_0,200,142.59212667764402,-7.407873322355985,0.11786183565274605
11500,FlexibleCylinder_1,450,138.67626997689126,-11.32373002310874,0.11786183565274605
11500,FlexibleCylinder_2,700,138.67685272283785,-11.323147277162157,0.11786183565274605
11500,FlexibleCylinder_3,950,138.54384491941005,-11.456155080589937,0.11786183565274605
11520,FlexibleCylinder_0,200,142.21604408437162,-7.783955915628395,0.11420524242770337
11520,FlexibleCylinder_1,450,138.3634540729518,-11.636545927048186,0.11420524242770337
11520,FlexibleCylinder_2,700,138.4051927012959,-11.594807298704112,0.11420524242770337
11520,FlexibleCylinder_3,950,138.3173269722743,-11.682673027725716,0.11420524242770337
11540,FlexibleCylinder_0,200,141.8470987194627,-8.152901280537295,0.12242283425246714
11540,FlexibleCylinder_1,450,138.06667675591436,-11.93332324408563,0.12242283425246714
11540,FlexibleCylinder_2,700,138.14788850221856,-11.852111497781427,0.12242283425246714
11540,FlexibleCylinder_3,950,138.10911041897492,-11.890889581025068,0.12242283425246714
11560,FlexibleCylinder_0,200,141.4838782318175,-8.516121768182508,0.10351560385070493
11560,FlexibleCylinder_1,450,137.78814065418578,-12.211859345814231,0.10351560385070493
11560,FlexibleCylinder_2,700,137.90542875590882,-12.094571244091194,0.10351560385070493
11560,FlexibleCylinder_3,950,137.91927346997846,-12.08072653002153,0.10351560385070493
11580,FlexibleCylinder_0,200,141.1250601565386,-8.874939843461382,0.13662789506401246
11580,FlexibleCylinder_1,450,137.52917708623272,-12.470822913767265,0.13662789506401246
11580,FlexibleCylinder_2,700,137.6805683366462,-12.319431663353813,0.13662789506401246
11580,FlexibleCylinder_3,950,137.74584996799155,-12.254150032008459,0.13662789506401246
11600,FlexibleCylinder_0,200,140.77011640859618,-9.229883591403825,0.11126508440874984
11600,FlexibleCylinder_1,450,137.28958103048174,-12.710418969518267,0.11126508440874984
11600,FlexibleCylinder_2,700,137.47380607840012,-12.526193921599877,0.11126508440874984
11600,FlexibleCylinder_3,950,137.5837733257824,-12.416226674217608,0.11126508440874984
11620,FlexibleCylinder_0,200,140.42987795046372,-9.570122049536286,0.12499994447478034
11620,FlexibleCylinder_1,450,137.0623450441656,-12.937654955834406,0.12499994447478034
11620,FlexibleCylinder_2,700,137.28278639847633,-12.717213601523667,0.12499994447478034
11620,FlexibleCylinder_3,950,137.4353165273335,-12.564683472666502,0.12499994447478034
11640,FlexibleCylinder_0,200,140.1086544557237,-9.891345544276296,0.12688111221217413
11640,FlexibleCylinder_1,450,136.8419142409104,-13.158085759089605,0.12688111221217413
11640,FlexibleCylinder_2,700,137.10589343907276,-12.894106560927254,0.12688111221217413
11640,FlexibleCylinder_3,950,137.30593896253632,-12.694061037463689,0.12688111221217413
11660,FlexibleCylinder_0,200,139.79837087466947,-10.201629125330518,0.10126164968737812
11660,FlexibleCylinder_1,450,136.63124515331322,-13.368754846686777,0.10126164968737812
11660,FlexibleCylinder_2,700,136.94203168267092,-13.057968317329083,0.10126164968737812
11660,FlexibleCylinder_3,950,137.19953549309395,-12.80046450690604,0.10126164968737812
11680,FlexibleCylinder_0,200,139.49201717090483,-10.507982829095182,0.11168410102273643
11680,FlexibleCylinder_1,450,136.43680032490752,-13.563199675092475,0.11168410102273643
11680,FlexibleCylinder_2,700,136.79325065171378,-13.206749348286236,0.11168410102273643
11680,FlexibleCylinder_3,950,137.11154594983364,-12.888454050166365,0.11168410102273643
11700,FlexibleCylinder_0,200,139.190359152065,-10.809640847934999,0.11758715300711016
11700,FlexibleCylinder_1,450,136.26381818937745,-13.736181810622547,0.11758715300711016
11700,FlexibleCylinder_2,700,136.66434582377278,-13.335654176227232,0.11758715300711016
11700,FlexibleCylinder_3,950,137.03860460395066,-12.96139539604934,0.11758715300711016
11720,FlexibleCylinder_0,200,138.89807544668798,-11.101924553312008,0.11743211145265273
11720,FlexibleCylinder_1,450,136.11615883209333,-13.883841167906658,0.11743211145265273
11720,FlexibleCylinder_2,700,136.5566158215919,-13.443384178408122,0.11743211145265273
11720,FlexibleCylinder_3,950,136.97982499307778,-13.020175006922209,0.11743211145265273
11740,FlexibleCylinder_0,200,138.62343604026347,-11.376563959736542,0.11697978733195297
11740,FlexibleCylinder_1,450,135.99021054867976,-14.009789451320248,0.11697978733195297
11740,FlexibleCylinder_2,700,136.47153187097962,-13.528468129020386,0.11697978733195297
11740,FlexibleCylinder_3,950,136.9382229759139,-13.0617770240861,0.11697978733195297
11760,FlexibleCylinder_0,200,138.366532126201,-11.633467873798994,0.10123377122249706
11760,FlexibleCylinder_1,450,135.88395390355691,-14.116046096443087,0.10123377122249706
11760,FlexibleCylinder_2,700,136.40520491662548,-13.594795083374533,0.10123377122249706
11760,FlexibleCylinder_3,950,136.91713840690406,-13.082861593095929,0.10123377122249706
11780,FlexibleCylinder_0,200,138.12221986868943,-11.877780131310576,0.11133809205712564
11780,FlexibleCylinder_1,450,135.79200497768213,-14.207995022317863,0.11133809205712564
11780,FlexibleCylinder_2,700,136.3512628737491,-13.648737126250891,0.11133809205712564
11780,FlexibleCylinder_3,950,136.91657982518714,-13.08342017481287,0.11133809205712564
11800,FlexibleCylinder_0,200,137.89290091440282,-12.107099085597197,0.1439164469877403
11800,FlexibleCylinder_1,450,135.71111515361613,-14.288884846383873,0.1439164469877403
11800,FlexibleCylinder_2,700,136.31007654690796,-13.689923453092034,0.1439164469877403
11800,FlexibleCylinder_3,950,136.93362986264998,-13.06637013735002,0.1439164469877403
11820,FlexibleCylinder_0,200,137.68391789779582,-12.31608210220419,0.11317060761692764
11820,FlexibleCylinder_1,450,135.64489664765918,-14.355103352340832,0.11317060761692764
11820,FlexibleCylinder_2,700,136.28725006081254,-13.712749939187448,0.11317060761692764
11820,FlexibleCylinder_3,950,136.9682274194101,-13.031772580589886,0.11317060761692764
11840,FlexibleCylinder_0,200,137.49190748168462,-12.508092518315374,0.11994748470950674
11840,FlexibleCylinder_1,450,135.59978992206948,-14.400210077930515,0.11994748470950674
11840,FlexibleCylinder_2,700,136.28546395188866,-13.714536048111336,0.11994748470950674
11840,FlexibleCylinder_3,950,137.02369104214097,-12.97630895785903,0.11994748470950674
11860,FlexibleCylinder_0,200,137.3089980875293,-12.691001912470723,0.10902407358467922
11860,FlexibleCylinder_1,450,135.58003010332092,-14.419969896679081,0.10902407358467922
11860,FlexibleCylinder_2,700,136.30723912426043,-13.692760875739552,0.10902407358467922
11860,FlexibleCylinder_3,950,137.1014113153332,-12.898588684666807,0.10902407358467922
11880,FlexibleCylinder_0,200,137.13361082013785,-12.866389179862141,0.11553678664092396
11880,FlexibleCylinder_1,450,135.5828564019544,-14.41714359804561,0.11553678664092396
11880,FlexibleCylinder_2,700,136.3532330833779,-13.646766916622111,0.11553678664092396
11880,FlexibleCylinder_3,950,137.20234640181255,-12.797653598187459,0.11553678664092396
11900,FlexibleCylinder_0,200,136.97156580952586,-13.028434190474144,0.09706923602602012
11900,FlexibleCylinder_1,450,135.60639749623812,-14.393602503761883,0.09706923602602012
11900,FlexibleCylinder_2,700,136.42053615692527,-13.57946384307473,0.09706923602602012
11900,FlexibleCylinder_3,950,137.32442926880051,-12.67557073119948,0.09706923602602012
11920,FlexibleCylinder_0,200,136.83215284925032,-13.167847150749681,0.10427352955223819
11920,FlexibleCylinder_1,450,135.65078372033048,-14.349216279669516,0.10427352955223819
11920,FlexibleCylinder_2,700,136.5057694947861,-13.494230505213892,0.10427352955223819
11920,FlexibleCylinder_3,950,137.46375622665298,-12.536243773347037,0.10427352955223819
11940,FlexibleCylinder_0,200,136.71648847018648,-13.28351152981353,0.12943067239647038
11940,FlexibleCylinder_1,450,135.7146729219839,-14.285327078016097,0.12943067239647038
11940,FlexibleCylinder_2,700,136.6064599123786,-13.393540087621414,0.12943067239647038
11940,FlexibleCylinder_3,950,137.62020827394514,-12.379791726054862,0.12943067239647038
11960,FlexibleCylinder_0,200,136.61898331239965,-13.38101668760035,0.12427298626781876
11960,FlexibleCylinder_1,450,135.79885978175753,-14.20114021824247,0.12427298626781876
11960,FlexibleCylinder_2,700,136.72317017789115,-13.276829822108839,0.12427298626781876
11960,FlexibleCylinder_3,950,137.79574095349403,-12.204259046505966,0.12427298626781876
11980,FlexibleCylinder_0,200,136.53677459144666,-13.463225408553347,0.12273798614309579
11980,FlexibleCylinder_1,450,135.90127331080012,-14.09872668919988,0.12273798614309579
11980,FlexibleCylinder_2,700,136.85840584770955,-13.141594152290452,0.12273798614309579
11980,FlexibleCylinder_3,950,137.99059727545307,-12.00940272454693,0.12273798614309579
